category,cap_number,cap_number_after_cutover,player_id,cap_name,grade,debut_moved,native_debut_season,native_debut_date,hybrid_debut_season,hybrid_debut_date,order_differs,hybrid_debut_precedes_cap_number
female,24,24,537,Sabrina Evans,Female A Grade,earlier,2025,2025-11-29,2025,2025-10-18,0,
male,80,80,29,Chris Hickman,A Grade,unknown,,,2009,2009-11-21,1,74
male,83,83,39,Raymond Smedley,A Grade,same,2003,2004-02-21,2003,2004-02-21,1,61
male,84,84,42,Ian Bray,A Grade,same,2004,2005-03-05,2004,2005-03-05,1,61
male,87,87,140,Bradley Smith,A Grade,same,2003,2003-10-11,2003,2003-10-11,1,61
male,89,89,424,Jeff Carlisle,A Grade,same,2003,2003-10-18,2003,2003-10-18,1,61
male,90,90,3,Darren Jeffrey,A Grade,same,2006,2007-03-04,2006,2007-03-04,1,74
male,91,91,9028,Nick Rostin,A Grade,unknown,,,2003,2003-10-25,1,61
male,93,93,7,Matthew Lloyd,A Grade,same,2003,2003-11-22,2003,2003-11-22,1,61
male,97,97,27,Anthony Brokate,A Grade,same,2003,2004-01-10,2003,2004-01-10,1,61
male,100,100,135,Craig White,A Grade,unknown,,,2003,2003-10-11,1,61
male,101,101,77,Cary Green,A Grade,unknown,,,2003,2003-10-11,1,61
male,102,102,59,Brendon King,A Grade,unknown,,,2003,2003-10-11,1,61
male,103,103,195,Ian White,A Grade,same,2003,2003-10-18,2003,2003-10-18,1,61
male,104,104,9033,Brad Holmes,A Grade,unknown,,,2003,2003-11-08,1,61
male,108,108,9037,Gary Hocking,A Grade,unknown,,,2003,2003-12-13,1,61
male,109,109,9034,Perry Allen,A Grade,unknown,,,2003,2004-02-28,1,61
male,110,110,9036,Michael Sprott,A Grade,unknown,,,2003,2004-02-28,1,61
male,112,112,98,Mitchell Green,A Grade,same,2004,2004-10-17,2004,2004-10-17,1,61
male,114,114,31,Michael Griffiths,A Grade,same,2004,2004-11-06,2004,2004-11-06,1,61
male,115,115,72,Simon Noble,A Grade,same,2004,2005-01-08,2004,2005-01-08,1,61
male,116,116,259,Wayde Blom,A Grade,same,2004,2005-02-19,2004,2005-02-19,1,61
male,117,117,302,Sean Nye,A Grade,same,2005,2005-10-15,2005,2005-10-15,1,61
male,118,118,244,Dean Friskin,A Grade,same,2005,2005-10-15,2005,2005-10-15,1,61
male,119,119,257,Bryce Jeffrey,A Grade,same,2005,2005-11-05,2005,2005-11-05,1,61
male,120,120,340,Jason Clarke,A Grade,same,2005,2005-11-12,2005,2005-11-12,1,61
male,121,121,378,Nathan Hogg,A Grade,same,2005,2005-11-19,2005,2005-11-19,1,61
male,122,122,125,Brennan Gillam,A Grade,same,2005,2005-12-03,2005,2005-12-03,1,61
male,123,123,112,Rod Tregenza,A Grade,same,2005,2005-12-03,2005,2005-12-03,1,61
male,124,124,9039,Chris King,A Grade,unknown,,,2005,2006-01-07,1,61
male,125,125,9038,Josh McGee,A Grade,unknown,,,2005,2006-01-28,1,61
male,126,126,18,Jason Young,A Grade,same,2006,2006-10-21,2006,2006-10-21,1,67
male,127,127,9030,Nathan Dovey,A Grade,unknown,,,2006,2006-10-21,1,67
male,128,128,9031,Tristan Clough,A Grade,unknown,,,2006,2006-10-28,1,67
male,129,129,754,Blake Anderson,A Grade,same,2006,2006-11-11,2006,2006-11-11,1,67
male,130,130,101,Joshua Quaid,A Grade,same,2006,2006-12-02,2006,2006-12-02,1,67
male,131,131,9035,Jake Withers,A Grade,unknown,,,2006,2006-12-23,1,74
male,132,132,138,Caden Mccarthy,A Grade,same,2006,2006-12-23,2006,2006-12-23,1,74
male,133,133,303,Jay Deeming,A Grade,unknown,,,2006,2007-03-17,1,74
male,134,134,46,Josh Petersen,A Grade,earlier,2006,2007-03-04,2005,2006-02-25,1,61
male,135,135,108,Andrew Pocklington,A Grade,same,2007,2007-10-13,2007,2007-10-13,1,74
male,136,136,63,Adam Whitehorn,A Grade,same,2007,2007-10-13,2007,2007-10-13,1,74
male,137,137,314,Jared King,A Grade,same,2007,2007-10-13,2007,2007-10-13,1,74
male,138,138,13,Dean Finlay,A Grade,same,2007,2007-10-27,2007,2007-10-27,1,74
male,139,139,129,Andrew Cocking,A Grade,same,2007,2007-10-27,2007,2007-10-27,1,74
male,140,140,189,Tim Shand,A Grade,same,2007,2007-12-15,2007,2007-12-15,1,74
male,141,141,71,Liam Blampied,A Grade,same,2007,2008-01-12,2007,2008-01-12,1,74
male,142,142,9,Grant Matthews,A Grade,same,2006,2007-02-24,2006,2007-02-24,1,74
male,144,144,64,Matthew Gordon,A Grade,same,2008,2008-10-11,2008,2008-10-11,1,74
male,145,145,172,Mathew Skender,A Grade,same,2008,2008-10-11,2008,2008-10-11,1,74
male,146,146,34,Richard Woods,A Grade,same,2008,2008-10-11,2008,2008-10-11,1,74
male,147,147,9041,Jason Sparrow,A Grade,unknown,,,2008,2008-11-08,1,74
male,148,148,17,Cameron Lucas,A Grade,same,2008,2008-11-29,2008,2008-11-29,1,74
male,149,149,9029,Toby Bairstow,A Grade,unknown,,,2008,2008-12-06,1,74
male,150,150,713,Wade Hall,A Grade,same,2009,2009-10-24,2009,2009-10-24,1,74
male,151,151,35,Ben Finlay,A Grade,same,2009,2009-10-31,2009,2009-10-31,1,74
male,152,152,210,Adam Dallmann,A Grade,same,2009,2009-12-05,2009,2009-12-05,1,74
male,153,153,93,Ashley Jeffrey,A Grade,same,2009,2009-12-12,2009,2009-12-12,1,74
male,154,154,359,Adrian Graham,A Grade,same,2010,2010-10-10,2010,2010-10-10,1,74
male,155,155,362,Phil Hall,A Grade,same,2010,2010-10-10,2010,2010-10-10,1,74
male,156,156,315,Al Kristensen,A Grade,same,2010,2010-10-10,2010,2010-10-10,1,74
male,157,157,191,James Matau,A Grade,same,2010,2010-10-16,2010,2010-10-16,1,74
male,158,158,131,Bradley Wiseman,A Grade,same,2010,2010-11-06,2010,2010-11-06,1,74
male,159,159,9040,Adam Clues,A Grade,unknown,,,2011,2011-10-08,1,74
male,160,160,281,Dan Kenny,A Grade,same,2011,2011-10-08,2011,2011-10-08,1,74
male,161,161,557,Rodney Shemeld,A Grade,same,2011,2011-10-08,2011,2011-10-08,1,74
male,162,162,11,Kyle Jeffrey,A Grade,same,2011,2011-10-08,2011,2011-10-08,1,74
male,163,163,530,Jessie Roe,A Grade,same,2011,2012-01-07,2011,2012-01-07,1,74
male,164,164,86,Cameron Burrage,A Grade,same,2011,2012-01-28,2011,2012-01-28,1,74
male,165,165,90,Jayden Matthews,A Grade,same,2010,2011-01-29,2010,2011-01-29,1,74
male,171,171,482,Timothy Lees,A Grade,earlier,2012,2012-12-08,2012,2012-12-01,0,
male,176,176,465,Luke Brock,A Grade,earlier,2013,2014-01-12,2013,2014-01-11,0,
male,179,179,160,Christopher Thomas,A Grade,later,2013,2014-01-12,2016,2016-11-12,0,
male,180,180,12,Peter Boyce,A Grade,later,2013,2014-02-09,2014,2015-02-21,1,179
male,184,184,430,Jacob Hodson,A Grade,same,2014,2014-10-04,2014,2014-10-04,1,179
male,185,185,317,Jake O'Byrne,A Grade,same,2014,2014-10-04,2014,2014-10-04,1,179
male,186,186,103,Daniel Baker,A Grade,same,2014,2014-10-12,2014,2014-10-12,1,179
male,187,187,209,Damien Burrage,A Grade,same,2014,2014-12-06,2014,2014-12-06,1,179
male,188,188,30,Scott Martin,A Grade,same,2015,2015-10-11,2015,2015-10-11,1,179
male,189,189,373,Daniel Higham,A Grade,same,2015,2015-10-11,2015,2015-10-11,1,179
male,190,190,60,Levi Muller,A Grade,earlier,2015,2015-11-14,2015,2015-10-17,1,179
male,191,191,427,James Capener,A Grade,earlier,2015,2015-11-14,2015,2015-10-17,1,179
male,192,192,56,Michael Chappell,A Grade,earlier,2015,2015-11-14,2015,2015-11-07,1,179
male,193,193,188,Joel Evans,A Grade,later,2015,2015-11-21,2015,2015-11-29,1,179
male,194,194,36,Jake Wyllie,A Grade,same,2015,2015-11-29,2015,2015-11-29,1,179
male,195,195,43,Jack Manuel,A Grade,same,2015,2016-02-06,2015,2016-02-06,1,179
male,196,196,128,Reid Klopper,A Grade,same,2016,2016-10-22,2016,2016-10-22,1,179
male,197,197,73,Lewis Starbuck,A Grade,earlier,2016,2016-12-04,2016,2016-11-05,1,179
male,202,202,319,Will Eason,A Grade,earlier,2017,2017-12-16,2017,2017-10-14,0,
male,203,203,379,Sam Pendlebury,A Grade,earlier,2017,2017-12-16,2017,2017-10-14,0,
male,206,206,23,Jarod Little,A Grade,earlier,2017,2017-12-16,2017,2017-12-02,0,
male,213,213,38,Corbin Little,A Grade,same,2018,2018-11-03,2018,2018-11-03,1,212
male,221,221,152,Andrew Pasco,A Grade,same,2018,2019-01-05,2018,2019-01-05,1,215
male,232,232,239,Noah Frunks,A Grade,earlier,2022,2023-02-11,2022,2022-11-19,1,231
