player_id,name,board,tier,status,direction,native_total,hybrid_total,native_crossed_season,native_crossed_date,hybrid_crossed_season,hybrid_crossed_date,reasons
1,Chris Phelps,games,100,moves,,406,407,,,2003,2004-02-21,games_rule; catches_rule; baseline_overlap; baseline_peel
1,Chris Phelps,games,150,moves,later,406,407,2005,2006-03-18,2006,2007-03-24,games_rule; catches_rule; baseline_overlap; baseline_peel
1,Chris Phelps,games,200,moves,later,406,407,2008,2009-03-14,2009,2010-02-20,games_rule; catches_rule; baseline_overlap; baseline_peel
1,Chris Phelps,games,250,moves,later,406,407,2012,2012-12-08,2013,2013-11-02,games_rule; catches_rule; baseline_overlap; baseline_peel
1,Chris Phelps,games,300,moves,later,406,407,2018,2018-11-10,2018,2019-01-12,games_rule; catches_rule; baseline_overlap; baseline_peel
1,Chris Phelps,games,350,moves,later,406,407,2021,2022-02-09,2021,2022-02-12,games_rule; catches_rule; baseline_overlap; baseline_peel
1,Chris Phelps,games,400,moves,earlier,406,407,2025,2026-01-17,2025,2025-12-20,games_rule; catches_rule; baseline_overlap; baseline_peel
2,Dale Burns,games,150,moves,later,369,376,2005,2005-10-29,2005,2006-02-25,games_rule; catches_rule; baseline_overlap; baseline_peel
2,Dale Burns,games,200,moves,later,369,376,2008,2009-03-21,2009,2009-12-05,games_rule; catches_rule; baseline_overlap; baseline_peel
2,Dale Burns,games,250,moves,later,369,376,2013,2014-03-22,2014,2014-10-25,games_rule; catches_rule; baseline_overlap; baseline_peel
2,Dale Burns,games,300,moves,earlier,369,376,2017,2017-10-28,2017,2017-10-21,games_rule; catches_rule; baseline_overlap; baseline_peel
2,Dale Burns,games,350,moves,earlier,369,376,2021,2021-11-06,2021,2021-10-09,games_rule; catches_rule; baseline_overlap; baseline_peel
3,Darren Jeffrey,games,100,moves,later,371,376,2006,2007-02-24,2007,2007-11-10,games_rule; catches_rule; baseline_peel
3,Darren Jeffrey,games,150,moves,later,371,376,2009,2010-02-06,2009,2010-03-27,games_rule; catches_rule; baseline_peel
3,Darren Jeffrey,games,200,moves,later,371,376,2012,2012-12-15,2012,2013-02-02,games_rule; catches_rule; baseline_peel
3,Darren Jeffrey,games,250,moves,earlier,371,376,2015,2016-02-13,2015,2016-02-06,games_rule; catches_rule; baseline_peel
3,Darren Jeffrey,games,300,moves,earlier,371,376,2018,2019-02-23,2018,2019-02-16,games_rule; catches_rule; baseline_peel
3,Darren Jeffrey,games,350,moves,earlier,371,376,2024,2024-11-30,2023,2024-03-10,games_rule; catches_rule; baseline_peel
4,Matthew Guyton,games,100,moves,later,352,356,2008,2009-01-31,2008,2009-02-21,games_rule; catches_rule; baseline_peel
4,Matthew Guyton,games,200,moves,earlier,352,356,2015,2016-02-06,2015,2015-12-05,games_rule; catches_rule; baseline_peel
4,Matthew Guyton,games,250,moves,earlier,352,356,2019,2020-02-15,2019,2019-11-16,games_rule; catches_rule; baseline_peel
4,Matthew Guyton,games,300,moves,earlier,352,356,2023,2023-10-21,2022,2023-03-25,games_rule; catches_rule; baseline_peel
4,Matthew Guyton,games,350,moves,earlier,352,356,2025,2026-02-28,2025,2026-01-31,games_rule; catches_rule; baseline_peel
5,Colin Birdsall,games,250,moves,earlier,350,362,2014,2014-12-06,2014,2014-11-08,games_rule; catches_rule; baseline_overlap; baseline_peel
5,Colin Birdsall,games,300,moves,earlier,350,362,2017,2018-02-17,2017,2017-12-02,games_rule; catches_rule; baseline_overlap; baseline_peel
5,Colin Birdsall,games,350,moves,earlier,350,362,2022,2023-02-18,2021,2022-01-15,games_rule; catches_rule; baseline_overlap; baseline_peel
6,Peter Wyllie,games,200,moves,later,342,346,2003,2003-10-25,2003,2003-11-15,games_rule; catches_rule; baseline_peel
6,Peter Wyllie,games,250,moves,later,342,346,2006,2006-12-09,2006,2007-01-20,games_rule; catches_rule; baseline_peel
6,Peter Wyllie,games,300,moves,earlier,342,346,2009,2010-02-06,2009,2010-01-09,games_rule; catches_rule; baseline_peel
7,Matthew Lloyd,games,100,moves,later,295,299,2009,2009-10-24,2009,2009-11-14,games_rule; catches_rule; baseline_overlap; baseline_peel
7,Matthew Lloyd,games,150,moves,later,295,299,2012,2012-12-08,2012,2012-12-15,games_rule; catches_rule; baseline_overlap; baseline_peel
7,Matthew Lloyd,games,250,moves,earlier,295,299,2019,2019-11-02,2019,2019-10-19,games_rule; catches_rule; baseline_overlap; baseline_peel
8,Roger Wren,games,250,moves,earlier,291,293,2008,2008-11-08,2008,2008-11-01,games_rule; catches_rule; baseline_peel
9,Grant Matthews,games,100,moves,earlier,273,281,2013,2013-11-16,2013,2013-10-26,games_rule; catches_rule; baseline_overlap; baseline_peel
9,Grant Matthews,games,150,moves,earlier,273,281,2016,2016-10-15,2015,2016-01-30,games_rule; catches_rule; baseline_overlap; baseline_peel
9,Grant Matthews,games,200,moves,earlier,273,281,2020,2021-03-20,2020,2020-12-19,games_rule; catches_rule; baseline_overlap; baseline_peel
9,Grant Matthews,games,250,moves,earlier,273,281,2024,2024-10-19,2023,2024-01-13,games_rule; catches_rule; baseline_overlap; baseline_peel
9,Grant Matthews,runs,2000,moves,earlier,5290,5285,2013,2013-11-16,2013,2013-11-02,games_rule; catches_rule; baseline_overlap; baseline_peel
9,Grant Matthews,runs,3000,moves,earlier,5290,5285,2016,2016-12-10,2016,2016-12-03,games_rule; catches_rule; baseline_overlap; baseline_peel
9,Grant Matthews,runs,5000,moves,earlier,5290,5285,2024,2025-03-22,2024,2025-02-22,games_rule; catches_rule; baseline_overlap; baseline_peel
9,Grant Matthews,wickets,100,moves,later,210,208,2013,2014-02-09,2013,2014-02-15,games_rule; catches_rule; baseline_overlap; baseline_peel
9,Grant Matthews,wickets,150,moves,later,210,208,2015,2016-01-09,2016,2016-10-22,games_rule; catches_rule; baseline_overlap; baseline_peel
9,Grant Matthews,wickets,200,moves,later,210,208,2023,2023-11-25,2023,2023-12-16,games_rule; catches_rule; baseline_overlap; baseline_peel
10,Chris Baker,games,100,moves,later,261,266,2003,2003-11-15,2003,2003-11-22,games_rule; baseline_overlap; baseline_peel
10,Chris Baker,games,150,moves,later,261,266,2006,2006-11-18,2006,2006-11-25,games_rule; baseline_overlap; baseline_peel
10,Chris Baker,games,250,moves,earlier,261,266,2014,2015-01-10,2014,2014-12-06,games_rule; baseline_overlap; baseline_peel
11,Kyle Jeffrey,games,100,moves,earlier,255,263,2012,2012-12-22,2012,2012-11-10,games_rule; catches_rule; baseline_overlap; baseline_peel; grade_reclassified
11,Kyle Jeffrey,games,150,moves,earlier,255,263,2015,2015-11-14,2014,2015-03-14,games_rule; catches_rule; baseline_overlap; baseline_peel; grade_reclassified
11,Kyle Jeffrey,games,200,moves,earlier,255,263,2023,2023-10-28,2018,2019-01-05,games_rule; catches_rule; baseline_overlap; baseline_peel; grade_reclassified
11,Kyle Jeffrey,games,250,moves,earlier,255,263,2025,2026-02-14,2025,2025-11-29,games_rule; catches_rule; baseline_overlap; baseline_peel; grade_reclassified
12,Peter Boyce,games,100,moves,earlier,255,265,2013,2013-11-30,2013,2013-10-26,games_rule; catches_rule; baseline_overlap; baseline_peel
12,Peter Boyce,games,150,moves,earlier,255,265,2016,2017-01-07,2016,2016-11-05,games_rule; catches_rule; baseline_overlap; baseline_peel
12,Peter Boyce,games,200,moves,earlier,255,265,2020,2020-10-31,2019,2019-11-30,games_rule; catches_rule; baseline_overlap; baseline_peel
12,Peter Boyce,games,250,moves,earlier,255,265,2025,2026-01-31,2024,2025-03-22,games_rule; catches_rule; baseline_overlap; baseline_peel
13,Dean Finlay,games,100,moves,earlier,248,254,2009,2009-10-10,2008,2009-03-07,games_rule; catches_rule; baseline_overlap; baseline_peel
13,Dean Finlay,games,150,moves,earlier,248,254,2013,2013-11-30,2013,2013-11-09,games_rule; catches_rule; baseline_overlap; baseline_peel
13,Dean Finlay,games,200,moves,earlier,248,254,2016,2016-10-29,2015,2016-02-20,games_rule; catches_rule; baseline_overlap; baseline_peel
13,Dean Finlay,games,250,appears,,248,254,,,2018,2019-01-12,games_rule; catches_rule; baseline_overlap; baseline_peel
14,Martin Crump,games,200,moves,earlier,249,254,2013,2013-11-16,2013,2013-10-13,games_rule; catches_rule; baseline_peel
14,Martin Crump,games,250,appears,,249,254,,,2016,2017-02-18,games_rule; catches_rule; baseline_peel
15,Ashley Wyborn,games,100,moves,earlier,240,249,2015,2015-12-19,2015,2015-11-07,games_rule; catches_rule; baseline_peel
15,Ashley Wyborn,games,150,moves,earlier,240,249,2018,2019-02-02,2018,2018-11-17,games_rule; catches_rule; baseline_peel
15,Ashley Wyborn,games,200,moves,earlier,240,249,2021,2022-02-19,2021,2021-11-27,games_rule; catches_rule; baseline_peel
16,Leigh Burns,games,150,moves,later,230,234,2014,2014-11-22,2014,2014-12-20,games_rule; baseline_overlap; baseline_peel
16,Leigh Burns,games,200,moves,earlier,230,234,2018,2019-01-05,2018,2018-12-22,games_rule; baseline_overlap; baseline_peel
17,Cameron Lucas,games,100,moves,earlier,210,219,2013,2013-12-14,2013,2013-11-23,games_rule; catches_rule; baseline_overlap; baseline_peel
17,Cameron Lucas,games,150,moves,earlier,210,219,2016,2016-11-19,2016,2016-10-08,games_rule; catches_rule; baseline_overlap; baseline_peel
17,Cameron Lucas,games,200,moves,earlier,210,219,2025,2025-10-11,2024,2024-11-16,games_rule; catches_rule; baseline_overlap; baseline_peel
18,Jason Young,games,100,moves,earlier,202,213,2018,2018-10-27,2017,2017-12-02,games_rule; catches_rule; baseline_overlap; baseline_peel
18,Jason Young,games,150,moves,earlier,202,213,2022,2022-11-05,2021,2021-12-11,games_rule; catches_rule; baseline_overlap; baseline_peel
18,Jason Young,games,200,moves,earlier,202,213,2025,2026-02-28,2025,2025-11-15,games_rule; catches_rule; baseline_overlap; baseline_peel
18,Jason Young,runs,1000,moves,earlier,4127,4127,2014,2014-10-04,2013,2014-02-22,games_rule; catches_rule; baseline_overlap; baseline_peel
18,Jason Young,runs,2000,moves,earlier,4127,4127,2019,2019-11-16,2019,2019-11-09,games_rule; catches_rule; baseline_overlap; baseline_peel
18,Jason Young,runs,3000,moves,earlier,4127,4127,2023,2023-10-21,2023,2023-10-07,games_rule; catches_rule; baseline_overlap; baseline_peel
19,Dennis Bland,games,150,moves,earlier,212,215,2010,2010-10-09,2009,2010-03-27,games_rule; catches_rule; baseline_peel
19,Dennis Bland,games,200,moves,earlier,212,215,2014,2015-02-14,2014,2015-01-31,games_rule; catches_rule; baseline_peel
20,James Woods,games,100,moves,earlier,207,211,2011,2011-11-12,2011,2011-11-05,games_rule; catches_rule; baseline_peel
20,James Woods,games,150,moves,earlier,207,211,2014,2014-10-04,2013,2014-03-15,games_rule; catches_rule; baseline_peel
20,James Woods,games,200,moves,earlier,207,211,2018,2018-10-27,2017,2018-02-03,games_rule; catches_rule; baseline_peel
21,Paul Gillam,games,200,moves,later,205,205,2006,2006-11-11,2009,2009-11-21,
22,Justin Lockyer,games,200,moves,earlier,211,212,2008,2008-11-08,2008,2008-11-01,games_rule; catches_rule; baseline_peel
23,Jarod Little,games,100,moves,earlier,203,211,2021,2021-10-09,2020,2021-03-13,games_rule; catches_rule; baseline_overlap; baseline_peel
23,Jarod Little,games,150,moves,earlier,203,211,2023,2024-01-13,2023,2023-11-18,games_rule; catches_rule; baseline_overlap; baseline_peel
23,Jarod Little,games,200,moves,earlier,203,211,2025,2026-03-07,2025,2026-01-17,games_rule; catches_rule; baseline_overlap; baseline_peel
24,Simon King,games,100,moves,earlier,188,193,2017,2018-01-13,2017,2017-12-09,games_rule; catches_rule; baseline_overlap; baseline_peel
24,Simon King,games,150,moves,earlier,188,193,2020,2021-02-06,2020,2020-12-12,games_rule; catches_rule; baseline_overlap; baseline_peel
25,Cameron Hill,games,100,moves,later,189,192,2005,2006-01-21,2005,2006-01-28,games_rule; catches_rule; baseline_peel
25,Cameron Hill,games,150,moves,earlier,189,192,2023,2024-02-17,2023,2024-02-03,games_rule; catches_rule; baseline_peel
26,Andrew Kelman,games,100,moves,later,186,186,2007,2008-03-15,2008,2008-11-08,games_rule; catches_rule; baseline_peel
26,Andrew Kelman,games,150,moves,later,186,186,2011,2011-12-03,2011,2011-12-17,games_rule; catches_rule; baseline_peel
27,Anthony Brokate,games,100,moves,earlier,195,207,2012,2013-02-16,2012,2012-12-15,games_rule; catches_rule; baseline_overlap; baseline_peel
27,Anthony Brokate,games,150,moves,earlier,195,207,2020,2020-12-05,2016,2017-02-18,games_rule; catches_rule; baseline_overlap; baseline_peel
27,Anthony Brokate,games,200,appears,,195,207,,,2025,2025-12-20,games_rule; catches_rule; baseline_overlap; baseline_peel
28,Wesley Naidoo,games,100,moves,earlier,216,220,2017,2018-03-03,2017,2018-02-17,extra_central_match; games_rule; catches_rule; baseline_overlap; baseline_peel; unexplained
28,Wesley Naidoo,games,150,moves,earlier,216,220,2022,2022-11-05,2022,2022-10-08,extra_central_match; games_rule; catches_rule; baseline_overlap; baseline_peel; unexplained
28,Wesley Naidoo,games,200,moves,earlier,216,220,2024,2025-01-18,2024,2024-12-07,extra_central_match; games_rule; catches_rule; baseline_overlap; baseline_peel; unexplained
29,Chris Hickman,games,100,moves,later,183,186,2005,2005-12-03,2005,2005-12-17,games_rule; catches_rule; baseline_peel
29,Chris Hickman,games,150,moves,later,183,186,2010,2010-11-27,2010,2010-12-04,games_rule; catches_rule; baseline_peel
30,Scott Martin,games,100,moves,earlier,196,208,2020,2021-01-16,2020,2020-11-14,games_rule; catches_rule; baseline_overlap; baseline_peel; grade_reclassified
30,Scott Martin,games,150,moves,earlier,196,208,2023,2023-10-14,2022,2022-12-10,games_rule; catches_rule; baseline_overlap; baseline_peel; grade_reclassified
30,Scott Martin,games,200,appears,,196,208,,,2024,2025-03-01,games_rule; catches_rule; baseline_overlap; baseline_peel; grade_reclassified
31,Michael Griffiths,games,100,moves,earlier,183,193,2012,2012-10-27,2011,2012-03-24,games_rule; catches_rule; baseline_peel
31,Michael Griffiths,games,150,moves,earlier,183,193,2015,2015-10-17,2014,2014-12-20,games_rule; catches_rule; baseline_peel
31,Michael Griffiths,runs,1000,moves,earlier,3074,3074,2006,2007-02-03,2006,2006-12-16,games_rule; catches_rule; baseline_peel
31,Michael Griffiths,runs,2000,moves,earlier,3074,3074,2013,2013-11-02,2012,2013-03-23,games_rule; catches_rule; baseline_peel
31,Michael Griffiths,runs,3000,moves,earlier,3074,3074,2025,2026-02-14,2025,2026-01-31,games_rule; catches_rule; baseline_peel
32,Ryan Burns,games,100,moves,earlier,167,177,2014,2015-02-14,2014,2014-12-06,games_rule; baseline_overlap; baseline_peel
32,Ryan Burns,games,150,moves,earlier,167,177,2017,2018-02-10,2017,2017-11-18,games_rule; baseline_overlap; baseline_peel
32,Ryan Burns,runs,1000,moves,earlier,4092,4111,2011,2011-11-12,2011,2011-10-15,games_rule; baseline_overlap; baseline_peel
32,Ryan Burns,runs,2000,moves,earlier,4092,4111,2013,2013-11-23,2013,2013-11-09,games_rule; baseline_overlap; baseline_peel
33,Rodney Dixon,games,100,moves,earlier,169,174,2012,2012-10-20,2011,2012-03-10,games_rule; catches_rule; baseline_peel
33,Rodney Dixon,games,150,moves,earlier,169,174,2015,2015-11-07,2015,2015-10-10,games_rule; catches_rule; baseline_peel
34,Richard Woods,games,100,moves,earlier,178,189,2013,2013-12-14,2013,2013-10-26,games_rule; catches_rule; baseline_peel
34,Richard Woods,games,150,moves,earlier,178,189,2022,2023-01-14,2022,2022-10-08,games_rule; catches_rule; baseline_peel
35,Ben Finlay,games,100,moves,earlier,161,167,2014,2015-03-07,2014,2015-02-14,games_rule; baseline_overlap; baseline_peel
35,Ben Finlay,games,150,moves,earlier,161,167,2022,2022-10-08,2018,2019-01-12,games_rule; baseline_overlap; baseline_peel
35,Ben Finlay,wickets,100,moves,earlier,104,106,2022,2022-10-08,2017,2018-02-17,games_rule; baseline_overlap; baseline_peel
36,Jake Wyllie,games,100,moves,earlier,161,171,2022,2022-12-17,2022,2022-10-29,games_rule; catches_rule; baseline_overlap; baseline_peel
36,Jake Wyllie,games,150,moves,earlier,161,171,2025,2026-01-10,2025,2025-10-11,games_rule; catches_rule; baseline_overlap; baseline_peel
38,Corbin Little,games,100,moves,earlier,146,151,2020,2021-01-09,2020,2020-11-28,games_rule; catches_rule; baseline_overlap; baseline_peel
38,Corbin Little,games,150,appears,,146,151,,,2025,2026-03-07,games_rule; catches_rule; baseline_overlap; baseline_peel
39,Raymond Smedley,games,100,moves,earlier,163,165,2005,2006-03-18,2005,2006-03-11,games_rule; catches_rule; baseline_overlap; baseline_peel
39,Raymond Smedley,games,150,moves,earlier,163,165,2011,2011-10-29,2010,2011-03-12,games_rule; catches_rule; baseline_overlap; baseline_peel
40,Angus Kent,games,100,moves,earlier,142,148,2022,2022-10-15,2021,2022-01-29,games_rule; catches_rule; baseline_overlap; baseline_peel
41,Elliot Foote,games,100,moves,earlier,146,153,2018,2019-02-16,2018,2018-12-22,games_rule; catches_rule; baseline_overlap; baseline_peel
41,Elliot Foote,games,150,appears,,146,153,,,2025,2026-02-21,games_rule; catches_rule; baseline_overlap; baseline_peel
42,Ian Bray,games,100,moves,later,163,163,2006,2006-10-21,2006,2006-11-04,
43,Jack Manuel,games,100,moves,earlier,147,161,2023,2024-02-17,2023,2023-11-11,games_rule; catches_rule; baseline_overlap; baseline_peel
43,Jack Manuel,games,150,appears,,147,161,,,2025,2025-12-20,games_rule; catches_rule; baseline_overlap; baseline_peel
44,Josh Rudge,games,100,moves,earlier,148,157,2023,2024-01-23,2023,2023-11-25,games_rule; catches_rule; baseline_peel
44,Josh Rudge,games,150,appears,,148,157,,,2025,2026-02-14,games_rule; catches_rule; baseline_peel
46,Josh Petersen,games,100,moves,earlier,161,176,2013,2014-03-22,2013,2013-12-07,games_rule; catches_rule; baseline_overlap; baseline_peel; grade_reclassified
46,Josh Petersen,games,150,moves,earlier,161,176,2016,2017-03-11,2016,2016-11-12,games_rule; catches_rule; baseline_overlap; baseline_peel; grade_reclassified
47,Dan Howell,games,100,moves,,202,151,,,2014,2015-02-21,games_rule; catches_rule; baseline_peel; unexplained
47,Dan Howell,games,150,moves,later,202,151,2014,2014-12-13,2019,2019-10-26,games_rule; catches_rule; baseline_peel; unexplained
47,Dan Howell,games,200,disappears,,202,151,2018,2018-12-22,,,games_rule; catches_rule; baseline_peel; unexplained
47,Dan Howell,runs,1000,moves,,2277,1382,,,2014,2015-02-21,games_rule; catches_rule; baseline_peel; unexplained
47,Dan Howell,runs,2000,disappears,,2277,1382,2015,2015-12-12,,,games_rule; catches_rule; baseline_peel; unexplained
47,Dan Howell,wickets,100,moves,,256,233,,,2005,2005-10-15,games_rule; catches_rule; baseline_peel; unexplained
47,Dan Howell,wickets,150,moves,later,256,233,2006,2007-01-06,2010,2010-11-13,games_rule; catches_rule; baseline_peel; unexplained
47,Dan Howell,wickets,200,moves,later,256,233,2015,2016-01-09,2016,2017-03-11,games_rule; catches_rule; baseline_peel; unexplained
48,David Allen,games,100,moves,earlier,144,150,2019,2020-02-15,2019,2019-11-02,games_rule; catches_rule; baseline_peel
48,David Allen,games,150,appears,,144,150,,,2023,2024-03-10,games_rule; catches_rule; baseline_peel
49,Peter Knight,games,100,moves,earlier,133,139,2022,2022-12-17,2022,2022-11-12,games_rule; catches_rule; baseline_peel
50,Doug Mccarthy,games,100,moves,earlier,142,143,2013,2014-02-22,2013,2014-02-16,games_rule; catches_rule; baseline_peel
53,Andrew White,games,100,moves,earlier,134,139,2014,2014-10-04,2013,2014-02-22,games_rule; catches_rule; baseline_peel
54,Lachlan Kinna,games,100,moves,earlier,138,148,2018,2018-10-27,2017,2018-02-03,games_rule; catches_rule; baseline_overlap; baseline_peel
55,Damian Billing,games,100,moves,earlier,120,125,2021,2022-02-19,2021,2021-12-18,games_rule; baseline_overlap; baseline_peel
56,Michael Chappell,games,100,moves,earlier,131,137,2020,2021-01-30,2020,2020-12-05,games_rule; catches_rule; baseline_overlap; baseline_peel; grade_reclassified
58,Alec Smith,games,100,moves,earlier,132,139,2023,2023-12-02,2023,2023-10-21,games_rule; catches_rule; baseline_peel
60,Levi Muller,games,100,moves,earlier,132,139,2021,2021-12-18,2021,2021-10-30,games_rule; catches_rule; baseline_overlap; baseline_peel
62,Stuart Ball,games,100,moves,earlier,122,125,2022,2022-11-26,2022,2022-11-13,games_rule; catches_rule; baseline_peel
63,Adam Whitehorn,games,100,moves,earlier,162,172,2014,2014-10-11,2013,2014-02-23,games_rule; catches_rule; baseline_peel
63,Adam Whitehorn,games,150,moves,earlier,162,172,2021,2022-01-15,2016,2017-03-18,games_rule; catches_rule; baseline_peel
64,Matthew Gordon,games,100,moves,earlier,118,135,2015,2015-10-11,2013,2014-03-15,games_rule; catches_rule; baseline_peel; grade_reclassified
66,Alex Dillon,games,100,moves,earlier,122,132,2016,2017-03-11,2016,2016-10-22,games_rule; catches_rule; baseline_peel
67,Craig Lines,games,100,moves,earlier,109,114,2021,2021-11-27,2021,2021-10-16,games_rule; catches_rule; baseline_peel
68,Eric Cocking,games,100,moves,earlier,130,135,2015,2016-02-27,2015,2016-01-16,games_rule; catches_rule; baseline_peel
69,Hugo Young,games,100,moves,earlier,115,119,2025,2025-11-29,2025,2025-11-09,extra_central_match; games_rule; catches_rule; baseline_overlap; baseline_peel; unexplained
70,James Skeels,games,100,moves,earlier,118,119,2024,2025-01-11,2024,2024-12-07,extra_central_match; games_rule; catches_rule; baseline_peel; unexplained
71,Liam Blampied,games,100,moves,earlier,105,112,2013,2014-02-15,2013,2013-11-09,games_rule
72,Simon Noble,games,100,moves,later,111,111,2011,2011-10-29,2011,2011-11-05,
73,Lewis Starbuck,games,100,moves,earlier,105,110,2022,2023-02-11,2022,2022-10-29,games_rule; catches_rule; baseline_overlap; baseline_peel
75,Jacob Barnes,games,100,moves,earlier,109,110,2025,2026-01-10,2025,2025-12-20,extra_central_match; games_rule; catches_rule; baseline_overlap; baseline_peel; unexplained
76,Peter Harmer,games,100,moves,earlier,102,105,2016,2017-03-11,2016,2016-12-03,games_rule; catches_rule; baseline_peel
77,Cary Green,games,100,appears,,99,104,,,2013,2014-02-17,games_rule; catches_rule; baseline_peel
78,Aaron Fitzpatrick,games,100,moves,earlier,101,103,2014,2015-02-14,2013,2013-12-01,games_rule; catches_rule; baseline_peel
81,Timothy Miles,games,100,appears,,97,103,,,2025,2026-03-07,games_rule; catches_rule; baseline_peel
83,Leigh Elder,games,100,moves,earlier,100,103,2011,2012-03-17,2011,2012-02-18,games_rule; catches_rule; baseline_peel
84,Dustin Robinson,games,100,moves,earlier,111,114,2023,2023-11-18,2023,2023-10-28,games_rule; catches_rule; baseline_overlap; baseline_peel
85,Mitchell Morley,games,100,moves,earlier,108,110,2023,2023-10-07,2022,2023-03-11,games_rule; catches_rule; baseline_overlap; baseline_peel
86,Cameron Burrage,games,100,appears,,99,111,,,2016,2017-01-07,games_rule; catches_rule; baseline_peel
90,Jayden Matthews,games,100,appears,,99,106,,,2015,2016-02-27,games_rule; catches_rule; baseline_peel
91,Jeff Dillon,games,100,moves,later,150,152,2012,2013-02-02,2012,2013-02-09,games_rule; catches_rule; baseline_peel
91,Jeff Dillon,games,150,moves,earlier,150,152,2016,2017-02-18,2015,2016-03-12,games_rule; catches_rule; baseline_peel
92,Matt Newton,games,100,appears,,98,103,,,2017,2018-03-17,games_rule; catches_rule; baseline_peel
94,Craig Ford,games,100,appears,,98,101,,,2025,2026-03-07,extra_central_match; games_rule; catches_rule; baseline_overlap; baseline_peel; unexplained
123,Mitchell Felton,games,100,moves,earlier,187,201,2018,2019-01-05,2017,2018-03-03,games_rule; catches_rule; baseline_overlap; baseline_peel
123,Mitchell Felton,games,150,moves,earlier,187,201,2023,2024-03-02,2022,2023-03-25,games_rule; catches_rule; baseline_overlap; baseline_peel
123,Mitchell Felton,games,200,appears,,187,201,,,2025,2026-03-14,games_rule; catches_rule; baseline_overlap; baseline_peel
143,Philip Head,games,100,appears,,97,101,,,2025,2026-03-07,games_rule; catches_rule; baseline_peel
