native_player_id,native_name,reasons,detail,candidates,decision,participant_id,note
424,Jeff Carlisle,AMBIGUOUS,4801dbb8-3f0c-4a38-8e23-0f94d6cf806e: weak evidence only (presence/name tie-break); single line without strong evidence,4801dbb8-3f0c-4a38-8e23-0f94d6cf806e (J Carlisle) x1 s0/m0/w1,map,4801dbb8-3f0c-4a38-8e23-0f94d6cf806e,
535,Kaedyn Billing,WEAK_ONLY,9a48947a-29e4-47e3-b8b2-3d262cfb7bfd: 1 weak line(s) only (presence/name tie-break),a12e5381-d761-45d5-922b-04fb8194fb15 (K Billing) x3 s3/m0/w0 | 9a48947a-29e4-47e3-b8b2-3d262cfb7bfd (K Billing) x1 s0/m0/w1,map,a12e5381-d761-45d5-922b-04fb8194fb15,
545,Hayze Griffiths,WEAK_ONLY,8bc46cf5-9626-49c3-82c2-74adefef8db6: 2 weak line(s) only (presence/name tie-break),8ac43a35-c5b1-44a4-9d90-97179cbd99c8 (H Griffiths) x2 s2/m0/w0 | 8bc46cf5-9626-49c3-82c2-74adefef8db6 (H Griffiths) x2 s0/m0/w2,map,8ac43a35-c5b1-44a4-9d90-97179cbd99c8,
572,Jazz Jones,WEAK_ONLY,f39dc157-299d-407d-b1a8-76067caa7e40: 1 weak line(s) only (presence/name tie-break),d0bdfa49-5e65-49ff-aa3f-96b0032276e0 (J Jones) x2 s1/m0/w1 | f39dc157-299d-407d-b1a8-76067caa7e40 (J Jones) x1 s0/m0/w1,map,d0bdfa49-5e65-49ff-aa3f-96b0032276e0,
761,Ryan Day,AMBIGUOUS,91698938-9288-4296-98cd-f1d858b9a277: weak evidence only (presence/name tie-break); single line without strong evidence,91698938-9288-4296-98cd-f1d858b9a277 (R Day) x1 s0/m0/w1,map,91698938-9288-4296-98cd-f1d858b9a277,
763,Aaron Gillard,AMBIGUOUS,ce2ac796-3419-407f-be33-e0d2065e60b5: weak evidence only (presence/name tie-break); single line without strong evidence,ce2ac796-3419-407f-be33-e0d2065e60b5 (A Gillard) x1 s0/m0/w1,map,ce2ac796-3419-407f-be33-e0d2065e60b5,
769,Antony Radunovich,AMBIGUOUS,92e18443-ca85-4a15-a75d-c024110b2a15: weak evidence only (presence/name tie-break); single line without strong evidence,92e18443-ca85-4a15-a75d-c024110b2a15 (A Radunovich) x1 s0/m0/w1,map,92e18443-ca85-4a15-a75d-c024110b2a15,
9024,Des de Vaurno,AMBIGUOUS,7fb02140-6031-4bc8-902d-708b5d809463: weak evidence only (presence/name tie-break); single line without strong evidence,7fb02140-6031-4bc8-902d-708b5d809463 (D de Vaurno) x1 s0/m0/w1,map,7fb02140-6031-4bc8-902d-708b5d809463,
9025,Murray Ockwell,AMBIGUOUS,c4a238bb-7803-4ca5-9ce3-eb86b76a367a: weak evidence only (presence/name tie-break); single line without strong evidence,c4a238bb-7803-4ca5-9ce3-eb86b76a367a (M Ockwell) x1 s0/m0/w1,map,c4a238bb-7803-4ca5-9ce3-eb86b76a367a,
