player_id,name,grade,flag,seasons
1,Chris Phelps,A Grade,CENTRAL_SEASONS_NOT_IN_NATIVE,2016/17
1,Chris Phelps,A Grade,PEELED_CENTRAL_SEASONS,2003/04 2004/05 2005/06 2006/07 2007/08 2008/09 2009/10 2010/11 2011/12 2012/13 2013/14 2014/15 2015/16 2017/18 2018/19 2019/20 2020/21 2021/22 2022/23 2023/24 2024/25 2025/26
1,Chris Phelps,B Grade,PEELED_CENTRAL_SEASONS,2004/05 2007/08 2010/11 2012/13 2013/14 2015/16 2020/21 2021/22 2023/24 2024/25 2025/26
1,Chris Phelps,C Grade,PEELED_CENTRAL_SEASONS,2015/16
1,Chris Phelps,E Grade,PEELED_CENTRAL_SEASONS,2025/26
1,Chris Phelps,PPL,PEELED_CENTRAL_SEASONS,2019/20 2021/22
2,Dale Burns,A Grade,PEELED_CENTRAL_SEASONS,2003/04 2004/05 2005/06 2006/07 2007/08 2008/09 2009/10 2010/11 2011/12 2018/19 2019/20
2,Dale Burns,B Grade,CENTRAL_SEASONS_NOT_IN_NATIVE,2017/18
2,Dale Burns,B Grade,PEELED_CENTRAL_SEASONS,2004/05 2007/08 2010/11 2011/12 2012/13 2014/15 2019/20 2020/21
2,Dale Burns,C Grade,PEELED_CENTRAL_SEASONS,2007/08 2013/14 2014/15 2015/16 2016/17 2017/18
2,Dale Burns,D Grade,PEELED_CENTRAL_SEASONS,2007/08 2012/13 2014/15 2018/19 2019/20 2021/22
2,Dale Burns,E Grade,PEELED_CENTRAL_SEASONS,2022/23 2024/25
3,Darren Jeffrey,A Grade,PEELED_CENTRAL_SEASONS,2006/07 2011/12
3,Darren Jeffrey,B Grade,PEELED_CENTRAL_SEASONS,2004/05 2005/06 2006/07 2007/08 2008/09 2009/10 2010/11 2011/12 2012/13 2013/14 2018/19
3,Darren Jeffrey,C Grade,PEELED_CENTRAL_SEASONS,2006/07 2007/08 2008/09 2009/10 2010/11 2012/13 2013/14 2014/15 2015/16 2016/17 2017/18
3,Darren Jeffrey,D Grade,PEELED_CENTRAL_SEASONS,2012/13 2014/15 2015/16 2016/17 2017/18 2018/19 2019/20 2020/21 2022/23 2024/25 2025/26
3,Darren Jeffrey,E Grade,PEELED_CENTRAL_SEASONS,2021/22 2022/23 2023/24 2024/25 2025/26
3,Darren Jeffrey,F Grade,PEELED_CENTRAL_SEASONS,2020/21 2023/24
4,Matthew Guyton,A Grade,PEELED_CENTRAL_SEASONS,2003/04 2004/05 2005/06 2006/07 2007/08 2008/09 2009/10 2010/11 2018/19 2023/24
4,Matthew Guyton,B Grade,PEELED_CENTRAL_SEASONS,2004/05 2005/06 2006/07 2007/08 2010/11 2011/12 2014/15 2018/19 2019/20 2020/21 2022/23 2023/24
4,Matthew Guyton,C Grade,PEELED_CENTRAL_SEASONS,2005/06 2006/07 2011/12 2013/14 2014/15 2015/16 2017/18 2022/23
4,Matthew Guyton,D Grade,PEELED_CENTRAL_SEASONS,2012/13 2014/15 2015/16 2017/18 2019/20 2020/21 2021/22
4,Matthew Guyton,E Grade,PEELED_CENTRAL_SEASONS,2022/23 2024/25 2025/26
4,Matthew Guyton,F Grade,PEELED_CENTRAL_SEASONS,2016/17
5,Colin Birdsall,B Grade,CENTRAL_SEASONS_NOT_IN_NATIVE,2013/14
5,Colin Birdsall,B Grade,PEELED_CENTRAL_SEASONS,2015/16
5,Colin Birdsall,C Grade,PEELED_CENTRAL_SEASONS,2004/05 2006/07
5,Colin Birdsall,D Grade,PEELED_CENTRAL_SEASONS,2005/06 2006/07 2007/08 2008/09 2011/12 2017/18 2018/19 2019/20
5,Colin Birdsall,E Grade,PEELED_CENTRAL_SEASONS,2009/10 2010/11 2011/12 2012/13 2017/18 2022/23
5,Colin Birdsall,F Grade,PEELED_CENTRAL_SEASONS,2013/14 2014/15 2015/16 2016/17 2020/21 2021/22
6,Peter Wyllie,A Grade,PEELED_CENTRAL_SEASONS,2003/04 2004/05 2005/06 2006/07 2009/10
6,Peter Wyllie,B Grade,PEELED_CENTRAL_SEASONS,2005/06 2006/07 2010/11 2011/12
6,Peter Wyllie,C Grade,PEELED_CENTRAL_SEASONS,2006/07 2007/08 2008/09 2011/12 2012/13 2013/14 2015/16
6,Peter Wyllie,D Grade,PEELED_CENTRAL_SEASONS,2014/15 2019/20
7,Matthew Lloyd,B Grade,PEELED_CENTRAL_SEASONS,2004/05 2005/06 2006/07 2007/08 2008/09 2011/12 2013/14 2014/15 2018/19 2019/20 2020/21
7,Matthew Lloyd,C Grade,CENTRAL_SEASONS_NOT_IN_NATIVE,2004/05
7,Matthew Lloyd,C Grade,PEELED_CENTRAL_SEASONS,2006/07 2007/08 2008/09 2009/10 2010/11 2011/12 2012/13 2013/14 2014/15 2015/16 2016/17 2017/18
7,Matthew Lloyd,D Grade,PEELED_CENTRAL_SEASONS,2005/06 2008/09 2010/11 2011/12 2012/13 2013/14 2016/17 2017/18 2018/19 2019/20 2020/21 2021/22 2022/23
7,Matthew Lloyd,E Grade,PEELED_CENTRAL_SEASONS,2010/11 2012/13 2021/22
7,Matthew Lloyd,F Grade,PEELED_CENTRAL_SEASONS,2021/22
8,Roger Wren,A Grade,PEELED_CENTRAL_SEASONS,2003/04 2004/05 2007/08 2008/09
8,Roger Wren,B Grade,PEELED_CENTRAL_SEASONS,2005/06 2007/08 2008/09 2009/10 2010/11
8,Roger Wren,C Grade,PEELED_CENTRAL_SEASONS,2005/06 2006/07
9,Grant Matthews,A Grade,PEELED_CENTRAL_SEASONS,2006/07 2007/08 2008/09 2011/12 2013/14 2015/16 2016/17 2018/19
9,Grant Matthews,B Grade,CENTRAL_SEASONS_NOT_IN_NATIVE,2017/18
9,Grant Matthews,B Grade,PEELED_CENTRAL_SEASONS,2006/07 2007/08 2008/09 2009/10 2010/11 2011/12 2012/13 2013/14 2014/15 2015/16 2016/17 2018/19 2023/24
9,Grant Matthews,C Grade,PEELED_CENTRAL_SEASONS,2014/15 2022/23
9,Grant Matthews,D Grade,PEELED_CENTRAL_SEASONS,2006/07 2017/18 2020/21 2021/22 2022/23 2023/24 2024/25 2025/26
9,Grant Matthews,E Grade,PEELED_CENTRAL_SEASONS,2021/22 2022/23 2024/25 2025/26
9,Grant Matthews,F Grade,PEELED_CENTRAL_SEASONS,2021/22
9,Grant Matthews,PPL,CENTRAL_SEASONS_NOT_IN_NATIVE,2013/14 2016/17
10,Chris Baker,A Grade,PEELED_CENTRAL_SEASONS,2003/04 2004/05 2005/06 2006/07 2011/12
10,Chris Baker,B Grade,CENTRAL_SEASONS_NOT_IN_NATIVE,2008/09
10,Chris Baker,B Grade,PEELED_CENTRAL_SEASONS,2004/05 2005/06 2006/07 2007/08 2011/12
10,Chris Baker,C Grade,PEELED_CENTRAL_SEASONS,2007/08 2008/09 2009/10 2010/11 2011/12 2013/14
10,Chris Baker,D Grade,PEELED_CENTRAL_SEASONS,2014/15 2015/16
10,Chris Baker,E Grade,PEELED_CENTRAL_SEASONS,2015/16
11,Kyle Jeffrey,A Grade,PEELED_CENTRAL_SEASONS,2011/12 2013/14 2014/15 2015/16 2018/19
11,Kyle Jeffrey,B Grade,CENTRAL_SEASONS_NOT_IN_NATIVE,2017/18
11,Kyle Jeffrey,B Grade,PEELED_CENTRAL_SEASONS,2006/07 2007/08 2009/10 2010/11 2011/12 2012/13 2013/14 2014/15 2015/16 2018/19 2023/24 2024/25 2025/26
11,Kyle Jeffrey,C Grade,CENTRAL_SEASONS_NOT_IN_NATIVE,2011/12
11,Kyle Jeffrey,C Grade,PEELED_CENTRAL_SEASONS,2006/07 2007/08 2008/09 2009/10 2010/11 2013/14
11,Kyle Jeffrey,D Grade,PEELED_CENTRAL_SEASONS,2006/07 2007/08 2008/09 2013/14 2018/19 2024/25 2025/26
11,Kyle Jeffrey,E Grade,PEELED_CENTRAL_SEASONS,2013/14
11,Kyle Jeffrey,F Grade,PEELED_CENTRAL_SEASONS,2013/14
12,Peter Boyce,A Grade,PEELED_CENTRAL_SEASONS,2013/14 2014/15 2016/17 2018/19 2019/20
12,Peter Boyce,B Grade,CENTRAL_SEASONS_NOT_IN_NATIVE,2017/18
12,Peter Boyce,B Grade,PEELED_CENTRAL_SEASONS,2011/12 2012/13 2013/14 2014/15 2015/16 2016/17 2018/19 2019/20 2020/21 2021/22 2022/23 2025/26
12,Peter Boyce,C Grade,PEELED_CENTRAL_SEASONS,2007/08 2008/09 2009/10 2010/11 2011/12 2012/13 2014/15 2015/16 2017/18
12,Peter Boyce,D Grade,PEELED_CENTRAL_SEASONS,2007/08 2008/09 2009/10 2014/15 2018/19 2019/20 2021/22 2024/25
12,Peter Boyce,E Grade,CENTRAL_SEASONS_NOT_IN_NATIVE,2021/22
12,Peter Boyce,E Grade,PEELED_CENTRAL_SEASONS,2010/11 2024/25 2025/26
12,Peter Boyce,F Grade,PEELED_CENTRAL_SEASONS,2025/26
13,Dean Finlay,B Grade,PEELED_CENTRAL_SEASONS,2004/05 2005/06 2006/07 2007/08 2008/09 2013/14
13,Dean Finlay,C Grade,CENTRAL_SEASONS_NOT_IN_NATIVE,2004/05
13,Dean Finlay,C Grade,PEELED_CENTRAL_SEASONS,2005/06 2006/07 2007/08 2008/09 2009/10 2014/15 2017/18
13,Dean Finlay,D Grade,PEELED_CENTRAL_SEASONS,2012/13 2013/14 2015/16 2016/17 2017/18 2018/19
13,Dean Finlay,E Grade,PEELED_CENTRAL_SEASONS,2009/10 2010/11 2013/14
14,Martin Crump,C Grade,PEELED_CENTRAL_SEASONS,2004/05 2007/08 2008/09 2009/10
14,Martin Crump,D Grade,PEELED_CENTRAL_SEASONS,2007/08 2008/09 2009/10 2010/11 2011/12 2012/13
14,Martin Crump,E Grade,PEELED_CENTRAL_SEASONS,2012/13 2015/16
14,Martin Crump,F Grade,PEELED_CENTRAL_SEASONS,2013/14 2014/15 2015/16 2016/17
15,Ashley Wyborn,B Grade,PEELED_CENTRAL_SEASONS,2018/19 2019/20 2020/21 2021/22 2023/24
15,Ashley Wyborn,C Grade,PEELED_CENTRAL_SEASONS,2012/13 2017/18
15,Ashley Wyborn,D Grade,PEELED_CENTRAL_SEASONS,2009/10 2011/12 2012/13 2017/18 2018/19 2019/20 2020/21 2021/22
15,Ashley Wyborn,E Grade,PEELED_CENTRAL_SEASONS,2009/10 2010/11 2011/12 2012/13 2014/15 2017/18 2022/23 2023/24 2024/25
15,Ashley Wyborn,F Grade,PEELED_CENTRAL_SEASONS,2013/14 2014/15 2015/16 2016/17 2022/23
16,Leigh Burns,A Grade,PEELED_CENTRAL_SEASONS,2006/07 2007/08 2014/15 2015/16 2017/18 2018/19 2019/20
16,Leigh Burns,B Grade,CENTRAL_SEASONS_NOT_IN_NATIVE,2017/18
16,Leigh Burns,B Grade,PEELED_CENTRAL_SEASONS,2007/08 2015/16 2020/21 2021/22
16,Leigh Burns,C Grade,PEELED_CENTRAL_SEASONS,2013/14 2015/16 2016/17 2017/18
16,Leigh Burns,D Grade,CENTRAL_SEASONS_NOT_IN_NATIVE,2021/22
16,Leigh Burns,D Grade,PEELED_CENTRAL_SEASONS,2012/13
17,Cameron Lucas,A Grade,PEELED_CENTRAL_SEASONS,2008/09 2009/10 2010/11 2011/12 2013/14 2014/15 2016/17
17,Cameron Lucas,B Grade,CENTRAL_SEASONS_NOT_IN_NATIVE,2017/18
17,Cameron Lucas,B Grade,PEELED_CENTRAL_SEASONS,2008/09 2009/10 2010/11 2011/12 2012/13 2013/14 2014/15 2015/16 2016/17 2018/19 2019/20
17,Cameron Lucas,C Grade,PEELED_CENTRAL_SEASONS,2008/09 2010/11 2012/13 2015/16
17,Cameron Lucas,D Grade,PEELED_CENTRAL_SEASONS,2006/07 2007/08 2008/09 2024/25 2025/26
17,Cameron Lucas,E Grade,PEELED_CENTRAL_SEASONS,2024/25
17,Cameron Lucas,F Grade,CENTRAL_SEASONS_NOT_IN_NATIVE,2016/17
17,Cameron Lucas,F Grade,PEELED_CENTRAL_SEASONS,2025/26
18,Jason Young,A Grade,CENTRAL_SEASONS_NOT_IN_NATIVE,2015/16
18,Jason Young,A Grade,PEELED_CENTRAL_SEASONS,2006/07 2012/13 2018/19
18,Jason Young,B Grade,CENTRAL_SEASONS_NOT_IN_NATIVE,2017/18
18,Jason Young,B Grade,PEELED_CENTRAL_SEASONS,2006/07 2007/08 2008/09 2012/13 2013/14 2014/15 2015/16 2016/17 2018/19 2020/21 2023/24 2025/26
18,Jason Young,C Grade,CENTRAL_SEASONS_NOT_IN_NATIVE,2015/16
18,Jason Young,C Grade,PEELED_CENTRAL_SEASONS,2008/09 2011/12 2012/13 2016/17
18,Jason Young,D Grade,PEELED_CENTRAL_SEASONS,2019/20 2020/21 2021/22 2022/23 2023/24 2024/25
18,Jason Young,E Grade,PEELED_CENTRAL_SEASONS,2015/16 2023/24 2024/25 2025/26
19,Dennis Bland,B Grade,PEELED_CENTRAL_SEASONS,2004/05 2005/06 2006/07 2007/08 2008/09
19,Dennis Bland,C Grade,PEELED_CENTRAL_SEASONS,2004/05 2006/07 2007/08 2008/09 2009/10 2010/11 2011/12 2012/13 2014/15
19,Dennis Bland,D Grade,PEELED_CENTRAL_SEASONS,2010/11 2015/16
20,James Woods,B Grade,PEELED_CENTRAL_SEASONS,2013/14 2021/22
20,James Woods,C Grade,PEELED_CENTRAL_SEASONS,2006/07 2008/09 2014/15 2015/16
20,James Woods,D Grade,PEELED_CENTRAL_SEASONS,2005/06 2006/07 2007/08 2008/09 2009/10 2010/11 2011/12 2012/13 2013/14 2014/15 2015/16 2017/18 2018/19
20,James Woods,E Grade,PEELED_CENTRAL_SEASONS,2014/15 2021/22
20,James Woods,F Grade,PEELED_CENTRAL_SEASONS,2015/16 2016/17
21,Paul Gillam,A Grade,CENTRAL_SEASONS_NOT_IN_NATIVE,2009/10
21,Paul Gillam,A Grade,PEELED_CENTRAL_SEASONS,2004/05 2005/06
21,Paul Gillam,B Grade,PEELED_CENTRAL_SEASONS,2004/05 2006/07 2009/10
21,Paul Gillam,D Grade,PEELED_CENTRAL_SEASONS,2011/12
22,Justin Lockyer,B Grade,PEELED_CENTRAL_SEASONS,2004/05 2005/06 2007/08
22,Justin Lockyer,C Grade,PEELED_CENTRAL_SEASONS,2005/06 2007/08 2008/09
22,Justin Lockyer,E Grade,PEELED_CENTRAL_SEASONS,2024/25
23,Jarod Little,A Grade,PEELED_CENTRAL_SEASONS,2017/18 2018/19 2019/20 2020/21 2021/22 2022/23 2023/24 2024/25 2025/26
23,Jarod Little,B Grade,CENTRAL_SEASONS_NOT_IN_NATIVE,2017/18
23,Jarod Little,B Grade,PEELED_CENTRAL_SEASONS,2019/20 2020/21 2021/22 2022/23
23,Jarod Little,C Grade,PEELED_CENTRAL_SEASONS,2016/17 2017/18
23,Jarod Little,D Grade,PEELED_CENTRAL_SEASONS,2016/17
23,Jarod Little,PPL,PEELED_CENTRAL_SEASONS,2019/20 2020/21 2023/24 2024/25
24,Simon King,B Grade,PEELED_CENTRAL_SEASONS,2018/19 2019/20
24,Simon King,D Grade,PEELED_CENTRAL_SEASONS,2009/10 2014/15 2017/18 2018/19 2019/20 2020/21 2022/23
24,Simon King,E Grade,PEELED_CENTRAL_SEASONS,2009/10 2010/11 2011/12 2012/13 2013/14 2015/16 2017/18 2021/22 2022/23
24,Simon King,F Grade,CENTRAL_SEASONS_NOT_IN_NATIVE,2015/16
24,Simon King,F Grade,PEELED_CENTRAL_SEASONS,2013/14 2020/21 2021/22
25,Cameron Hill,C Grade,PEELED_CENTRAL_SEASONS,2004/05 2005/06
25,Cameron Hill,D Grade,PEELED_CENTRAL_SEASONS,2022/23 2024/25 2025/26
25,Cameron Hill,E Grade,PEELED_CENTRAL_SEASONS,2022/23 2023/24 2024/25 2025/26
25,Cameron Hill,F Grade,PEELED_CENTRAL_SEASONS,2021/22 2022/23 2024/25
26,Andrew Kelman,B Grade,PEELED_CENTRAL_SEASONS,2004/05 2005/06
26,Andrew Kelman,C Grade,PEELED_CENTRAL_SEASONS,2004/05 2005/06 2006/07 2007/08 2008/09 2009/10 2011/12 2012/13
26,Andrew Kelman,D Grade,PEELED_CENTRAL_SEASONS,2005/06 2007/08 2008/09 2009/10 2010/11 2014/15
27,Anthony Brokate,A Grade,CENTRAL_SEASONS_NOT_IN_NATIVE,2014/15
27,Anthony Brokate,A Grade,PEELED_CENTRAL_SEASONS,2003/04 2005/06 2006/07 2007/08 2013/14 2015/16 2016/17 2020/21 2021/22
27,Anthony Brokate,B Grade,CENTRAL_SEASONS_NOT_IN_NATIVE,2017/18
27,Anthony Brokate,B Grade,PEELED_CENTRAL_SEASONS,2004/05 2005/06 2006/07 2007/08 2008/09 2011/12 2012/13 2013/14 2014/15 2015/16 2016/17 2018/19 2020/21 2025/26
27,Anthony Brokate,C Grade,PEELED_CENTRAL_SEASONS,2008/09 2009/10 2010/11 2011/12 2013/14 2016/17 2017/18
27,Anthony Brokate,D Grade,PEELED_CENTRAL_SEASONS,2009/10 2010/11
27,Anthony Brokate,E Grade,PEELED_CENTRAL_SEASONS,2010/11 2025/26
28,Wesley Naidoo,A Grade,PEELED_CENTRAL_SEASONS,2017/18 2018/19 2019/20 2021/22 2022/23 2025/26
28,Wesley Naidoo,B Grade,CENTRAL_SEASONS_NOT_IN_NATIVE,2017/18
28,Wesley Naidoo,B Grade,PEELED_CENTRAL_SEASONS,2012/13 2015/16 2018/19 2019/20 2020/21 2021/22 2022/23 2023/24 2024/25 2025/26
28,Wesley Naidoo,C Grade,PEELED_CENTRAL_SEASONS,2014/15 2015/16 2016/17 2017/18
28,Wesley Naidoo,D Grade,PEELED_CENTRAL_SEASONS,2012/13 2013/14 2014/15 2016/17 2019/20 2020/21 2024/25
28,Wesley Naidoo,E Grade,PEELED_CENTRAL_SEASONS,2011/12 2014/15 2024/25 2025/26
29,Chris Hickman,B Grade,PEELED_CENTRAL_SEASONS,2004/05 2005/06 2006/07 2008/09 2009/10 2010/11 2011/12 2013/14 2014/15
29,Chris Hickman,C Grade,PEELED_CENTRAL_SEASONS,2013/14
29,Chris Hickman,E Grade,PEELED_CENTRAL_SEASONS,2014/15
29,Chris Hickman,F Grade,PEELED_CENTRAL_SEASONS,2014/15
30,Scott Martin,A Grade,PEELED_CENTRAL_SEASONS,2015/16 2016/17 2017/18 2018/19 2019/20 2020/21 2021/22 2022/23 2023/24 2024/25
30,Scott Martin,B Grade,CENTRAL_SEASONS_NOT_IN_NATIVE,2017/18
30,Scott Martin,B Grade,PEELED_CENTRAL_SEASONS,2015/16 2016/17 2019/20
30,Scott Martin,E Grade,PEELED_CENTRAL_SEASONS,2025/26
30,Scott Martin,PPL,CENTRAL_SEASONS_NOT_IN_NATIVE,2015/16 2016/17
30,Scott Martin,PPL,PEELED_CENTRAL_SEASONS,2019/20 2020/21
31,Michael Griffiths,A Grade,PEELED_CENTRAL_SEASONS,2004/05 2005/06 2006/07 2009/10 2010/11 2011/12 2012/13 2013/14 2014/15 2017/18 2018/19 2019/20
31,Michael Griffiths,B Grade,PEELED_CENTRAL_SEASONS,2004/05 2005/06 2006/07 2009/10 2013/14 2014/15 2015/16
31,Michael Griffiths,C Grade,PEELED_CENTRAL_SEASONS,2004/05 2022/23
31,Michael Griffiths,D Grade,PEELED_CENTRAL_SEASONS,2022/23
31,Michael Griffiths,E Grade,PEELED_CENTRAL_SEASONS,2024/25 2025/26
32,Ryan Burns,A Grade,PEELED_CENTRAL_SEASONS,2011/12 2012/13 2013/14 2014/15 2015/16 2018/19
32,Ryan Burns,B Grade,CENTRAL_SEASONS_NOT_IN_NATIVE,2017/18
32,Ryan Burns,B Grade,PEELED_CENTRAL_SEASONS,2010/11 2011/12 2012/13 2015/16
32,Ryan Burns,C Grade,PEELED_CENTRAL_SEASONS,2009/10 2010/11 2016/17 2017/18
32,Ryan Burns,D Grade,PEELED_CENTRAL_SEASONS,2009/10
33,Rodney Dixon,D Grade,PEELED_CENTRAL_SEASONS,2005/06 2006/07 2007/08 2008/09 2009/10 2010/11 2011/12 2012/13 2013/14 2014/15 2017/18 2018/19
33,Rodney Dixon,E Grade,PEELED_CENTRAL_SEASONS,2014/15 2016/17 2017/18
33,Rodney Dixon,F Grade,PEELED_CENTRAL_SEASONS,2014/15 2015/16
34,Richard Woods,A Grade,PEELED_CENTRAL_SEASONS,2008/09 2011/12 2012/13 2013/14 2014/15 2015/16 2021/22 2022/23 2023/24
34,Richard Woods,B Grade,PEELED_CENTRAL_SEASONS,2008/09 2009/10 2010/11 2011/12 2012/13 2013/14 2014/15 2015/16 2021/22 2022/23
34,Richard Woods,C Grade,PEELED_CENTRAL_SEASONS,2007/08 2008/09
34,Richard Woods,D Grade,PEELED_CENTRAL_SEASONS,2006/07 2007/08 2008/09 2010/11 2017/18 2018/19
35,Ben Finlay,A Grade,PEELED_CENTRAL_SEASONS,2009/10 2014/15 2015/16
35,Ben Finlay,B Grade,CENTRAL_SEASONS_NOT_IN_NATIVE,2017/18
35,Ben Finlay,B Grade,PEELED_CENTRAL_SEASONS,2006/07 2007/08 2011/12 2012/13 2013/14 2014/15 2015/16 2016/17 2018/19
35,Ben Finlay,C Grade,PEELED_CENTRAL_SEASONS,2006/07 2007/08 2008/09 2012/13 2013/14 2014/15 2015/16 2016/17 2017/18
35,Ben Finlay,D Grade,PEELED_CENTRAL_SEASONS,2006/07 2007/08 2008/09 2010/11 2012/13 2013/14 2016/17 2017/18 2022/23
35,Ben Finlay,E Grade,PEELED_CENTRAL_SEASONS,2009/10 2010/11 2022/23
35,Ben Finlay,F Grade,PEELED_CENTRAL_SEASONS,2013/14
36,Jake Wyllie,A Grade,PEELED_CENTRAL_SEASONS,2015/16 2018/19 2020/21 2021/22 2022/23 2023/24 2024/25 2025/26
36,Jake Wyllie,B Grade,PEELED_CENTRAL_SEASONS,2015/16 2021/22 2022/23
36,Jake Wyllie,C Grade,CENTRAL_SEASONS_NOT_IN_NATIVE,2016/17
36,Jake Wyllie,C Grade,PEELED_CENTRAL_SEASONS,2012/13 2013/14 2015/16
36,Jake Wyllie,D Grade,PEELED_CENTRAL_SEASONS,2014/15
36,Jake Wyllie,E Grade,PEELED_CENTRAL_SEASONS,2012/13 2014/15 2015/16
36,Jake Wyllie,F Grade,PEELED_CENTRAL_SEASONS,2013/14
36,Jake Wyllie,PPL,PEELED_CENTRAL_SEASONS,2019/20 2020/21 2021/22
37,Glen Cruickshank,B Grade,PEELED_CENTRAL_SEASONS,2004/05 2005/06 2007/08
37,Glen Cruickshank,C Grade,PEELED_CENTRAL_SEASONS,2004/05 2005/06 2006/07 2008/09
37,Glen Cruickshank,D Grade,PEELED_CENTRAL_SEASONS,2005/06 2006/07 2007/08 2008/09 2009/10 2010/11 2011/12 2014/15
37,Glen Cruickshank,E Grade,PEELED_CENTRAL_SEASONS,2010/11 2011/12 2012/13 2013/14 2016/17 2017/18
37,Glen Cruickshank,F Grade,PEELED_CENTRAL_SEASONS,2014/15
38,Corbin Little,A Grade,PEELED_CENTRAL_SEASONS,2018/19
38,Corbin Little,B Grade,CENTRAL_SEASONS_NOT_IN_NATIVE,2017/18
38,Corbin Little,B Grade,PEELED_CENTRAL_SEASONS,2018/19 2019/20
38,Corbin Little,C Grade,PEELED_CENTRAL_SEASONS,2017/18
38,Corbin Little,D Grade,PEELED_CENTRAL_SEASONS,2014/15 2015/16 2016/17 2017/18 2018/19 2019/20 2020/21 2021/22
38,Corbin Little,E Grade,PEELED_CENTRAL_SEASONS,2014/15 2015/16 2021/22 2022/23 2024/25 2025/26
38,Corbin Little,F Grade,CENTRAL_SEASONS_NOT_IN_NATIVE,2022/23
38,Corbin Little,F Grade,PEELED_CENTRAL_SEASONS,2014/15 2015/16
39,Raymond Smedley,B Grade,PEELED_CENTRAL_SEASONS,2004/05 2005/06 2007/08
39,Raymond Smedley,C Grade,CENTRAL_SEASONS_NOT_IN_NATIVE,2004/05
39,Raymond Smedley,C Grade,PEELED_CENTRAL_SEASONS,2005/06 2006/07 2008/09 2009/10 2010/11
39,Raymond Smedley,D Grade,PEELED_CENTRAL_SEASONS,2007/08 2009/10 2010/11 2011/12
39,Raymond Smedley,E Grade,PEELED_CENTRAL_SEASONS,2014/15
40,Angus Kent,A Grade,PEELED_CENTRAL_SEASONS,2016/17 2017/18 2018/19 2019/20
40,Angus Kent,B Grade,CENTRAL_SEASONS_NOT_IN_NATIVE,2017/18
40,Angus Kent,B Grade,PEELED_CENTRAL_SEASONS,2016/17 2018/19 2019/20 2020/21 2021/22 2022/23 2023/24 2024/25 2025/26
40,Angus Kent,D Grade,CENTRAL_SEASONS_NOT_IN_NATIVE,2017/18
40,Angus Kent,D Grade,PEELED_CENTRAL_SEASONS,2019/20 2020/21 2021/22
41,Elliot Foote,A Grade,PEELED_CENTRAL_SEASONS,2017/18 2018/19 2019/20
41,Elliot Foote,B Grade,CENTRAL_SEASONS_NOT_IN_NATIVE,2017/18
41,Elliot Foote,B Grade,PEELED_CENTRAL_SEASONS,2012/13 2013/14 2015/16 2016/17 2018/19 2019/20 2020/21
41,Elliot Foote,C Grade,PEELED_CENTRAL_SEASONS,2012/13 2013/14 2014/15 2015/16 2016/17 2017/18
41,Elliot Foote,D Grade,PEELED_CENTRAL_SEASONS,2012/13 2015/16 2019/20 2025/26
41,Elliot Foote,E Grade,PEELED_CENTRAL_SEASONS,2021/22
41,Elliot Foote,F Grade,CENTRAL_SEASONS_NOT_IN_NATIVE,2022/23
41,Elliot Foote,F Grade,PEELED_CENTRAL_SEASONS,2014/15
42,Ian Bray,B Grade,PEELED_CENTRAL_SEASONS,2004/05 2005/06 2006/07 2007/08 2008/09 2009/10
42,Ian Bray,D Grade,PEELED_CENTRAL_SEASONS,2012/13 2013/14
43,Jack Manuel,A Grade,CENTRAL_SEASONS_NOT_IN_NATIVE,2019/20
43,Jack Manuel,A Grade,PEELED_CENTRAL_SEASONS,2015/16 2016/17 2017/18 2020/21 2021/22 2022/23 2023/24 2024/25 2025/26
43,Jack Manuel,PPL,CENTRAL_SEASONS_NOT_IN_NATIVE,2016/17
43,Jack Manuel,PPL,PEELED_CENTRAL_SEASONS,2020/21 2021/22 2022/23
44,Josh Rudge,A Grade,PEELED_CENTRAL_SEASONS,2019/20 2020/21 2021/22 2022/23 2023/24 2024/25 2025/26
44,Josh Rudge,B Grade,PEELED_CENTRAL_SEASONS,2019/20
44,Josh Rudge,PPL,PEELED_CENTRAL_SEASONS,2019/20 2020/21
46,Josh Petersen,A Grade,CENTRAL_SEASONS_NOT_IN_NATIVE,2005/06
46,Josh Petersen,A Grade,PEELED_CENTRAL_SEASONS,2006/07 2007/08 2008/09 2009/10 2010/11 2011/12 2012/13 2013/14 2014/15 2015/16 2016/17
46,Josh Petersen,B Grade,PEELED_CENTRAL_SEASONS,2006/07 2007/08 2008/09 2010/11 2012/13 2013/14 2014/15 2015/16 2016/17 2021/22 2022/23
47,Dan Howell,B Grade,PEELED_CENTRAL_SEASONS,2019/20
47,Dan Howell,C Grade,PEELED_CENTRAL_SEASONS,2004/05 2005/06 2006/07 2007/08 2008/09 2014/15 2015/16 2016/17 2017/18
47,Dan Howell,D Grade,PEELED_CENTRAL_SEASONS,2010/11 2014/15 2015/16 2017/18 2018/19 2019/20
48,David Allen,B Grade,PEELED_CENTRAL_SEASONS,2018/19
48,David Allen,C Grade,PEELED_CENTRAL_SEASONS,2013/14 2014/15 2017/18
48,David Allen,D Grade,PEELED_CENTRAL_SEASONS,2009/10 2010/11 2011/12 2012/13 2013/14 2014/15 2015/16 2016/17 2017/18 2018/19 2019/20 2020/21 2021/22 2022/23 2023/24
48,David Allen,E Grade,PEELED_CENTRAL_SEASONS,2023/24
49,Peter Knight,B Grade,PEELED_CENTRAL_SEASONS,2018/19 2019/20 2020/21 2021/22 2023/24 2025/26
49,Peter Knight,C Grade,PEELED_CENTRAL_SEASONS,2017/18
49,Peter Knight,D Grade,PEELED_CENTRAL_SEASONS,2016/17 2017/18 2018/19 2019/20 2020/21 2021/22 2023/24
49,Peter Knight,E Grade,PEELED_CENTRAL_SEASONS,2021/22 2025/26
49,Peter Knight,F Grade,PEELED_CENTRAL_SEASONS,2015/16 2016/17 2025/26
50,Doug Mccarthy,D Grade,PEELED_CENTRAL_SEASONS,2008/09 2009/10 2010/11 2011/12 2012/13 2013/14 2014/15
50,Doug Mccarthy,E Grade,PEELED_CENTRAL_SEASONS,2014/15 2015/16 2016/17
50,Doug Mccarthy,F Grade,PEELED_CENTRAL_SEASONS,2016/17
52,Wayne Reid,A Grade,PEELED_CENTRAL_SEASONS,2003/04 2004/05 2005/06 2006/07 2007/08 2008/09 2009/10
52,Wayne Reid,B Grade,PEELED_CENTRAL_SEASONS,2009/10 2010/11
53,Andrew White,C Grade,PEELED_CENTRAL_SEASONS,2008/09 2009/10 2010/11 2011/12 2012/13 2013/14
53,Andrew White,D Grade,PEELED_CENTRAL_SEASONS,2009/10 2013/14 2014/15 2017/18
53,Andrew White,E Grade,CENTRAL_SEASONS_NOT_IN_NATIVE,2013/14
53,Andrew White,E Grade,PEELED_CENTRAL_SEASONS,2016/17 2017/18
53,Andrew White,F Grade,PEELED_CENTRAL_SEASONS,2015/16 2016/17 2020/21
54,Lachlan Kinna,A Grade,PEELED_CENTRAL_SEASONS,2013/14 2014/15 2015/16 2016/17 2017/18 2018/19 2019/20
54,Lachlan Kinna,B Grade,PEELED_CENTRAL_SEASONS,2012/13 2013/14 2014/15 2015/16 2020/21 2021/22 2022/23 2023/24
54,Lachlan Kinna,C Grade,PEELED_CENTRAL_SEASONS,2012/13 2013/14
54,Lachlan Kinna,D Grade,CENTRAL_SEASONS_NOT_IN_NATIVE,2013/14
54,Lachlan Kinna,D Grade,PEELED_CENTRAL_SEASONS,2023/24
54,Lachlan Kinna,E Grade,PEELED_CENTRAL_SEASONS,2011/12 2025/26
55,Damian Billing,B Grade,CENTRAL_SEASONS_NOT_IN_NATIVE,2012/13 2017/18
55,Damian Billing,B Grade,PEELED_CENTRAL_SEASONS,2013/14 2016/17 2018/19 2019/20 2020/21
55,Damian Billing,C Grade,PEELED_CENTRAL_SEASONS,2012/13 2013/14 2016/17 2017/18
55,Damian Billing,D Grade,PEELED_CENTRAL_SEASONS,2012/13 2016/17 2019/20 2020/21 2021/22
55,Damian Billing,E Grade,PEELED_CENTRAL_SEASONS,2013/14 2021/22
55,Damian Billing,F Grade,PEELED_CENTRAL_SEASONS,2013/14 2020/21 2021/22
56,Michael Chappell,A Grade,PEELED_CENTRAL_SEASONS,2015/16 2016/17 2017/18 2018/19 2019/20 2020/21 2021/22
56,Michael Chappell,B Grade,CENTRAL_SEASONS_NOT_IN_NATIVE,2017/18
56,Michael Chappell,B Grade,PEELED_CENTRAL_SEASONS,2015/16 2016/17 2019/20 2020/21
56,Michael Chappell,C Grade,PEELED_CENTRAL_SEASONS,2014/15 2015/16
57,Glen Filcock,B Grade,PEELED_CENTRAL_SEASONS,2010/11
57,Glen Filcock,C Grade,PEELED_CENTRAL_SEASONS,2004/05 2005/06 2006/07 2010/11 2011/12
57,Glen Filcock,D Grade,PEELED_CENTRAL_SEASONS,2005/06 2006/07 2007/08 2008/09 2009/10 2010/11 2011/12 2012/13
57,Glen Filcock,E Grade,PEELED_CENTRAL_SEASONS,2010/11 2011/12 2013/14 2014/15 2015/16 2016/17
57,Glen Filcock,F Grade,CENTRAL_SEASONS_NOT_IN_NATIVE,2014/15
57,Glen Filcock,F Grade,PEELED_CENTRAL_SEASONS,2015/16 2017/18
58,Alec Smith,A Grade,PEELED_CENTRAL_SEASONS,2019/20 2020/21
58,Alec Smith,B Grade,PEELED_CENTRAL_SEASONS,2014/15 2019/20 2020/21 2021/22 2025/26
58,Alec Smith,C Grade,PEELED_CENTRAL_SEASONS,2014/15 2015/16 2016/17
58,Alec Smith,D Grade,PEELED_CENTRAL_SEASONS,2014/15 2016/17 2019/20 2021/22 2023/24 2024/25 2025/26
59,Brendon King,A Grade,PEELED_CENTRAL_SEASONS,2003/04 2004/05 2005/06 2006/07 2007/08 2008/09 2009/10 2010/11 2011/12 2012/13
59,Brendon King,B Grade,PEELED_CENTRAL_SEASONS,2004/05 2010/11
59,Brendon King,C Grade,PEELED_CENTRAL_SEASONS,2011/12 2013/14
60,Levi Muller,A Grade,PEELED_CENTRAL_SEASONS,2015/16 2016/17 2017/18 2018/19 2019/20 2020/21 2021/22
60,Levi Muller,B Grade,CENTRAL_SEASONS_NOT_IN_NATIVE,2017/18
60,Levi Muller,B Grade,PEELED_CENTRAL_SEASONS,2015/16 2016/17 2020/21 2022/23 2023/24
62,Stuart Ball,B Grade,PEELED_CENTRAL_SEASONS,2005/06 2007/08
62,Stuart Ball,C Grade,PEELED_CENTRAL_SEASONS,2005/06 2009/10 2015/16 2017/18
62,Stuart Ball,D Grade,PEELED_CENTRAL_SEASONS,2017/18 2019/20 2022/23
62,Stuart Ball,E Grade,PEELED_CENTRAL_SEASONS,2022/23
62,Stuart Ball,F Grade,PEELED_CENTRAL_SEASONS,2020/21 2021/22 2022/23 2023/24
63,Adam Whitehorn,C Grade,PEELED_CENTRAL_SEASONS,2008/09 2009/10 2011/12 2012/13 2014/15 2015/16 2016/17
63,Adam Whitehorn,D Grade,PEELED_CENTRAL_SEASONS,2006/07 2009/10 2010/11 2011/12 2012/13 2013/14 2015/16 2016/17 2017/18 2022/23
63,Adam Whitehorn,E Grade,PEELED_CENTRAL_SEASONS,2013/14 2021/22 2022/23
63,Adam Whitehorn,F Grade,PEELED_CENTRAL_SEASONS,2021/22
64,Matthew Gordon,A Grade,PEELED_CENTRAL_SEASONS,2008/09 2009/10 2010/11 2011/12 2012/13 2013/14 2014/15 2015/16 2016/17
66,Alex Dillon,A Grade,PEELED_CENTRAL_SEASONS,2012/13 2014/15 2015/16 2016/17 2017/18 2018/19
66,Alex Dillon,B Grade,PEELED_CENTRAL_SEASONS,2011/12 2012/13 2013/14 2014/15 2015/16 2016/17 2018/19 2021/22
66,Alex Dillon,C Grade,PEELED_CENTRAL_SEASONS,2010/11 2011/12 2012/13 2013/14
66,Alex Dillon,D Grade,PEELED_CENTRAL_SEASONS,2010/11 2011/12 2024/25
66,Alex Dillon,E Grade,PEELED_CENTRAL_SEASONS,2010/11 2011/12
67,Craig Lines,B Grade,PEELED_CENTRAL_SEASONS,2013/14 2018/19
67,Craig Lines,C Grade,PEELED_CENTRAL_SEASONS,2014/15
67,Craig Lines,D Grade,PEELED_CENTRAL_SEASONS,2014/15 2015/16 2016/17 2017/18 2018/19 2019/20 2020/21 2022/23
67,Craig Lines,E Grade,PEELED_CENTRAL_SEASONS,2013/14 2014/15 2015/16 2016/17 2017/18 2021/22
67,Craig Lines,F Grade,PEELED_CENTRAL_SEASONS,2013/14 2020/21 2021/22
68,Eric Cocking,D Grade,PEELED_CENTRAL_SEASONS,2010/11 2011/12 2012/13 2014/15
68,Eric Cocking,E Grade,PEELED_CENTRAL_SEASONS,2011/12 2012/13 2013/14 2014/15 2015/16 2016/17 2017/18
68,Eric Cocking,F Grade,PEELED_CENTRAL_SEASONS,2014/15
69,Hugo Young,B Grade,CENTRAL_SEASONS_NOT_IN_NATIVE,2017/18
69,Hugo Young,B Grade,PEELED_CENTRAL_SEASONS,2022/23 2023/24 2025/26
69,Hugo Young,Colts,PEELED_CENTRAL_SEASONS,2023/24 2024/25 2025/26
69,Hugo Young,D Grade,PEELED_CENTRAL_SEASONS,2019/20 2020/21 2021/22 2024/25 2025/26
69,Hugo Young,E Grade,PEELED_CENTRAL_SEASONS,2021/22 2023/24 2024/25 2025/26
69,Hugo Young,F Grade,PEELED_CENTRAL_SEASONS,2020/21
70,James Skeels,A Grade,PEELED_CENTRAL_SEASONS,2019/20 2020/21 2021/22 2024/25
70,James Skeels,B Grade,PEELED_CENTRAL_SEASONS,2019/20 2020/21 2021/22 2022/23 2023/24 2024/25 2025/26
70,James Skeels,D Grade,PEELED_CENTRAL_SEASONS,2019/20 2020/21
71,Liam Blampied,A Grade,PEELED_CENTRAL_SEASONS,2007/08 2008/09 2009/10 2010/11 2011/12 2012/13 2013/14
71,Liam Blampied,B Grade,PEELED_CENTRAL_SEASONS,2008/09 2009/10 2010/11 2011/12 2012/13 2013/14
71,Liam Blampied,D Grade,PEELED_CENTRAL_SEASONS,2007/08 2008/09
72,Simon Noble,A Grade,PEELED_CENTRAL_SEASONS,2004/05 2005/06 2006/07 2007/08
72,Simon Noble,B Grade,CENTRAL_SEASONS_NOT_IN_NATIVE,2011/12
72,Simon Noble,B Grade,PEELED_CENTRAL_SEASONS,2004/05 2006/07 2015/16
72,Simon Noble,C Grade,PEELED_CENTRAL_SEASONS,2010/11 2011/12
72,Simon Noble,D Grade,PEELED_CENTRAL_SEASONS,2011/12
73,Lewis Starbuck,A Grade,CENTRAL_SEASONS_NOT_IN_NATIVE,2022/23
73,Lewis Starbuck,A Grade,PEELED_CENTRAL_SEASONS,2016/17 2017/18 2019/20 2020/21
73,Lewis Starbuck,B Grade,CENTRAL_SEASONS_NOT_IN_NATIVE,2017/18
73,Lewis Starbuck,B Grade,PEELED_CENTRAL_SEASONS,2016/17 2018/19 2019/20 2020/21 2021/22 2022/23
73,Lewis Starbuck,C Grade,CENTRAL_SEASONS_NOT_IN_NATIVE,2016/17
73,Lewis Starbuck,C Grade,PEELED_CENTRAL_SEASONS,2013/14 2014/15
73,Lewis Starbuck,D Grade,PEELED_CENTRAL_SEASONS,2014/15 2022/23 2024/25
73,Lewis Starbuck,E Grade,PEELED_CENTRAL_SEASONS,2014/15 2024/25
75,Jacob Barnes,A Grade,PEELED_CENTRAL_SEASONS,2020/21 2021/22 2022/23 2025/26
75,Jacob Barnes,B Grade,PEELED_CENTRAL_SEASONS,2020/21 2021/22 2022/23 2023/24 2024/25 2025/26
75,Jacob Barnes,Colts,PEELED_CENTRAL_SEASONS,2023/24
75,Jacob Barnes,D Grade,PEELED_CENTRAL_SEASONS,2020/21 2023/24 2024/25
75,Jacob Barnes,PPL,CENTRAL_SEASONS_NOT_IN_NATIVE,2021/22
75,Jacob Barnes,PPL,PEELED_CENTRAL_SEASONS,2020/21 2025/26
76,Peter Harmer,B Grade,PEELED_CENTRAL_SEASONS,2008/09 2009/10 2010/11 2011/12
76,Peter Harmer,C Grade,PEELED_CENTRAL_SEASONS,2008/09 2009/10 2010/11 2011/12
76,Peter Harmer,D Grade,PEELED_CENTRAL_SEASONS,2008/09 2009/10 2012/13
76,Peter Harmer,E Grade,PEELED_CENTRAL_SEASONS,2009/10 2012/13
76,Peter Harmer,F Grade,PEELED_CENTRAL_SEASONS,2015/16 2016/17
77,Cary Green,A Grade,PEELED_CENTRAL_SEASONS,2003/04 2004/05 2005/06 2010/11 2011/12 2012/13 2013/14
77,Cary Green,B Grade,PEELED_CENTRAL_SEASONS,2004/05 2005/06
78,Aaron Fitzpatrick,C Grade,PEELED_CENTRAL_SEASONS,2011/12 2012/13 2013/14
78,Aaron Fitzpatrick,D Grade,PEELED_CENTRAL_SEASONS,2014/15 2019/20
78,Aaron Fitzpatrick,F Grade,PEELED_CENTRAL_SEASONS,2013/14
81,Timothy Miles,A Grade,PEELED_CENTRAL_SEASONS,2021/22 2022/23 2023/24 2024/25 2025/26
81,Timothy Miles,PPL,PEELED_CENTRAL_SEASONS,2021/22 2022/23 2023/24 2024/25 2025/26
83,Leigh Elder,C Grade,PEELED_CENTRAL_SEASONS,2006/07 2007/08 2008/09 2009/10 2010/11 2011/12
84,Dustin Robinson,A Grade,PEELED_CENTRAL_SEASONS,2017/18 2018/19 2019/20 2020/21 2021/22
84,Dustin Robinson,B Grade,CENTRAL_SEASONS_NOT_IN_NATIVE,2017/18
84,Dustin Robinson,B Grade,PEELED_CENTRAL_SEASONS,2018/19 2020/21 2021/22 2022/23 2023/24
84,Dustin Robinson,C Grade,PEELED_CENTRAL_SEASONS,2017/18
85,Mitchell Morley,A Grade,CENTRAL_SEASONS_NOT_IN_NATIVE,2022/23
85,Mitchell Morley,A Grade,PEELED_CENTRAL_SEASONS,2007/08 2008/09 2009/10 2011/12 2012/13 2023/24
85,Mitchell Morley,B Grade,PEELED_CENTRAL_SEASONS,2009/10 2010/11 2011/12 2012/13 2021/22 2022/23 2023/24
85,Mitchell Morley,D Grade,PEELED_CENTRAL_SEASONS,2005/06 2007/08 2011/12
86,Cameron Burrage,A Grade,PEELED_CENTRAL_SEASONS,2011/12 2012/13 2013/14 2014/15 2015/16 2016/17
86,Cameron Burrage,B Grade,PEELED_CENTRAL_SEASONS,2009/10 2010/11 2011/12 2012/13 2014/15 2015/16
86,Cameron Burrage,D Grade,PEELED_CENTRAL_SEASONS,2018/19
86,Cameron Burrage,E Grade,PEELED_CENTRAL_SEASONS,2009/10 2010/11
87,Daniel Rackham,C Grade,PEELED_CENTRAL_SEASONS,2004/05
87,Daniel Rackham,D Grade,PEELED_CENTRAL_SEASONS,2005/06 2006/07 2007/08 2008/09 2009/10
87,Daniel Rackham,E Grade,PEELED_CENTRAL_SEASONS,2009/10 2010/11 2011/12
87,Daniel Rackham,F Grade,PEELED_CENTRAL_SEASONS,2013/14 2014/15
88,Zachary Dreckow,B Grade,PEELED_CENTRAL_SEASONS,2020/21 2021/22 2022/23 2024/25 2025/26
88,Zachary Dreckow,Colts,PEELED_CENTRAL_SEASONS,2023/24 2024/25 2025/26
88,Zachary Dreckow,D Grade,PEELED_CENTRAL_SEASONS,2019/20 2020/21 2022/23 2024/25
88,Zachary Dreckow,E Grade,PEELED_CENTRAL_SEASONS,2021/22 2023/24
88,Zachary Dreckow,F Grade,PEELED_CENTRAL_SEASONS,2020/21 2023/24
88,Zachary Dreckow,PPL,PEELED_CENTRAL_SEASONS,2025/26
90,Jayden Matthews,A Grade,PEELED_CENTRAL_SEASONS,2010/11 2011/12
90,Jayden Matthews,B Grade,PEELED_CENTRAL_SEASONS,2010/11 2012/13 2013/14 2014/15
90,Jayden Matthews,C Grade,PEELED_CENTRAL_SEASONS,2011/12 2012/13 2013/14 2014/15 2015/16 2016/17
90,Jayden Matthews,D Grade,PEELED_CENTRAL_SEASONS,2010/11 2011/12 2012/13 2013/14 2014/15 2015/16 2016/17
90,Jayden Matthews,E Grade,PEELED_CENTRAL_SEASONS,2009/10 2010/11 2011/12 2012/13 2013/14 2015/16
90,Jayden Matthews,F Grade,PEELED_CENTRAL_SEASONS,2013/14 2015/16
91,Jeff Dillon,B Grade,PEELED_CENTRAL_SEASONS,2016/17
91,Jeff Dillon,C Grade,PEELED_CENTRAL_SEASONS,2012/13 2014/15
91,Jeff Dillon,D Grade,PEELED_CENTRAL_SEASONS,2011/12 2012/13 2013/14 2014/15 2015/16
91,Jeff Dillon,E Grade,PEELED_CENTRAL_SEASONS,2010/11
92,Matt Newton,D Grade,PEELED_CENTRAL_SEASONS,2014/15 2017/18 2018/19 2019/20
92,Matt Newton,E Grade,PEELED_CENTRAL_SEASONS,2011/12 2012/13 2013/14 2014/15 2015/16 2016/17 2017/18
92,Matt Newton,F Grade,PEELED_CENTRAL_SEASONS,2013/14 2017/18
93,Ashley Jeffrey,A Grade,PEELED_CENTRAL_SEASONS,2009/10 2010/11 2011/12 2012/13 2013/14 2014/15 2016/17
93,Ashley Jeffrey,B Grade,PEELED_CENTRAL_SEASONS,2006/07 2007/08 2009/10 2011/12 2012/13
93,Ashley Jeffrey,C Grade,PEELED_CENTRAL_SEASONS,2010/11 2011/12 2012/13 2014/15
93,Ashley Jeffrey,E Grade,PEELED_CENTRAL_SEASONS,2009/10 2010/11
94,Craig Ford,A Grade,CENTRAL_SEASONS_NOT_IN_NATIVE,2019/20
94,Craig Ford,A Grade,PEELED_CENTRAL_SEASONS,2016/17 2017/18 2018/19 2020/21 2023/24
94,Craig Ford,B Grade,PEELED_CENTRAL_SEASONS,2016/17 2020/21 2021/22 2023/24 2024/25 2025/26
95,David Lovell,A Grade,PEELED_CENTRAL_SEASONS,2003/04 2008/09 2009/10 2012/13
95,David Lovell,B Grade,PEELED_CENTRAL_SEASONS,2009/10 2010/11 2011/12
95,David Lovell,D Grade,PEELED_CENTRAL_SEASONS,2016/17 2017/18 2018/19 2020/21
95,David Lovell,E Grade,PEELED_CENTRAL_SEASONS,2014/15 2015/16 2016/17 2017/18 2021/22
95,David Lovell,F Grade,PEELED_CENTRAL_SEASONS,2014/15 2015/16 2017/18 2020/21
96,Rob Lawson,A Grade,PEELED_CENTRAL_SEASONS,2003/04
97,Darryl Morgan,B Grade,PEELED_CENTRAL_SEASONS,2005/06
98,Mitchell Green,A Grade,PEELED_CENTRAL_SEASONS,2004/05 2005/06 2009/10 2010/11 2011/12 2012/13 2013/14
98,Mitchell Green,B Grade,PEELED_CENTRAL_SEASONS,2005/06
100,Dean Patterson,C Grade,PEELED_CENTRAL_SEASONS,2004/05 2005/06
101,Joshua Quaid,A Grade,PEELED_CENTRAL_SEASONS,2006/07 2011/12
101,Joshua Quaid,B Grade,PEELED_CENTRAL_SEASONS,2006/07 2007/08 2009/10 2010/11 2011/12
101,Joshua Quaid,C Grade,PEELED_CENTRAL_SEASONS,2009/10 2010/11 2012/13 2013/14 2014/15 2017/18
101,Joshua Quaid,D Grade,PEELED_CENTRAL_SEASONS,2013/14 2016/17 2017/18 2022/23
101,Joshua Quaid,F Grade,PEELED_CENTRAL_SEASONS,2014/15
102,Tyler Naidoo,A Grade,PEELED_CENTRAL_SEASONS,2012/13 2013/14 2016/17
102,Tyler Naidoo,B Grade,PEELED_CENTRAL_SEASONS,2012/13 2013/14 2015/16 2022/23
102,Tyler Naidoo,C Grade,PEELED_CENTRAL_SEASONS,2013/14 2014/15 2015/16 2017/18
102,Tyler Naidoo,D Grade,CENTRAL_SEASONS_NOT_IN_NATIVE,2015/16
102,Tyler Naidoo,D Grade,PEELED_CENTRAL_SEASONS,2022/23
102,Tyler Naidoo,E Grade,PEELED_CENTRAL_SEASONS,2009/10 2010/11 2011/12 2014/15 2022/23
102,Tyler Naidoo,F Grade,PEELED_CENTRAL_SEASONS,2014/15 2016/17
103,Daniel Baker,A Grade,PEELED_CENTRAL_SEASONS,2014/15 2015/16 2016/17 2018/19
103,Daniel Baker,B Grade,CENTRAL_SEASONS_NOT_IN_NATIVE,2011/12
103,Daniel Baker,B Grade,PEELED_CENTRAL_SEASONS,2013/14 2014/15 2015/16 2016/17 2018/19
103,Daniel Baker,C Grade,PEELED_CENTRAL_SEASONS,2010/11 2011/12 2012/13 2013/14 2014/15
103,Daniel Baker,E Grade,PEELED_CENTRAL_SEASONS,2011/12 2012/13 2016/17
104,Dave Somers,C Grade,PEELED_CENTRAL_SEASONS,2014/15
104,Dave Somers,D Grade,PEELED_CENTRAL_SEASONS,2012/13 2014/15 2015/16
104,Dave Somers,E Grade,PEELED_CENTRAL_SEASONS,2012/13 2013/14 2014/15 2015/16 2016/17 2017/18
105,Andrew Tatterson,A Grade,PEELED_CENTRAL_SEASONS,2012/13 2013/14 2014/15 2015/16 2016/17 2017/18
107,Chris Love,D Grade,PEELED_CENTRAL_SEASONS,2017/18
107,Chris Love,E Grade,PEELED_CENTRAL_SEASONS,2012/13 2013/14 2014/15
107,Chris Love,F Grade,PEELED_CENTRAL_SEASONS,2013/14 2014/15 2015/16 2016/17
108,Andrew Pocklington,B Grade,PEELED_CENTRAL_SEASONS,2006/07 2007/08 2008/09 2012/13 2014/15
108,Andrew Pocklington,C Grade,PEELED_CENTRAL_SEASONS,2006/07 2007/08 2008/09 2012/13 2013/14 2014/15 2015/16 2016/17
108,Andrew Pocklington,D Grade,PEELED_CENTRAL_SEASONS,2012/13 2015/16
108,Andrew Pocklington,F Grade,CENTRAL_SEASONS_NOT_IN_NATIVE,2022/23
108,Andrew Pocklington,F Grade,PEELED_CENTRAL_SEASONS,2016/17
109,Adam Gray,B Grade,PEELED_CENTRAL_SEASONS,2020/21 2021/22 2022/23 2023/24 2024/25
109,Adam Gray,D Grade,PEELED_CENTRAL_SEASONS,2019/20 2020/21 2021/22 2023/24
109,Adam Gray,E Grade,PEELED_CENTRAL_SEASONS,2025/26
110,Mason Austin,B Grade,PEELED_CENTRAL_SEASONS,2014/15 2015/16 2019/20 2020/21
110,Mason Austin,C Grade,PEELED_CENTRAL_SEASONS,2013/14 2015/16
110,Mason Austin,D Grade,PEELED_CENTRAL_SEASONS,2016/17 2017/18 2018/19 2019/20 2020/21
110,Mason Austin,E Grade,PEELED_CENTRAL_SEASONS,2014/15 2015/16 2016/17 2017/18
110,Mason Austin,F Grade,PEELED_CENTRAL_SEASONS,2014/15 2015/16 2021/22
111,Nathan Pasco,C Grade,PEELED_CENTRAL_SEASONS,2017/18
111,Nathan Pasco,D Grade,PEELED_CENTRAL_SEASONS,2013/14 2014/15 2015/16 2016/17 2017/18
111,Nathan Pasco,E Grade,PEELED_CENTRAL_SEASONS,2013/14 2014/15 2015/16
111,Nathan Pasco,F Grade,PEELED_CENTRAL_SEASONS,2013/14 2014/15 2015/16 2016/17
112,Rod Tregenza,A Grade,PEELED_CENTRAL_SEASONS,2005/06 2006/07 2009/10
112,Rod Tregenza,B Grade,PEELED_CENTRAL_SEASONS,2005/06 2007/08 2009/10
112,Rod Tregenza,C Grade,PEELED_CENTRAL_SEASONS,2007/08 2008/09 2011/12 2013/14
113,Montanna Kelly-Wilson,F Grade,PEELED_CENTRAL_SEASONS,2021/22 2022/23
113,Montanna Kelly-Wilson,Female A Grade,PEELED_CENTRAL_SEASONS,2023/24 2024/25 2025/26
115,Michael Niven,B Grade,PEELED_CENTRAL_SEASONS,2021/22
115,Michael Niven,D Grade,PEELED_CENTRAL_SEASONS,2021/22 2023/24 2024/25 2025/26
115,Michael Niven,E Grade,PEELED_CENTRAL_SEASONS,2021/22 2023/24 2024/25
115,Michael Niven,F Grade,PEELED_CENTRAL_SEASONS,2023/24 2024/25
116,Travis Caine,A Grade,PEELED_CENTRAL_SEASONS,2023/24 2024/25 2025/26
116,Travis Caine,B Grade,PEELED_CENTRAL_SEASONS,2023/24 2025/26
116,Travis Caine,Colts,PEELED_CENTRAL_SEASONS,2023/24 2024/25 2025/26
116,Travis Caine,PPL,PEELED_CENTRAL_SEASONS,2025/26
117,Blake Allen,A Grade,PEELED_CENTRAL_SEASONS,2022/23 2023/24
117,Blake Allen,B Grade,PEELED_CENTRAL_SEASONS,2022/23 2023/24 2024/25 2025/26
117,Blake Allen,Colts,PEELED_CENTRAL_SEASONS,2023/24 2024/25 2025/26
117,Blake Allen,D Grade,PEELED_CENTRAL_SEASONS,2017/18 2018/19 2019/20 2020/21 2021/22 2023/24 2024/25
117,Blake Allen,E Grade,PEELED_CENTRAL_SEASONS,2021/22 2025/26
118,Dale Gumbleton,A Grade,CENTRAL_SEASONS_NOT_IN_NATIVE,2014/15 2016/17
118,Dale Gumbleton,A Grade,PEELED_CENTRAL_SEASONS,2013/14 2019/20
118,Dale Gumbleton,B Grade,PEELED_CENTRAL_SEASONS,2010/11 2012/13 2013/14 2014/15
118,Dale Gumbleton,D Grade,PEELED_CENTRAL_SEASONS,2016/17 2019/20
121,Jett Demmery,A Grade,PEELED_CENTRAL_SEASONS,2024/25 2025/26
121,Jett Demmery,B Grade,PEELED_CENTRAL_SEASONS,2024/25
121,Jett Demmery,Colts,PEELED_CENTRAL_SEASONS,2023/24 2024/25 2025/26
121,Jett Demmery,E Grade,PEELED_CENTRAL_SEASONS,2022/23
121,Jett Demmery,F Grade,PEELED_CENTRAL_SEASONS,2021/22 2022/23
121,Jett Demmery,PPL,PEELED_CENTRAL_SEASONS,2024/25 2025/26
122,Mark Cruickshank,E Grade,PEELED_CENTRAL_SEASONS,2011/12 2012/13 2013/14 2014/15
123,Mitchell Felton,A Grade,PEELED_CENTRAL_SEASONS,2016/17 2018/19 2019/20 2021/22 2022/23 2023/24 2024/25 2025/26
123,Mitchell Felton,B Grade,CENTRAL_SEASONS_NOT_IN_NATIVE,2017/18
123,Mitchell Felton,B Grade,PEELED_CENTRAL_SEASONS,2012/13 2013/14 2014/15 2015/16 2016/17 2018/19 2021/22 2022/23 2024/25
123,Mitchell Felton,C Grade,PEELED_CENTRAL_SEASONS,2011/12 2012/13 2013/14 2014/15 2015/16 2017/18
123,Mitchell Felton,D Grade,PEELED_CENTRAL_SEASONS,2011/12 2012/13
123,Mitchell Felton,PPL,CENTRAL_SEASONS_NOT_IN_NATIVE,2016/17
123,Mitchell Felton,PPL,PEELED_CENTRAL_SEASONS,2019/20 2025/26
124,Geoffrey Buchholz,D Grade,PEELED_CENTRAL_SEASONS,2008/09 2009/10 2010/11 2011/12 2013/14
124,Geoffrey Buchholz,E Grade,PEELED_CENTRAL_SEASONS,2013/14
124,Geoffrey Buchholz,F Grade,CENTRAL_SEASONS_NOT_IN_NATIVE,2014/15
124,Geoffrey Buchholz,F Grade,PEELED_CENTRAL_SEASONS,2013/14 2015/16
125,Brennan Gillam,A Grade,PEELED_CENTRAL_SEASONS,2005/06 2007/08 2008/09 2009/10 2010/11 2011/12 2012/13
125,Brennan Gillam,C Grade,PEELED_CENTRAL_SEASONS,2015/16 2017/18
126,Alex Quigg,A Grade,PEELED_CENTRAL_SEASONS,2019/20 2020/21
126,Alex Quigg,B Grade,PEELED_CENTRAL_SEASONS,2018/19 2019/20 2020/21
126,Alex Quigg,C Grade,PEELED_CENTRAL_SEASONS,2017/18
126,Alex Quigg,D Grade,PEELED_CENTRAL_SEASONS,2016/17 2017/18 2018/19 2019/20
127,Mick Carlton,A Grade,PEELED_CENTRAL_SEASONS,2004/05 2006/07 2007/08
127,Mick Carlton,B Grade,PEELED_CENTRAL_SEASONS,2004/05 2005/06 2006/07 2007/08 2009/10
128,Reid Klopper,A Grade,PEELED_CENTRAL_SEASONS,2016/17 2017/18 2018/19
128,Reid Klopper,B Grade,CENTRAL_SEASONS_NOT_IN_NATIVE,2017/18
128,Reid Klopper,B Grade,PEELED_CENTRAL_SEASONS,2014/15 2015/16 2016/17
128,Reid Klopper,C Grade,PEELED_CENTRAL_SEASONS,2014/15 2015/16
128,Reid Klopper,D Grade,PEELED_CENTRAL_SEASONS,2014/15
128,Reid Klopper,F Grade,PEELED_CENTRAL_SEASONS,2014/15
129,Andrew Cocking,B Grade,PEELED_CENTRAL_SEASONS,2007/08 2019/20 2020/21 2021/22
129,Andrew Cocking,C Grade,CENTRAL_SEASONS_NOT_IN_NATIVE,2007/08
129,Andrew Cocking,C Grade,PEELED_CENTRAL_SEASONS,2006/07 2009/10 2013/14 2014/15
129,Andrew Cocking,D Grade,PEELED_CENTRAL_SEASONS,2006/07 2007/08 2008/09 2013/14 2014/15 2019/20
129,Andrew Cocking,E Grade,PEELED_CENTRAL_SEASONS,2009/10 2021/22
130,Jesse Hickman,B Grade,CENTRAL_SEASONS_NOT_IN_NATIVE,2017/18
130,Jesse Hickman,B Grade,PEELED_CENTRAL_SEASONS,2013/14 2014/15 2015/16 2016/17
130,Jesse Hickman,C Grade,PEELED_CENTRAL_SEASONS,2013/14 2015/16 2016/17 2017/18
130,Jesse Hickman,D Grade,PEELED_CENTRAL_SEASONS,2013/14 2014/15
130,Jesse Hickman,E Grade,PEELED_CENTRAL_SEASONS,2014/15
130,Jesse Hickman,F Grade,PEELED_CENTRAL_SEASONS,2013/14 2014/15
131,Bradley Wiseman,A Grade,PEELED_CENTRAL_SEASONS,2010/11 2011/12 2012/13 2013/14 2014/15
131,Bradley Wiseman,B Grade,PEELED_CENTRAL_SEASONS,2010/11 2012/13 2014/15
132,Karan Mehta,B Grade,PEELED_CENTRAL_SEASONS,2004/05 2005/06 2006/07 2007/08
132,Karan Mehta,C Grade,PEELED_CENTRAL_SEASONS,2004/05 2005/06 2006/07 2007/08 2008/09
133,Hudson Malingre,A Grade,PEELED_CENTRAL_SEASONS,2025/26
133,Hudson Malingre,B Grade,PEELED_CENTRAL_SEASONS,2020/21 2024/25 2025/26
133,Hudson Malingre,Colts,PEELED_CENTRAL_SEASONS,2024/25 2025/26
133,Hudson Malingre,D Grade,CENTRAL_SEASONS_NOT_IN_NATIVE,2025/26
133,Hudson Malingre,D Grade,PEELED_CENTRAL_SEASONS,2019/20 2020/21
134,Jake Bennett,Colts,PEELED_CENTRAL_SEASONS,2025/26
134,Jake Bennett,D Grade,PEELED_CENTRAL_SEASONS,2025/26
134,Jake Bennett,E Grade,PEELED_CENTRAL_SEASONS,2022/23 2023/24 2024/25 2025/26
134,Jake Bennett,F Grade,PEELED_CENTRAL_SEASONS,2022/23 2024/25 2025/26
135,Craig White,A Grade,PEELED_CENTRAL_SEASONS,2003/04 2004/05 2005/06 2006/07 2007/08 2008/09
136,Keelan Beattie,A Grade,PEELED_CENTRAL_SEASONS,2022/23 2023/24 2024/25
136,Keelan Beattie,B Grade,PEELED_CENTRAL_SEASONS,2022/23 2025/26
136,Keelan Beattie,PPL,PEELED_CENTRAL_SEASONS,2022/23 2023/24
137,Shane Goldsmid,C Grade,CENTRAL_SEASONS_NOT_IN_NATIVE,2004/05
137,Shane Goldsmid,C Grade,PEELED_CENTRAL_SEASONS,2005/06
137,Shane Goldsmid,D Grade,PEELED_CENTRAL_SEASONS,2005/06
138,Caden Mccarthy,B Grade,PEELED_CENTRAL_SEASONS,2006/07 2007/08 2008/09 2009/10 2010/11 2012/13
138,Caden Mccarthy,D Grade,PEELED_CENTRAL_SEASONS,2008/09
138,Caden Mccarthy,F Grade,PEELED_CENTRAL_SEASONS,2013/14 2016/17
139,Brendan Chappell,B Grade,CENTRAL_SEASONS_NOT_IN_NATIVE,2017/18
139,Brendan Chappell,C Grade,PEELED_CENTRAL_SEASONS,2014/15 2015/16 2017/18
139,Brendan Chappell,D Grade,CENTRAL_SEASONS_NOT_IN_NATIVE,2018/19
139,Brendan Chappell,D Grade,PEELED_CENTRAL_SEASONS,2014/15 2015/16 2016/17 2017/18
139,Brendan Chappell,E Grade,PEELED_CENTRAL_SEASONS,2014/15
139,Brendan Chappell,F Grade,PEELED_CENTRAL_SEASONS,2016/17
140,Bradley Smith,B Grade,PEELED_CENTRAL_SEASONS,2005/06 2006/07 2007/08 2008/09
140,Bradley Smith,C Grade,PEELED_CENTRAL_SEASONS,2006/07 2007/08 2008/09 2009/10
140,Bradley Smith,D Grade,PEELED_CENTRAL_SEASONS,2007/08 2008/09
140,Bradley Smith,E Grade,PEELED_CENTRAL_SEASONS,2011/12
141,Ross Burrage,B Grade,PEELED_CENTRAL_SEASONS,2008/09 2009/10 2010/11 2011/12
141,Ross Burrage,D Grade,PEELED_CENTRAL_SEASONS,2012/13 2013/14
142,Ric Mulcahy,D Grade,PEELED_CENTRAL_SEASONS,2015/16
142,Ric Mulcahy,E Grade,PEELED_CENTRAL_SEASONS,2013/14 2014/15 2015/16
143,Philip Head,B Grade,PEELED_CENTRAL_SEASONS,2014/15 2015/16 2016/17 2019/20
143,Philip Head,C Grade,PEELED_CENTRAL_SEASONS,2015/16 2016/17 2022/23
143,Philip Head,D Grade,PEELED_CENTRAL_SEASONS,2014/15 2019/20 2021/22
143,Philip Head,E Grade,PEELED_CENTRAL_SEASONS,2021/22 2023/24
143,Philip Head,F Grade,PEELED_CENTRAL_SEASONS,2023/24 2024/25 2025/26
144,Rylan Arms,B Grade,PEELED_CENTRAL_SEASONS,2022/23 2023/24 2024/25 2025/26
144,Rylan Arms,D Grade,PEELED_CENTRAL_SEASONS,2022/23 2024/25
144,Rylan Arms,E Grade,PEELED_CENTRAL_SEASONS,2022/23
144,Rylan Arms,F Grade,PEELED_CENTRAL_SEASONS,2022/23
145,Ben Kissell,B Grade,PEELED_CENTRAL_SEASONS,2018/19 2019/20
145,Ben Kissell,D Grade,PEELED_CENTRAL_SEASONS,2018/19 2019/20 2022/23
145,Ben Kissell,E Grade,PEELED_CENTRAL_SEASONS,2011/12 2021/22
145,Ben Kissell,F Grade,PEELED_CENTRAL_SEASONS,2013/14 2014/15 2016/17 2021/22
146,Joseph Slade,A Grade,PEELED_CENTRAL_SEASONS,2020/21 2021/22 2022/23
146,Joseph Slade,B Grade,PEELED_CENTRAL_SEASONS,2021/22 2023/24 2024/25
146,Joseph Slade,E Grade,PEELED_CENTRAL_SEASONS,2021/22 2024/25
146,Joseph Slade,F Grade,PEELED_CENTRAL_SEASONS,2021/22
147,Peter Walsh,B Grade,PEELED_CENTRAL_SEASONS,2025/26
147,Peter Walsh,Colts,PEELED_CENTRAL_SEASONS,2023/24 2024/25 2025/26
147,Peter Walsh,D Grade,PEELED_CENTRAL_SEASONS,2024/25 2025/26
147,Peter Walsh,E Grade,PEELED_CENTRAL_SEASONS,2024/25 2025/26
147,Peter Walsh,F Grade,PEELED_CENTRAL_SEASONS,2023/24 2024/25
148,Rodney Watt,D Grade,PEELED_CENTRAL_SEASONS,2014/15 2015/16 2017/18
148,Rodney Watt,E Grade,PEELED_CENTRAL_SEASONS,2013/14 2014/15 2015/16 2016/17 2017/18
149,Grant Pattison,B Grade,PEELED_CENTRAL_SEASONS,2021/22 2023/24 2025/26
149,Grant Pattison,D Grade,PEELED_CENTRAL_SEASONS,2019/20 2023/24 2024/25 2025/26
149,Grant Pattison,E Grade,PEELED_CENTRAL_SEASONS,2021/22 2024/25
149,Grant Pattison,F Grade,PEELED_CENTRAL_SEASONS,2024/25
150,Michael Holmes,A Grade,PEELED_CENTRAL_SEASONS,2003/04 2004/05 2005/06 2006/07
151,Joe Lovell,B Grade,PEELED_CENTRAL_SEASONS,2018/19 2019/20 2021/22
151,Joe Lovell,D Grade,PEELED_CENTRAL_SEASONS,2017/18 2018/19 2021/22 2022/23
151,Joe Lovell,E Grade,PEELED_CENTRAL_SEASONS,2014/15 2017/18 2021/22
151,Joe Lovell,F Grade,CENTRAL_SEASONS_NOT_IN_NATIVE,2022/23
151,Joe Lovell,F Grade,PEELED_CENTRAL_SEASONS,2014/15 2015/16 2021/22
152,Andrew Pasco,A Grade,PEELED_CENTRAL_SEASONS,2018/19
152,Andrew Pasco,B Grade,CENTRAL_SEASONS_NOT_IN_NATIVE,2017/18
152,Andrew Pasco,B Grade,PEELED_CENTRAL_SEASONS,2018/19 2019/20
152,Andrew Pasco,C Grade,PEELED_CENTRAL_SEASONS,2016/17 2017/18
152,Andrew Pasco,D Grade,PEELED_CENTRAL_SEASONS,2016/17
153,James Finlay,B Grade,PEELED_CENTRAL_SEASONS,2014/15 2020/21
153,James Finlay,C Grade,PEELED_CENTRAL_SEASONS,2014/15
153,James Finlay,D Grade,PEELED_CENTRAL_SEASONS,2014/15 2015/16 2016/17 2019/20 2020/21
153,James Finlay,E Grade,PEELED_CENTRAL_SEASONS,2014/15
153,James Finlay,F Grade,PEELED_CENTRAL_SEASONS,2014/15 2015/16
155,Joshua Fourez,A Grade,PEELED_CENTRAL_SEASONS,2019/20 2020/21
155,Joshua Fourez,B Grade,PEELED_CENTRAL_SEASONS,2018/19 2020/21 2021/22 2024/25
155,Joshua Fourez,D Grade,PEELED_CENTRAL_SEASONS,2017/18 2018/19
156,Josh Finlay,D Grade,PEELED_CENTRAL_SEASONS,2007/08 2008/09 2009/10 2017/18
156,Josh Finlay,E Grade,PEELED_CENTRAL_SEASONS,2009/10 2010/11 2011/12
158,Danni Render,Female A Grade,PEELED_CENTRAL_SEASONS,2023/24 2024/25
159,Jake Pattison,A Grade,PEELED_CENTRAL_SEASONS,2021/22
159,Jake Pattison,B Grade,PEELED_CENTRAL_SEASONS,2021/22
159,Jake Pattison,Colts,PEELED_CENTRAL_SEASONS,2023/24 2024/25 2025/26
159,Jake Pattison,D Grade,PEELED_CENTRAL_SEASONS,2019/20 2020/21
159,Jake Pattison,F Grade,PEELED_CENTRAL_SEASONS,2020/21
159,Jake Pattison,PPL,PEELED_CENTRAL_SEASONS,2021/22 2023/24 2025/26
160,Christopher Thomas,A Grade,PEELED_CENTRAL_SEASONS,2013/14 2016/17
160,Christopher Thomas,B Grade,PEELED_CENTRAL_SEASONS,2013/14 2015/16 2016/17 2021/22
160,Christopher Thomas,C Grade,PEELED_CENTRAL_SEASONS,2013/14 2015/16 2016/17
160,Christopher Thomas,D Grade,PEELED_CENTRAL_SEASONS,2013/14 2015/16 2016/17
160,Christopher Thomas,E Grade,PEELED_CENTRAL_SEASONS,2013/14
160,Christopher Thomas,F Grade,PEELED_CENTRAL_SEASONS,2013/14
162,Declan Chappell,B Grade,CENTRAL_SEASONS_NOT_IN_NATIVE,2017/18
162,Declan Chappell,B Grade,PEELED_CENTRAL_SEASONS,2015/16 2016/17 2021/22
162,Declan Chappell,D Grade,PEELED_CENTRAL_SEASONS,2014/15
163,Ben Dreckow,D Grade,PEELED_CENTRAL_SEASONS,2020/21 2022/23
163,Ben Dreckow,E Grade,PEELED_CENTRAL_SEASONS,2021/22 2022/23 2024/25
163,Ben Dreckow,F Grade,PEELED_CENTRAL_SEASONS,2020/21 2021/22 2022/23 2023/24 2024/25 2025/26
164,Andre Geeraets,E Grade,PEELED_CENTRAL_SEASONS,2021/22 2022/23
164,Andre Geeraets,F Grade,PEELED_CENTRAL_SEASONS,2020/21 2021/22 2022/23 2023/24 2024/25
165,Prabhjot Singh Makkar,C Grade,PEELED_CENTRAL_SEASONS,2014/15 2015/16 2016/17
165,Prabhjot Singh Makkar,D Grade,PEELED_CENTRAL_SEASONS,2014/15 2015/16 2016/17
165,Prabhjot Singh Makkar,E Grade,PEELED_CENTRAL_SEASONS,2013/14 2014/15
165,Prabhjot Singh Makkar,F Grade,PEELED_CENTRAL_SEASONS,2013/14 2014/15
167,Russell Moffat,B Grade,PEELED_CENTRAL_SEASONS,2023/24 2025/26
167,Russell Moffat,D Grade,PEELED_CENTRAL_SEASONS,2023/24 2024/25 2025/26
167,Russell Moffat,E Grade,PEELED_CENTRAL_SEASONS,2023/24 2024/25
168,Jobin Muthukattil Kuriakose,D Grade,PEELED_CENTRAL_SEASONS,2025/26
168,Jobin Muthukattil Kuriakose,E Grade,PEELED_CENTRAL_SEASONS,2022/23 2023/24 2025/26
168,Jobin Muthukattil Kuriakose,F Grade,PEELED_CENTRAL_SEASONS,2022/23 2023/24 2024/25 2025/26
169,Kim Buchholz,C Grade,PEELED_CENTRAL_SEASONS,2009/10 2011/12 2015/16
169,Kim Buchholz,D Grade,PEELED_CENTRAL_SEASONS,2009/10 2010/11 2015/16
169,Kim Buchholz,E Grade,PEELED_CENTRAL_SEASONS,2010/11 2011/12
169,Kim Buchholz,F Grade,PEELED_CENTRAL_SEASONS,2013/14
170,Bodie Terbeeke,D Grade,PEELED_CENTRAL_SEASONS,2022/23 2023/24 2024/25
170,Bodie Terbeeke,E Grade,PEELED_CENTRAL_SEASONS,2021/22 2022/23 2023/24 2024/25
170,Bodie Terbeeke,F Grade,PEELED_CENTRAL_SEASONS,2021/22 2022/23 2023/24
172,Mathew Skender,A Grade,PEELED_CENTRAL_SEASONS,2008/09 2013/14
172,Mathew Skender,B Grade,PEELED_CENTRAL_SEASONS,2008/09 2009/10 2012/13 2013/14
172,Mathew Skender,C Grade,PEELED_CENTRAL_SEASONS,2008/09 2012/13
173,Greg Stack,D Grade,PEELED_CENTRAL_SEASONS,2017/18
173,Greg Stack,E Grade,PEELED_CENTRAL_SEASONS,2015/16 2016/17 2017/18
173,Greg Stack,F Grade,PEELED_CENTRAL_SEASONS,2015/16
174,Christopher Mccarthy,D Grade,PEELED_CENTRAL_SEASONS,2010/11 2011/12
174,Christopher Mccarthy,E Grade,PEELED_CENTRAL_SEASONS,2009/10 2010/11 2011/12
175,Shreyas Dighe,D Grade,PEELED_CENTRAL_SEASONS,2024/25 2025/26
175,Shreyas Dighe,E Grade,PEELED_CENTRAL_SEASONS,2022/23 2023/24 2024/25 2025/26
175,Shreyas Dighe,F Grade,PEELED_CENTRAL_SEASONS,2022/23 2023/24 2024/25 2025/26
176,Brett Knight,C Grade,PEELED_CENTRAL_SEASONS,2006/07 2017/18
176,Brett Knight,E Grade,PEELED_CENTRAL_SEASONS,2015/16 2016/17 2017/18
177,Aden Chinnery,D Grade,PEELED_CENTRAL_SEASONS,2021/22 2022/23
177,Aden Chinnery,E Grade,PEELED_CENTRAL_SEASONS,2021/22 2022/23 2023/24
177,Aden Chinnery,F Grade,PEELED_CENTRAL_SEASONS,2023/24
178,Norman Mcgough,E Grade,PEELED_CENTRAL_SEASONS,2011/12 2012/13 2013/14 2014/15
178,Norman Mcgough,F Grade,PEELED_CENTRAL_SEASONS,2014/15
179,Pablo Roig,C Grade,CENTRAL_SEASONS_NOT_IN_NATIVE,2004/05
179,Pablo Roig,D Grade,PEELED_CENTRAL_SEASONS,2005/06 2007/08
179,Pablo Roig,E Grade,PEELED_CENTRAL_SEASONS,2009/10 2010/11 2012/13
180,Blair Cartwright,A Grade,PEELED_CENTRAL_SEASONS,2012/13 2013/14 2014/15
180,Blair Cartwright,B Grade,PEELED_CENTRAL_SEASONS,2012/13 2013/14 2014/15
180,Blair Cartwright,C Grade,PEELED_CENTRAL_SEASONS,2013/14
181,Julie Ophel,Female A Grade,PEELED_CENTRAL_SEASONS,2023/24
182,Anurag Natu,D Grade,PEELED_CENTRAL_SEASONS,2024/25
182,Anurag Natu,E Grade,PEELED_CENTRAL_SEASONS,2022/23 2023/24 2024/25
182,Anurag Natu,F Grade,PEELED_CENTRAL_SEASONS,2013/14 2022/23 2023/24 2024/25
183,James Reid,C Grade,PEELED_CENTRAL_SEASONS,2014/15
183,James Reid,D Grade,PEELED_CENTRAL_SEASONS,2015/16 2016/17 2017/18
183,James Reid,E Grade,PEELED_CENTRAL_SEASONS,2016/17 2017/18
183,James Reid,F Grade,PEELED_CENTRAL_SEASONS,2014/15 2016/17 2017/18
184,Ashley Dhu,C Grade,PEELED_CENTRAL_SEASONS,2004/05 2005/06
184,Ashley Dhu,D Grade,PEELED_CENTRAL_SEASONS,2005/06 2006/07
185,Daniel Fogarty,E Grade,PEELED_CENTRAL_SEASONS,2022/23 2023/24 2024/25
185,Daniel Fogarty,F Grade,PEELED_CENTRAL_SEASONS,2022/23 2023/24 2024/25 2025/26
187,William Lambert,Colts,PEELED_CENTRAL_SEASONS,2023/24
187,William Lambert,D Grade,PEELED_CENTRAL_SEASONS,2022/23
187,William Lambert,E Grade,PEELED_CENTRAL_SEASONS,2021/22 2022/23 2023/24
187,William Lambert,F Grade,PEELED_CENTRAL_SEASONS,2020/21 2021/22 2022/23 2023/24
188,Joel Evans,A Grade,PEELED_CENTRAL_SEASONS,2015/16 2016/17
188,Joel Evans,B Grade,CENTRAL_SEASONS_NOT_IN_NATIVE,2017/18
188,Joel Evans,B Grade,PEELED_CENTRAL_SEASONS,2015/16
188,Joel Evans,C Grade,PEELED_CENTRAL_SEASONS,2015/16 2017/18
189,Tim Shand,A Grade,PEELED_CENTRAL_SEASONS,2007/08 2008/09 2009/10 2010/11
189,Tim Shand,B Grade,PEELED_CENTRAL_SEASONS,2007/08 2009/10 2010/11
190,Thomas Smith,B Grade,PEELED_CENTRAL_SEASONS,2024/25
190,Thomas Smith,D Grade,PEELED_CENTRAL_SEASONS,2022/23 2023/24 2024/25
190,Thomas Smith,E Grade,PEELED_CENTRAL_SEASONS,2022/23 2023/24 2024/25
191,James Matau,A Grade,PEELED_CENTRAL_SEASONS,2010/11 2011/12 2012/13
191,James Matau,B Grade,PEELED_CENTRAL_SEASONS,2008/09 2009/10 2010/11 2011/12 2012/13
191,James Matau,C Grade,PEELED_CENTRAL_SEASONS,2008/09 2009/10 2010/11 2012/13
191,James Matau,D Grade,PEELED_CENTRAL_SEASONS,2007/08 2008/09
192,Freddie Higton,A Grade,PEELED_CENTRAL_SEASONS,2024/25 2025/26
192,Freddie Higton,B Grade,PEELED_CENTRAL_SEASONS,2024/25 2025/26
192,Freddie Higton,Colts,PEELED_CENTRAL_SEASONS,2024/25 2025/26
192,Freddie Higton,PPL,PEELED_CENTRAL_SEASONS,2024/25
193,Samuel Smith,B Grade,PEELED_CENTRAL_SEASONS,2024/25
193,Samuel Smith,D Grade,CENTRAL_SEASONS_NOT_IN_NATIVE,2022/23
193,Samuel Smith,D Grade,PEELED_CENTRAL_SEASONS,2023/24 2024/25
193,Samuel Smith,E Grade,PEELED_CENTRAL_SEASONS,2022/23 2023/24 2024/25
193,Samuel Smith,F Grade,PEELED_CENTRAL_SEASONS,2022/23
195,Ian White,C Grade,PEELED_CENTRAL_SEASONS,2005/06 2006/07 2008/09 2009/10 2011/12
196,Archie Nicholson,B Grade,PEELED_CENTRAL_SEASONS,2025/26
196,Archie Nicholson,D Grade,PEELED_CENTRAL_SEASONS,2025/26
196,Archie Nicholson,E Grade,PEELED_CENTRAL_SEASONS,2025/26
196,Archie Nicholson,F Grade,PEELED_CENTRAL_SEASONS,2024/25
197,Aaron Cross,B Grade,PEELED_CENTRAL_SEASONS,2015/16 2016/17
197,Aaron Cross,C Grade,PEELED_CENTRAL_SEASONS,2014/15 2015/16 2016/17
197,Aaron Cross,D Grade,PEELED_CENTRAL_SEASONS,2014/15
198,Brad Malingre,B Grade,PEELED_CENTRAL_SEASONS,2020/21
198,Brad Malingre,D Grade,PEELED_CENTRAL_SEASONS,2020/21
198,Brad Malingre,E Grade,PEELED_CENTRAL_SEASONS,2024/25 2025/26
198,Brad Malingre,F Grade,PEELED_CENTRAL_SEASONS,2023/24
199,Grant Dhu,B Grade,PEELED_CENTRAL_SEASONS,2004/05
199,Grant Dhu,C Grade,CENTRAL_SEASONS_NOT_IN_NATIVE,2004/05
200,Greg Chalker,A Grade,PEELED_CENTRAL_SEASONS,2007/08
200,Greg Chalker,C Grade,PEELED_CENTRAL_SEASONS,2006/07
201,Drew Loaring,D Grade,PEELED_CENTRAL_SEASONS,2014/15
201,Drew Loaring,E Grade,PEELED_CENTRAL_SEASONS,2014/15 2016/17
201,Drew Loaring,F Grade,PEELED_CENTRAL_SEASONS,2014/15 2015/16 2016/17
202,Zac Perry,C Grade,PEELED_CENTRAL_SEASONS,2015/16
202,Zac Perry,D Grade,PEELED_CENTRAL_SEASONS,2014/15 2015/16 2018/19
202,Zac Perry,E Grade,PEELED_CENTRAL_SEASONS,2013/14 2014/15 2015/16
202,Zac Perry,F Grade,PEELED_CENTRAL_SEASONS,2013/14 2014/15
203,Bradley Lee,D Grade,PEELED_CENTRAL_SEASONS,2021/22 2022/23
203,Bradley Lee,E Grade,PEELED_CENTRAL_SEASONS,2021/22 2022/23 2024/25 2025/26
203,Bradley Lee,F Grade,PEELED_CENTRAL_SEASONS,2021/22
204,Eligh Frunks,Colts,PEELED_CENTRAL_SEASONS,2024/25
204,Eligh Frunks,D Grade,PEELED_CENTRAL_SEASONS,2023/24 2024/25 2025/26
204,Eligh Frunks,E Grade,PEELED_CENTRAL_SEASONS,2024/25 2025/26
204,Eligh Frunks,F Grade,PEELED_CENTRAL_SEASONS,2023/24 2024/25 2025/26
205,Daniel Litchfield,B Grade,PEELED_CENTRAL_SEASONS,2024/25 2025/26
205,Daniel Litchfield,Colts,PEELED_CENTRAL_SEASONS,2024/25 2025/26
205,Daniel Litchfield,E Grade,PEELED_CENTRAL_SEASONS,2024/25
205,Daniel Litchfield,F Grade,PEELED_CENTRAL_SEASONS,2021/22
206,Luke Ash,E Grade,PEELED_CENTRAL_SEASONS,2023/24 2025/26
206,Luke Ash,F Grade,PEELED_CENTRAL_SEASONS,2023/24 2024/25 2025/26
207,Harsha Vithanage,D Grade,PEELED_CENTRAL_SEASONS,2020/21 2021/22 2022/23 2023/24
207,Harsha Vithanage,E Grade,PEELED_CENTRAL_SEASONS,2021/22 2022/23 2023/24
207,Harsha Vithanage,F Grade,PEELED_CENTRAL_SEASONS,2020/21 2021/22
208,Nigel Brittain,D Grade,PEELED_CENTRAL_SEASONS,2005/06 2006/07 2007/08
209,Damien Burrage,A Grade,PEELED_CENTRAL_SEASONS,2014/15
209,Damien Burrage,B Grade,PEELED_CENTRAL_SEASONS,2014/15
209,Damien Burrage,D Grade,PEELED_CENTRAL_SEASONS,2013/14
209,Damien Burrage,PPL,PEELED_CENTRAL_SEASONS,2019/20 2020/21
210,Adam Dallmann,D Grade,PEELED_CENTRAL_SEASONS,2006/07 2007/08 2008/09 2010/11 2013/14
210,Adam Dallmann,E Grade,PEELED_CENTRAL_SEASONS,2010/11 2013/14
210,Adam Dallmann,F Grade,PEELED_CENTRAL_SEASONS,2013/14
211,Garth Capper,D Grade,PEELED_CENTRAL_SEASONS,2007/08 2008/09 2009/10 2011/12
211,Garth Capper,E Grade,PEELED_CENTRAL_SEASONS,2009/10 2011/12
212,Chloe Guyton,Female A Grade,PEELED_CENTRAL_SEASONS,2023/24 2024/25 2025/26
213,Iszac Willey,A Grade,PEELED_CENTRAL_SEASONS,2021/22 2022/23
213,Iszac Willey,B Grade,PEELED_CENTRAL_SEASONS,2021/22 2022/23
214,Jessica Bradley,E Grade,PEELED_CENTRAL_SEASONS,2025/26
214,Jessica Bradley,F Grade,PEELED_CENTRAL_SEASONS,2023/24
214,Jessica Bradley,Female A Grade,PEELED_CENTRAL_SEASONS,2023/24 2024/25 2025/26
215,Craig Forbes,D Grade,PEELED_CENTRAL_SEASONS,2011/12 2012/13 2013/14
216,Jimmy Lee,D Grade,PEELED_CENTRAL_SEASONS,2009/10
216,Jimmy Lee,E Grade,PEELED_CENTRAL_SEASONS,2009/10 2010/11 2011/12
219,Joshua Jones,D Grade,PEELED_CENTRAL_SEASONS,2022/23
219,Joshua Jones,E Grade,PEELED_CENTRAL_SEASONS,2022/23 2023/24
219,Joshua Jones,F Grade,PEELED_CENTRAL_SEASONS,2022/23
220,George Young,B Grade,PEELED_CENTRAL_SEASONS,2025/26
220,George Young,E Grade,PEELED_CENTRAL_SEASONS,2024/25 2025/26
220,George Young,F Grade,PEELED_CENTRAL_SEASONS,2024/25 2025/26
221,Shaun Wilson,D Grade,PEELED_CENTRAL_SEASONS,2015/16
221,Shaun Wilson,E Grade,PEELED_CENTRAL_SEASONS,2012/13 2013/14 2014/15 2015/16
222,Dave Nicholson,F Grade,PEELED_CENTRAL_SEASONS,2024/25 2025/26
223,Jake Watson,C Grade,PEELED_CENTRAL_SEASONS,2017/18
223,Jake Watson,D Grade,PEELED_CENTRAL_SEASONS,2016/17 2018/19 2022/23
223,Jake Watson,E Grade,PEELED_CENTRAL_SEASONS,2015/16 2016/17 2017/18
224,Mitchell Caine,A Grade,PEELED_CENTRAL_SEASONS,2025/26
224,Mitchell Caine,B Grade,PEELED_CENTRAL_SEASONS,2025/26
224,Mitchell Caine,Colts,PEELED_CENTRAL_SEASONS,2024/25 2025/26
224,Mitchell Caine,PPL,PEELED_CENTRAL_SEASONS,2025/26
225,Michael Mackenzie,C Grade,PEELED_CENTRAL_SEASONS,2013/14
225,Michael Mackenzie,E Grade,PEELED_CENTRAL_SEASONS,2013/14 2015/16 2016/17 2017/18
226,Campbell Lockyer,B Grade,PEELED_CENTRAL_SEASONS,2025/26
226,Campbell Lockyer,D Grade,PEELED_CENTRAL_SEASONS,2024/25 2025/26
226,Campbell Lockyer,E Grade,PEELED_CENTRAL_SEASONS,2024/25
226,Campbell Lockyer,F Grade,PEELED_CENTRAL_SEASONS,2024/25
227,Wayne Beaton,D Grade,PEELED_CENTRAL_SEASONS,2005/06 2007/08
227,Wayne Beaton,E Grade,PEELED_CENTRAL_SEASONS,2009/10 2010/11
228,Daniel Lambert,A Grade,PEELED_CENTRAL_SEASONS,2023/24
228,Daniel Lambert,B Grade,PEELED_CENTRAL_SEASONS,2015/16 2023/24
228,Daniel Lambert,C Grade,PEELED_CENTRAL_SEASONS,2015/16
228,Daniel Lambert,D Grade,PEELED_CENTRAL_SEASONS,2022/23
228,Daniel Lambert,E Grade,PEELED_CENTRAL_SEASONS,2022/23
228,Daniel Lambert,F Grade,PEELED_CENTRAL_SEASONS,2020/21 2021/22 2022/23
229,Jaime Terbeeke,D Grade,PEELED_CENTRAL_SEASONS,2022/23
229,Jaime Terbeeke,F Grade,PEELED_CENTRAL_SEASONS,2021/22
230,Hayden Brokate,B Grade,PEELED_CENTRAL_SEASONS,2019/20
230,Hayden Brokate,C Grade,PEELED_CENTRAL_SEASONS,2014/15 2016/17
230,Hayden Brokate,D Grade,PEELED_CENTRAL_SEASONS,2015/16 2016/17 2018/19
230,Hayden Brokate,E Grade,PEELED_CENTRAL_SEASONS,2017/18
230,Hayden Brokate,F Grade,PEELED_CENTRAL_SEASONS,2016/17 2017/18 2021/22
231,Ron Coles,F Grade,PEELED_CENTRAL_SEASONS,2017/18
232,Kim Nicholson,Female A Grade,PEELED_CENTRAL_SEASONS,2025/26
233,Jeffrey Petrie,A Grade,PEELED_CENTRAL_SEASONS,2025/26
233,Jeffrey Petrie,B Grade,PEELED_CENTRAL_SEASONS,2024/25 2025/26
233,Jeffrey Petrie,PPL,PEELED_CENTRAL_SEASONS,2025/26
234,Tiana Arrowsmith,Female A Grade,PEELED_CENTRAL_SEASONS,2023/24 2024/25 2025/26
235,Mason Head,E Grade,PEELED_CENTRAL_SEASONS,2023/24 2024/25 2025/26
235,Mason Head,F Grade,PEELED_CENTRAL_SEASONS,2024/25 2025/26
236,Jack Johnson,E Grade,PEELED_CENTRAL_SEASONS,2022/23 2023/24
236,Jack Johnson,F Grade,PEELED_CENTRAL_SEASONS,2021/22 2022/23 2023/24
237,Eve Powell,Colts,PEELED_CENTRAL_SEASONS,2024/25
237,Eve Powell,F Grade,PEELED_CENTRAL_SEASONS,2025/26
237,Eve Powell,Female A Grade,PEELED_CENTRAL_SEASONS,2024/25 2025/26
238,Sachin Johnson,D Grade,PEELED_CENTRAL_SEASONS,2025/26
238,Sachin Johnson,E Grade,PEELED_CENTRAL_SEASONS,2022/23 2023/24 2024/25 2025/26
238,Sachin Johnson,F Grade,PEELED_CENTRAL_SEASONS,2022/23 2023/24 2024/25
239,Noah Frunks,A Grade,PEELED_CENTRAL_SEASONS,2022/23
239,Noah Frunks,B Grade,PEELED_CENTRAL_SEASONS,2022/23 2023/24
239,Noah Frunks,Colts,PEELED_CENTRAL_SEASONS,2023/24
239,Noah Frunks,D Grade,PEELED_CENTRAL_SEASONS,2022/23 2023/24
239,Noah Frunks,E Grade,PEELED_CENTRAL_SEASONS,2022/23
239,Noah Frunks,F Grade,PEELED_CENTRAL_SEASONS,2020/21 2021/22
240,Ethan Kavanagh,F Grade,PEELED_CENTRAL_SEASONS,2024/25 2025/26
241,Stephen Inward,A Grade,PEELED_CENTRAL_SEASONS,2012/13 2013/14
242,Daniel Krepervin,D Grade,PEELED_CENTRAL_SEASONS,2022/23
242,Daniel Krepervin,E Grade,PEELED_CENTRAL_SEASONS,2022/23 2023/24
242,Daniel Krepervin,F Grade,PEELED_CENTRAL_SEASONS,2021/22 2022/23 2023/24
244,Dean Friskin,B Grade,PEELED_CENTRAL_SEASONS,2005/06 2006/07 2007/08
245,Lochlan Hill,Colts,PEELED_CENTRAL_SEASONS,2023/24
245,Lochlan Hill,D Grade,PEELED_CENTRAL_SEASONS,2021/22 2024/25
245,Lochlan Hill,E Grade,PEELED_CENTRAL_SEASONS,2023/24 2024/25
245,Lochlan Hill,F Grade,PEELED_CENTRAL_SEASONS,2021/22 2022/23 2024/25
246,Bret Lambert,D Grade,PEELED_CENTRAL_SEASONS,2022/23
246,Bret Lambert,E Grade,PEELED_CENTRAL_SEASONS,2021/22 2022/23
246,Bret Lambert,F Grade,PEELED_CENTRAL_SEASONS,2020/21 2021/22
247,Joe Phillips,A Grade,PEELED_CENTRAL_SEASONS,2023/24
247,Joe Phillips,B Grade,PEELED_CENTRAL_SEASONS,2023/24
247,Joe Phillips,Colts,PEELED_CENTRAL_SEASONS,2023/24
247,Joe Phillips,PPL,PEELED_CENTRAL_SEASONS,2023/24
248,Samuel Evans,A Grade,PEELED_CENTRAL_SEASONS,2016/17
248,Samuel Evans,B Grade,CENTRAL_SEASONS_NOT_IN_NATIVE,2017/18
248,Samuel Evans,B Grade,PEELED_CENTRAL_SEASONS,2016/17
248,Samuel Evans,C Grade,PEELED_CENTRAL_SEASONS,2017/18
250,Scott Dunning,D Grade,PEELED_CENTRAL_SEASONS,2014/15
250,Scott Dunning,E Grade,PEELED_CENTRAL_SEASONS,2014/15 2016/17
250,Scott Dunning,F Grade,PEELED_CENTRAL_SEASONS,2014/15 2016/17
251,Aaron Watkins,B Grade,PEELED_CENTRAL_SEASONS,2010/11
251,Aaron Watkins,C Grade,CENTRAL_SEASONS_NOT_IN_NATIVE,2010/11
251,Aaron Watkins,C Grade,PEELED_CENTRAL_SEASONS,2011/12 2012/13
251,Aaron Watkins,D Grade,PEELED_CENTRAL_SEASONS,2010/11 2011/12
252,Scott Atkin,E Grade,PEELED_CENTRAL_SEASONS,2009/10 2010/11
253,Brent Seddon,C Grade,PEELED_CENTRAL_SEASONS,2007/08 2008/09
253,Brent Seddon,D Grade,PEELED_CENTRAL_SEASONS,2008/09 2009/10
253,Brent Seddon,E Grade,PEELED_CENTRAL_SEASONS,2009/10
254,Jordan Brokate,A Grade,PEELED_CENTRAL_SEASONS,2012/13 2013/14
254,Jordan Brokate,B Grade,CENTRAL_SEASONS_NOT_IN_NATIVE,2014/15
254,Jordan Brokate,B Grade,PEELED_CENTRAL_SEASONS,2012/13 2013/14
254,Jordan Brokate,C Grade,PEELED_CENTRAL_SEASONS,2012/13 2013/14
254,Jordan Brokate,D Grade,CENTRAL_SEASONS_NOT_IN_NATIVE,2013/14
254,Jordan Brokate,D Grade,PEELED_CENTRAL_SEASONS,2012/13
254,Jordan Brokate,E Grade,PEELED_CENTRAL_SEASONS,2012/13
255,Sara Walsh,Female A Grade,PEELED_CENTRAL_SEASONS,2023/24 2024/25 2025/26
257,Bryce Jeffrey,A Grade,PEELED_CENTRAL_SEASONS,2005/06 2006/07 2012/13 2013/14 2023/24
257,Bryce Jeffrey,B Grade,PEELED_CENTRAL_SEASONS,2004/05 2005/06 2006/07 2013/14
257,Bryce Jeffrey,D Grade,PEELED_CENTRAL_SEASONS,2012/13
257,Bryce Jeffrey,PPL,PEELED_CENTRAL_SEASONS,2023/24
258,Christopher Walsh,E Grade,PEELED_CENTRAL_SEASONS,2025/26
258,Christopher Walsh,F Grade,PEELED_CENTRAL_SEASONS,2023/24 2024/25 2025/26
259,Wayde Blom,A Grade,PEELED_CENTRAL_SEASONS,2004/05 2006/07 2007/08 2008/09
260,Lindsey Mcglinn,B Grade,PEELED_CENTRAL_SEASONS,2014/15 2016/17 2018/19
260,Lindsey Mcglinn,C Grade,PEELED_CENTRAL_SEASONS,2014/15 2016/17
260,Lindsey Mcglinn,D Grade,PEELED_CENTRAL_SEASONS,2016/17 2018/19
262,Rosie Marino,Female A Grade,PEELED_CENTRAL_SEASONS,2023/24 2024/25
264,Luca Doyle,A Grade,PEELED_CENTRAL_SEASONS,2025/26
264,Luca Doyle,B Grade,PEELED_CENTRAL_SEASONS,2025/26
264,Luca Doyle,Colts,PEELED_CENTRAL_SEASONS,2025/26
264,Luca Doyle,PPL,PEELED_CENTRAL_SEASONS,2025/26
266,Eliesha Lazenby,Female A Grade,PEELED_CENTRAL_SEASONS,2023/24
267,Oscar Smith,A Grade,PEELED_CENTRAL_SEASONS,2025/26
267,Oscar Smith,B Grade,PEELED_CENTRAL_SEASONS,2025/26
267,Oscar Smith,Colts,PEELED_CENTRAL_SEASONS,2025/26
268,Nathan Howell,A Grade,CENTRAL_SEASONS_NOT_IN_NATIVE,2020/21
268,Nathan Howell,A Grade,PEELED_CENTRAL_SEASONS,2018/19 2019/20
268,Nathan Howell,B Grade,PEELED_CENTRAL_SEASONS,2019/20
268,Nathan Howell,C Grade,PEELED_CENTRAL_SEASONS,2016/17 2017/18
268,Nathan Howell,D Grade,PEELED_CENTRAL_SEASONS,2015/16 2016/17
268,Nathan Howell,E Grade,PEELED_CENTRAL_SEASONS,2017/18
269,Max Roberts,B Grade,PEELED_CENTRAL_SEASONS,2021/22
269,Max Roberts,E Grade,PEELED_CENTRAL_SEASONS,2021/22
269,Max Roberts,F Grade,PEELED_CENTRAL_SEASONS,2020/21
271,Aaron Burrage,B Grade,PEELED_CENTRAL_SEASONS,2011/12
271,Aaron Burrage,PPL,PEELED_CENTRAL_SEASONS,2019/20 2020/21 2021/22 2023/24
272,Angus Beattie,A Grade,PEELED_CENTRAL_SEASONS,2023/24
272,Angus Beattie,PPL,PEELED_CENTRAL_SEASONS,2023/24
274,Ethan White,B Grade,CENTRAL_SEASONS_NOT_IN_NATIVE,2017/18
274,Ethan White,B Grade,PEELED_CENTRAL_SEASONS,2018/19
274,Ethan White,C Grade,PEELED_CENTRAL_SEASONS,2016/17
274,Ethan White,D Grade,PEELED_CENTRAL_SEASONS,2016/17 2018/19
274,Ethan White,E Grade,PEELED_CENTRAL_SEASONS,2016/17 2017/18
274,Ethan White,F Grade,PEELED_CENTRAL_SEASONS,2017/18
275,Amninder Singh,D Grade,PEELED_CENTRAL_SEASONS,2024/25
275,Amninder Singh,E Grade,PEELED_CENTRAL_SEASONS,2022/23 2023/24 2024/25
275,Amninder Singh,F Grade,PEELED_CENTRAL_SEASONS,2022/23 2023/24
276,James Rudge,A Grade,PEELED_CENTRAL_SEASONS,2022/23
276,James Rudge,B Grade,PEELED_CENTRAL_SEASONS,2022/23
277,Matthew Kennewell,E Grade,PEELED_CENTRAL_SEASONS,2016/17
277,Matthew Kennewell,F Grade,PEELED_CENTRAL_SEASONS,2015/16
278,Jason R Davey,B Grade,PEELED_CENTRAL_SEASONS,2025/26
278,Jason R Davey,Colts,PEELED_CENTRAL_SEASONS,2025/26
279,Jaxon Wyllie,B Grade,PEELED_CENTRAL_SEASONS,2020/21 2021/22
279,Jaxon Wyllie,D Grade,PEELED_CENTRAL_SEASONS,2020/21
279,Jaxon Wyllie,F Grade,PEELED_CENTRAL_SEASONS,2020/21
280,Ben Higton,A Grade,PEELED_CENTRAL_SEASONS,2025/26
280,Ben Higton,PPL,PEELED_CENTRAL_SEASONS,2025/26
281,Dan Kenny,A Grade,PEELED_CENTRAL_SEASONS,2011/12
281,Dan Kenny,B Grade,PEELED_CENTRAL_SEASONS,2011/12 2012/13
281,Dan Kenny,C Grade,PEELED_CENTRAL_SEASONS,2012/13
283,Louie Labrow,D Grade,PEELED_CENTRAL_SEASONS,2024/25 2025/26
283,Louie Labrow,E Grade,PEELED_CENTRAL_SEASONS,2025/26
283,Louie Labrow,F Grade,PEELED_CENTRAL_SEASONS,2024/25 2025/26
284,Daniel Mcinnes,C Grade,PEELED_CENTRAL_SEASONS,2012/13 2013/14
284,Daniel Mcinnes,F Grade,PEELED_CENTRAL_SEASONS,2013/14
286,David Holmes,B Grade,PEELED_CENTRAL_SEASONS,2022/23
286,David Holmes,D Grade,PEELED_CENTRAL_SEASONS,2006/07
287,Aniket Nambiar,B Grade,PEELED_CENTRAL_SEASONS,2024/25
287,Aniket Nambiar,D Grade,CENTRAL_SEASONS_NOT_IN_NATIVE,2023/24
287,Aniket Nambiar,D Grade,PEELED_CENTRAL_SEASONS,2024/25
287,Aniket Nambiar,E Grade,PEELED_CENTRAL_SEASONS,2023/24
288,Oliver Davidson,A Grade,PEELED_CENTRAL_SEASONS,2024/25
288,Oliver Davidson,Colts,PEELED_CENTRAL_SEASONS,2024/25
288,Oliver Davidson,PPL,PEELED_CENTRAL_SEASONS,2024/25
290,Nicholas Cornish,D Grade,PEELED_CENTRAL_SEASONS,2019/20 2022/23
290,Nicholas Cornish,E Grade,PEELED_CENTRAL_SEASONS,2022/23 2023/24
291,Owen Phelps,B Grade,PEELED_CENTRAL_SEASONS,2023/24
291,Owen Phelps,Colts,PEELED_CENTRAL_SEASONS,2023/24
291,Owen Phelps,D Grade,PEELED_CENTRAL_SEASONS,2023/24
291,Owen Phelps,E Grade,PEELED_CENTRAL_SEASONS,2023/24
294,Reilly Owen-Skender,C Grade,PEELED_CENTRAL_SEASONS,2012/13
294,Reilly Owen-Skender,D Grade,PEELED_CENTRAL_SEASONS,2012/13 2013/14
294,Reilly Owen-Skender,E Grade,PEELED_CENTRAL_SEASONS,2012/13 2013/14
294,Reilly Owen-Skender,F Grade,PEELED_CENTRAL_SEASONS,2013/14
295,Hayes Buller,D Grade,PEELED_CENTRAL_SEASONS,2024/25
295,Hayes Buller,F Grade,PEELED_CENTRAL_SEASONS,2024/25 2025/26
296,Kayden May,D Grade,PEELED_CENTRAL_SEASONS,2024/25 2025/26
296,Kayden May,E Grade,PEELED_CENTRAL_SEASONS,2024/25 2025/26
296,Kayden May,F Grade,PEELED_CENTRAL_SEASONS,2025/26
297,Dom Asson,B Grade,PEELED_CENTRAL_SEASONS,2023/24
297,Dom Asson,Colts,PEELED_CENTRAL_SEASONS,2023/24
297,Dom Asson,D Grade,PEELED_CENTRAL_SEASONS,2023/24
297,Dom Asson,E Grade,PEELED_CENTRAL_SEASONS,2023/24
298,Cooper Gray,D Grade,PEELED_CENTRAL_SEASONS,2019/20 2020/21
298,Cooper Gray,E Grade,PEELED_CENTRAL_SEASONS,2021/22
298,Cooper Gray,F Grade,PEELED_CENTRAL_SEASONS,2020/21
301,Shiloh Blight,Female A Grade,PEELED_CENTRAL_SEASONS,2023/24 2024/25 2025/26
302,Sean Nye,B Grade,PEELED_CENTRAL_SEASONS,2004/05
303,Jay Deeming,D Grade,PEELED_CENTRAL_SEASONS,2005/06 2006/07
303,Jay Deeming,E Grade,PEELED_CENTRAL_SEASONS,2014/15
304,Dan Buncle,B Grade,PEELED_CENTRAL_SEASONS,2006/07
305,Tahj Bashford,Colts,PEELED_CENTRAL_SEASONS,2023/24 2024/25 2025/26
306,Trae Rehutai,D Grade,PEELED_CENTRAL_SEASONS,2022/23
306,Trae Rehutai,E Grade,PEELED_CENTRAL_SEASONS,2021/22 2022/23 2023/24
306,Trae Rehutai,F Grade,PEELED_CENTRAL_SEASONS,2021/22 2022/23 2023/24
307,Shannon Wright,B Grade,PEELED_CENTRAL_SEASONS,2013/14 2014/15 2016/17 2019/20
307,Shannon Wright,C Grade,PEELED_CENTRAL_SEASONS,2013/14
307,Shannon Wright,D Grade,PEELED_CENTRAL_SEASONS,2019/20
311,Matison Dalwood,D Grade,PEELED_CENTRAL_SEASONS,2006/07 2007/08
313,Timothy Allen,D Grade,PEELED_CENTRAL_SEASONS,2009/10 2010/11 2012/13 2017/18
314,Jared King,B Grade,PEELED_CENTRAL_SEASONS,2007/08 2008/09
314,Jared King,D Grade,PEELED_CENTRAL_SEASONS,2008/09
315,Al Kristensen,A Grade,PEELED_CENTRAL_SEASONS,2010/11 2011/12
316,Lucius Hysen,A Grade,PEELED_CENTRAL_SEASONS,2025/26
316,Lucius Hysen,B Grade,PEELED_CENTRAL_SEASONS,2024/25 2025/26
316,Lucius Hysen,Colts,PEELED_CENTRAL_SEASONS,2025/26
316,Lucius Hysen,D Grade,PEELED_CENTRAL_SEASONS,2024/25
316,Lucius Hysen,E Grade,PEELED_CENTRAL_SEASONS,2024/25
317,Jake O'Byrne,A Grade,PEELED_CENTRAL_SEASONS,2014/15
317,Jake O'Byrne,B Grade,PEELED_CENTRAL_SEASONS,2014/15
318,Peter Brear,B Grade,PEELED_CENTRAL_SEASONS,2007/08 2008/09
319,Will Eason,A Grade,PEELED_CENTRAL_SEASONS,2017/18
319,Will Eason,B Grade,CENTRAL_SEASONS_NOT_IN_NATIVE,2017/18
320,Mathew Branchi,D Grade,PEELED_CENTRAL_SEASONS,2018/19
320,Mathew Branchi,E Grade,PEELED_CENTRAL_SEASONS,2017/18
320,Mathew Branchi,F Grade,PEELED_CENTRAL_SEASONS,2016/17
321,Tim Rogers,C Grade,PEELED_CENTRAL_SEASONS,2014/15
321,Tim Rogers,D Grade,PEELED_CENTRAL_SEASONS,2016/17 2017/18
322,Angus Moseley,B Grade,PEELED_CENTRAL_SEASONS,2023/24
322,Angus Moseley,Colts,PEELED_CENTRAL_SEASONS,2023/24 2024/25 2025/26
322,Angus Moseley,E Grade,PEELED_CENTRAL_SEASONS,2022/23
322,Angus Moseley,F Grade,PEELED_CENTRAL_SEASONS,2021/22
323,Matthew Hardie,B Grade,PEELED_CENTRAL_SEASONS,2018/19
323,Matthew Hardie,D Grade,PEELED_CENTRAL_SEASONS,2017/18
323,Matthew Hardie,E Grade,PEELED_CENTRAL_SEASONS,2017/18
323,Matthew Hardie,F Grade,PEELED_CENTRAL_SEASONS,2017/18
327,Liam Geary,C Grade,PEELED_CENTRAL_SEASONS,2012/13
327,Liam Geary,D Grade,PEELED_CENTRAL_SEASONS,2012/13
327,Liam Geary,E Grade,PEELED_CENTRAL_SEASONS,2010/11 2012/13
327,Liam Geary,F Grade,PEELED_CENTRAL_SEASONS,2013/14
328,Cadin Sturgess,C Grade,PEELED_CENTRAL_SEASONS,2017/18
328,Cadin Sturgess,D Grade,PEELED_CENTRAL_SEASONS,2016/17 2017/18 2019/20
329,Sophie Terrell,Female A Grade,PEELED_CENTRAL_SEASONS,2024/25 2025/26
330,Brennan Carlisle,D Grade,PEELED_CENTRAL_SEASONS,2010/11 2012/13
330,Brennan Carlisle,E Grade,PEELED_CENTRAL_SEASONS,2009/10
331,Mick Mulcahy,D Grade,PEELED_CENTRAL_SEASONS,2017/18
331,Mick Mulcahy,E Grade,PEELED_CENTRAL_SEASONS,2015/16 2016/17
333,Ben Mcinnes,D Grade,PEELED_CENTRAL_SEASONS,2013/14
333,Ben Mcinnes,E Grade,PEELED_CENTRAL_SEASONS,2013/14
333,Ben Mcinnes,F Grade,PEELED_CENTRAL_SEASONS,2013/14
337,Ethan Mael,D Grade,PEELED_CENTRAL_SEASONS,2022/23
337,Ethan Mael,E Grade,PEELED_CENTRAL_SEASONS,2022/23
337,Ethan Mael,F Grade,PEELED_CENTRAL_SEASONS,2021/22 2022/23
340,Jason Clarke,A Grade,PEELED_CENTRAL_SEASONS,2005/06 2006/07 2007/08
340,Jason Clarke,D Grade,PEELED_CENTRAL_SEASONS,2017/18
340,Jason Clarke,F Grade,PEELED_CENTRAL_SEASONS,2017/18
341,Judd Prentice,A Grade,PEELED_CENTRAL_SEASONS,2003/04 2004/05
343,Chris Mills,A Grade,CENTRAL_SEASONS_NOT_IN_NATIVE,2021/22
343,Chris Mills,A Grade,PEELED_CENTRAL_SEASONS,2019/20 2020/21
343,Chris Mills,B Grade,PEELED_CENTRAL_SEASONS,2019/20
344,Alex Garbin,E Grade,PEELED_CENTRAL_SEASONS,2022/23
344,Alex Garbin,F Grade,PEELED_CENTRAL_SEASONS,2020/21 2022/23
345,Bradley Dhu,D Grade,PEELED_CENTRAL_SEASONS,2005/06 2006/07
346,Edward O'Brien,F Grade,PEELED_CENTRAL_SEASONS,2016/17
347,Bradley Rayment,D Grade,PEELED_CENTRAL_SEASONS,2006/07 2022/23
347,Bradley Rayment,E Grade,PEELED_CENTRAL_SEASONS,2022/23
347,Bradley Rayment,F Grade,PEELED_CENTRAL_SEASONS,2022/23 2023/24
349,Nithin Sreehari,D Grade,PEELED_CENTRAL_SEASONS,2025/26
349,Nithin Sreehari,E Grade,PEELED_CENTRAL_SEASONS,2025/26
349,Nithin Sreehari,F Grade,PEELED_CENTRAL_SEASONS,2025/26
350,Richard Manning,F Grade,PEELED_CENTRAL_SEASONS,2016/17
352,Aaron Thomas,A Grade,PEELED_CENTRAL_SEASONS,2004/05
353,Dean Ryan,E Grade,PEELED_CENTRAL_SEASONS,2017/18 2021/22
353,Dean Ryan,F Grade,PEELED_CENTRAL_SEASONS,2016/17
354,Jayden Brion,B Grade,PEELED_CENTRAL_SEASONS,2022/23
354,Jayden Brion,E Grade,PEELED_CENTRAL_SEASONS,2023/24 2025/26
355,Christopher Derman,D Grade,PEELED_CENTRAL_SEASONS,2012/13
355,Christopher Derman,E Grade,PEELED_CENTRAL_SEASONS,2012/13
355,Christopher Derman,F Grade,PEELED_CENTRAL_SEASONS,2024/25
356,Darryl Muller,F Grade,PEELED_CENTRAL_SEASONS,2015/16 2016/17
358,Kobe Lee,E Grade,PEELED_CENTRAL_SEASONS,2024/25 2025/26
358,Kobe Lee,F Grade,PEELED_CENTRAL_SEASONS,2024/25 2025/26
359,Adrian Graham,A Grade,PEELED_CENTRAL_SEASONS,2010/11 2011/12
359,Adrian Graham,B Grade,PEELED_CENTRAL_SEASONS,2010/11 2011/12
361,Jaiden Davern,Colts,PEELED_CENTRAL_SEASONS,2023/24
361,Jaiden Davern,D Grade,PEELED_CENTRAL_SEASONS,2022/23
361,Jaiden Davern,E Grade,PEELED_CENTRAL_SEASONS,2022/23
361,Jaiden Davern,F Grade,PEELED_CENTRAL_SEASONS,2022/23 2023/24
362,Phil Hall,A Grade,PEELED_CENTRAL_SEASONS,2010/11
363,Sophie Phelps,Female A Grade,PEELED_CENTRAL_SEASONS,2024/25 2025/26
365,Rhys Lawrie,D Grade,PEELED_CENTRAL_SEASONS,2022/23
367,Rick Tyson,A Grade,PEELED_CENTRAL_SEASONS,2004/05
369,Emmett Hambley,B Grade,PEELED_CENTRAL_SEASONS,2023/24
369,Emmett Hambley,Colts,PEELED_CENTRAL_SEASONS,2023/24
369,Emmett Hambley,D Grade,PEELED_CENTRAL_SEASONS,2020/21 2022/23 2023/24
369,Emmett Hambley,E Grade,PEELED_CENTRAL_SEASONS,2022/23
370,Bradley Scott,A Grade,PEELED_CENTRAL_SEASONS,2021/22
372,Wayne Gibbs,C Grade,PEELED_CENTRAL_SEASONS,2004/05
373,Daniel Higham,A Grade,PEELED_CENTRAL_SEASONS,2015/16
373,Daniel Higham,B Grade,PEELED_CENTRAL_SEASONS,2015/16
373,Daniel Higham,C Grade,PEELED_CENTRAL_SEASONS,2015/16
374,David Coomber,D Grade,PEELED_CENTRAL_SEASONS,2006/07
378,Nathan Hogg,A Grade,PEELED_CENTRAL_SEASONS,2005/06
379,Sam Pendlebury,A Grade,PEELED_CENTRAL_SEASONS,2017/18
379,Sam Pendlebury,B Grade,CENTRAL_SEASONS_NOT_IN_NATIVE,2017/18
380,Austin Miley,F Grade,PEELED_CENTRAL_SEASONS,2024/25 2025/26
383,Rahul Singh,D Grade,PEELED_CENTRAL_SEASONS,2014/15
383,Rahul Singh,E Grade,PEELED_CENTRAL_SEASONS,2014/15
383,Rahul Singh,F Grade,PEELED_CENTRAL_SEASONS,2014/15
384,Thomas Stack,E Grade,PEELED_CENTRAL_SEASONS,2014/15 2015/16 2017/18
384,Thomas Stack,F Grade,PEELED_CENTRAL_SEASONS,2015/16
385,Daniel Pryce,E Grade,PEELED_CENTRAL_SEASONS,2009/10
387,Ric Holden,D Grade,PEELED_CENTRAL_SEASONS,2005/06
388,Tahlia Head,F Grade,PEELED_CENTRAL_SEASONS,2025/26
388,Tahlia Head,Female A Grade,PEELED_CENTRAL_SEASONS,2023/24 2024/25 2025/26
389,Dylan Mulcahy,D Grade,PEELED_CENTRAL_SEASONS,2017/18
389,Dylan Mulcahy,E Grade,PEELED_CENTRAL_SEASONS,2016/17 2017/18
390,Harrison Klasztorny,B Grade,PEELED_CENTRAL_SEASONS,2016/17
390,Harrison Klasztorny,D Grade,PEELED_CENTRAL_SEASONS,2016/17 2017/18 2018/19
390,Harrison Klasztorny,F Grade,PEELED_CENTRAL_SEASONS,2016/17
392,Drew Mccarthy,D Grade,PEELED_CENTRAL_SEASONS,2011/12
394,Ankit Kumar,D Grade,PEELED_CENTRAL_SEASONS,2024/25
394,Ankit Kumar,E Grade,PEELED_CENTRAL_SEASONS,2024/25
394,Ankit Kumar,F Grade,PEELED_CENTRAL_SEASONS,2024/25
395,Nicholas Garbin,F Grade,PEELED_CENTRAL_SEASONS,2020/21
396,Marcus Tomlinson,Colts,PEELED_CENTRAL_SEASONS,2023/24
396,Marcus Tomlinson,E Grade,PEELED_CENTRAL_SEASONS,2023/24
396,Marcus Tomlinson,F Grade,PEELED_CENTRAL_SEASONS,2023/24
398,Laura Billingsley,E Grade,PEELED_CENTRAL_SEASONS,2024/25
398,Laura Billingsley,Female A Grade,PEELED_CENTRAL_SEASONS,2023/24 2024/25
399,Antony Maichil,E Grade,PEELED_CENTRAL_SEASONS,2022/23 2023/24
399,Antony Maichil,F Grade,PEELED_CENTRAL_SEASONS,2023/24
400,Robert Swart,D Grade,PEELED_CENTRAL_SEASONS,2022/23
400,Robert Swart,E Grade,PEELED_CENTRAL_SEASONS,2022/23
400,Robert Swart,F Grade,PEELED_CENTRAL_SEASONS,2022/23 2023/24
401,Jordan Jackson,D Grade,PEELED_CENTRAL_SEASONS,2017/18
401,Jordan Jackson,E Grade,PEELED_CENTRAL_SEASONS,2014/15 2015/16 2017/18
401,Jordan Jackson,F Grade,PEELED_CENTRAL_SEASONS,2017/18
404,Des Devaurino,C Grade,PEELED_CENTRAL_SEASONS,2004/05
406,Jaspreet Pannu,E Grade,PEELED_CENTRAL_SEASONS,2014/15
406,Jaspreet Pannu,F Grade,PEELED_CENTRAL_SEASONS,2013/14
407,Claire Litchfield,Female A Grade,PEELED_CENTRAL_SEASONS,2024/25 2025/26
408,David Arrowsmith,D Grade,PEELED_CENTRAL_SEASONS,2024/25
408,David Arrowsmith,E Grade,PEELED_CENTRAL_SEASONS,2024/25 2025/26
408,David Arrowsmith,F Grade,PEELED_CENTRAL_SEASONS,2025/26
410,Wayne Vincent,D Grade,PEELED_CENTRAL_SEASONS,2007/08
410,Wayne Vincent,E Grade,PEELED_CENTRAL_SEASONS,2010/11 2012/13
411,Kyren Tierney,B Grade,PEELED_CENTRAL_SEASONS,2006/07 2007/08
412,Gurnoor Singh,D Grade,PEELED_CENTRAL_SEASONS,2023/24
413,Ellie Lovell,Female A Grade,PEELED_CENTRAL_SEASONS,2024/25 2025/26
416,Brendan Lee,E Grade,PEELED_CENTRAL_SEASONS,2021/22
416,Brendan Lee,F Grade,PEELED_CENTRAL_SEASONS,2021/22
418,Ben Bell,C Grade,PEELED_CENTRAL_SEASONS,2004/05 2005/06
419,Alex Osborne,B Grade,PEELED_CENTRAL_SEASONS,2024/25
419,Alex Osborne,Colts,PEELED_CENTRAL_SEASONS,2023/24
419,Alex Osborne,PPL,PEELED_CENTRAL_SEASONS,2023/24
420,Phil Miolin,D Grade,PEELED_CENTRAL_SEASONS,2023/24
420,Phil Miolin,E Grade,PEELED_CENTRAL_SEASONS,2023/24
420,Phil Miolin,F Grade,CENTRAL_SEASONS_NOT_IN_NATIVE,2023/24
421,Jake Ward,D Grade,PEELED_CENTRAL_SEASONS,2020/21
421,Jake Ward,F Grade,PEELED_CENTRAL_SEASONS,2020/21
423,Clinton Adams,D Grade,PEELED_CENTRAL_SEASONS,2007/08
426,Rory Collins,D Grade,PEELED_CENTRAL_SEASONS,2025/26
427,James Capener,A Grade,PEELED_CENTRAL_SEASONS,2015/16
427,James Capener,B Grade,PEELED_CENTRAL_SEASONS,2011/12
427,James Capener,F Grade,PEELED_CENTRAL_SEASONS,2017/18
428,Harbhinder Singh,B Grade,PEELED_CENTRAL_SEASONS,2019/20
428,Harbhinder Singh,C Grade,PEELED_CENTRAL_SEASONS,2017/18
428,Harbhinder Singh,D Grade,PEELED_CENTRAL_SEASONS,2017/18 2019/20
428,Harbhinder Singh,E Grade,PEELED_CENTRAL_SEASONS,2017/18
428,Harbhinder Singh,F Grade,PEELED_CENTRAL_SEASONS,2020/21
429,Brandon Day,E Grade,PEELED_CENTRAL_SEASONS,2010/11 2017/18
429,Brandon Day,F Grade,PEELED_CENTRAL_SEASONS,2014/15
430,Jacob Hodson,A Grade,PEELED_CENTRAL_SEASONS,2014/15
430,Jacob Hodson,B Grade,PEELED_CENTRAL_SEASONS,2013/14 2014/15
430,Jacob Hodson,C Grade,PEELED_CENTRAL_SEASONS,2013/14
431,Jack Sadler,D Grade,PEELED_CENTRAL_SEASONS,2017/18
431,Jack Sadler,E Grade,PEELED_CENTRAL_SEASONS,2015/16 2016/17
431,Jack Sadler,F Grade,PEELED_CENTRAL_SEASONS,2014/15 2015/16
432,Chris Ridge,D Grade,PEELED_CENTRAL_SEASONS,2005/06
433,Blake Coomber,E Grade,PEELED_CENTRAL_SEASONS,2014/15 2015/16 2016/17
433,Blake Coomber,F Grade,PEELED_CENTRAL_SEASONS,2014/15
434,Katie Annice,Female A Grade,PEELED_CENTRAL_SEASONS,2023/24 2024/25
435,Brent Hart,C Grade,PEELED_CENTRAL_SEASONS,2006/07
436,Matthew Loon,A Grade,PEELED_CENTRAL_SEASONS,2024/25
436,Matthew Loon,B Grade,PEELED_CENTRAL_SEASONS,2024/25
436,Matthew Loon,Colts,PEELED_CENTRAL_SEASONS,2024/25
441,Phillip Craig,B Grade,PEELED_CENTRAL_SEASONS,2021/22
444,Darcy Earl,E Grade,PEELED_CENTRAL_SEASONS,2025/26
444,Darcy Earl,F Grade,PEELED_CENTRAL_SEASONS,2025/26
445,Derek Winter-Pike,E Grade,PEELED_CENTRAL_SEASONS,2017/18 2021/22
445,Derek Winter-Pike,F Grade,PEELED_CENTRAL_SEASONS,2021/22
446,Caleb Woodward,E Grade,PEELED_CENTRAL_SEASONS,2022/23
446,Caleb Woodward,F Grade,PEELED_CENTRAL_SEASONS,2022/23
447,Neil Schmid,F Grade,PEELED_CENTRAL_SEASONS,2014/15
449,Paul Burns,F Grade,PEELED_CENTRAL_SEASONS,2021/22 2022/23
450,Noah Dreckow,E Grade,PEELED_CENTRAL_SEASONS,2024/25
450,Noah Dreckow,F Grade,PEELED_CENTRAL_SEASONS,2024/25 2025/26
456,Michael Dwyer,E Grade,PEELED_CENTRAL_SEASONS,2009/10
458,Andrew Moulds,E Grade,PEELED_CENTRAL_SEASONS,2012/13
459,Mitchell Burton,E Grade,PEELED_CENTRAL_SEASONS,2023/24
459,Mitchell Burton,F Grade,PEELED_CENTRAL_SEASONS,2023/24 2024/25
460,Matthew Reilly,C Grade,PEELED_CENTRAL_SEASONS,2013/14
461,Daniel Krepevin,F Grade,PEELED_CENTRAL_SEASONS,2013/14
462,Ethan Mail,D Grade,PEELED_CENTRAL_SEASONS,2024/25
462,Ethan Mail,E Grade,PEELED_CENTRAL_SEASONS,2024/25
463,Scott White,D Grade,PEELED_CENTRAL_SEASONS,2005/06 2007/08
464,Will Elvidge,A Grade,PEELED_CENTRAL_SEASONS,2022/23
464,Will Elvidge,B Grade,PEELED_CENTRAL_SEASONS,2022/23
465,Luke Brock,A Grade,PEELED_CENTRAL_SEASONS,2013/14
465,Luke Brock,B Grade,PEELED_CENTRAL_SEASONS,2013/14
465,Luke Brock,C Grade,PEELED_CENTRAL_SEASONS,2013/14
466,Shaun Atkins,B Grade,PEELED_CENTRAL_SEASONS,2010/11
467,Lee Chapman,C Grade,PEELED_CENTRAL_SEASONS,2014/15
467,Lee Chapman,E Grade,PEELED_CENTRAL_SEASONS,2014/15
468,Samuel Woodroff,E Grade,PEELED_CENTRAL_SEASONS,2023/24
468,Samuel Woodroff,F Grade,PEELED_CENTRAL_SEASONS,2023/24
469,Hayden Riches,F Grade,CENTRAL_SEASONS_NOT_IN_NATIVE,2022/23
469,Hayden Riches,F Grade,PEELED_CENTRAL_SEASONS,2021/22
470,Taj Depedro,Colts,PEELED_CENTRAL_SEASONS,2025/26
470,Taj Depedro,D Grade,PEELED_CENTRAL_SEASONS,2025/26
471,Jackson Knight,C Grade,PEELED_CENTRAL_SEASONS,2016/17
471,Jackson Knight,E Grade,PEELED_CENTRAL_SEASONS,2015/16 2016/17
472,Toby Leavy,B Grade,PEELED_CENTRAL_SEASONS,2022/23
472,Toby Leavy,D Grade,PEELED_CENTRAL_SEASONS,2022/23
473,Sam Hardman,A Grade,PEELED_CENTRAL_SEASONS,2017/18
473,Sam Hardman,B Grade,CENTRAL_SEASONS_NOT_IN_NATIVE,2017/18
474,Ben Hall,E Grade,PEELED_CENTRAL_SEASONS,2009/10
475,Niel Smith,D Grade,PEELED_CENTRAL_SEASONS,2016/17 2017/18
478,Sean Kearns,C Grade,PEELED_CENTRAL_SEASONS,2010/11
479,Ellis Miah,A Grade,PEELED_CENTRAL_SEASONS,2013/14
479,Ellis Miah,B Grade,PEELED_CENTRAL_SEASONS,2013/14
479,Ellis Miah,C Grade,PEELED_CENTRAL_SEASONS,2013/14
480,Cohen Buller,F Grade,PEELED_CENTRAL_SEASONS,2025/26
481,Nicholas Mills,D Grade,PEELED_CENTRAL_SEASONS,2017/18
481,Nicholas Mills,E Grade,PEELED_CENTRAL_SEASONS,2017/18
481,Nicholas Mills,F Grade,PEELED_CENTRAL_SEASONS,2016/17
482,Timothy Lees,A Grade,PEELED_CENTRAL_SEASONS,2012/13
482,Timothy Lees,B Grade,PEELED_CENTRAL_SEASONS,2012/13
483,Jason Law,C Grade,PEELED_CENTRAL_SEASONS,2015/16
483,Jason Law,D Grade,PEELED_CENTRAL_SEASONS,2015/16
485,Cooper Davis,E Grade,PEELED_CENTRAL_SEASONS,2022/23
485,Cooper Davis,F Grade,PEELED_CENTRAL_SEASONS,2022/23 2023/24
486,Jordan Cole,D Grade,PEELED_CENTRAL_SEASONS,2017/18
486,Jordan Cole,F Grade,PEELED_CENTRAL_SEASONS,2015/16
487,Harley Murphy,E Grade,PEELED_CENTRAL_SEASONS,2012/13 2013/14
487,Harley Murphy,F Grade,PEELED_CENTRAL_SEASONS,2014/15
488,Morgan Walden,E Grade,PEELED_CENTRAL_SEASONS,2011/12
489,Melissa Watson,Female A Grade,PEELED_CENTRAL_SEASONS,2023/24
490,Scott Buchholz,E Grade,PEELED_CENTRAL_SEASONS,2010/11
493,Koby Jackson,E Grade,PEELED_CENTRAL_SEASONS,2017/18
494,Andrew Nash,B Grade,CENTRAL_SEASONS_NOT_IN_NATIVE,2017/18
494,Andrew Nash,C Grade,PEELED_CENTRAL_SEASONS,2017/18
494,Andrew Nash,D Grade,PEELED_CENTRAL_SEASONS,2017/18
494,Andrew Nash,E Grade,PEELED_CENTRAL_SEASONS,2017/18
495,Tyler Bacon,F Grade,PEELED_CENTRAL_SEASONS,2024/25
496,Doug Beeton,C Grade,PEELED_CENTRAL_SEASONS,2016/17 2017/18
497,Jacob Oosterhuis,F Grade,PEELED_CENTRAL_SEASONS,2020/21
498,B Harris,D Grade,PEELED_CENTRAL_SEASONS,2006/07
499,Sam Lovell,Colts,PEELED_CENTRAL_SEASONS,2024/25
499,Sam Lovell,E Grade,PEELED_CENTRAL_SEASONS,2021/22 2022/23
499,Sam Lovell,F Grade,PEELED_CENTRAL_SEASONS,2020/21
500,Brodie Rayment,F Grade,PEELED_CENTRAL_SEASONS,2023/24
501,Rhys Jeffers,C Grade,PEELED_CENTRAL_SEASONS,2014/15
501,Rhys Jeffers,D Grade,PEELED_CENTRAL_SEASONS,2014/15
502,Jackson Chipperfield,F Grade,PEELED_CENTRAL_SEASONS,2021/22
503,Shaylah Oosterhuis,D Grade,PEELED_CENTRAL_SEASONS,2019/20
503,Shaylah Oosterhuis,F Grade,PEELED_CENTRAL_SEASONS,2020/21
505,Paul Nicholls,D Grade,PEELED_CENTRAL_SEASONS,2007/08
506,Stephen Hockings,C Grade,PEELED_CENTRAL_SEASONS,2013/14
506,Stephen Hockings,E Grade,PEELED_CENTRAL_SEASONS,2013/14
507,Zac Boettiger,D Grade,PEELED_CENTRAL_SEASONS,2025/26
507,Zac Boettiger,F Grade,PEELED_CENTRAL_SEASONS,2021/22 2022/23
508,Stephen Ferguson,F Grade,PEELED_CENTRAL_SEASONS,2021/22 2022/23 2023/24
509,Jack Brooks,D Grade,PEELED_CENTRAL_SEASONS,2020/21
509,Jack Brooks,F Grade,PEELED_CENTRAL_SEASONS,2020/21
510,Jake Smoker,B Grade,PEELED_CENTRAL_SEASONS,2010/11
511,Shea Heinsen,Female A Grade,PEELED_CENTRAL_SEASONS,2024/25
512,Jarvis Pina,C Grade,PEELED_CENTRAL_SEASONS,2014/15
512,Jarvis Pina,D Grade,PEELED_CENTRAL_SEASONS,2014/15
512,Jarvis Pina,E Grade,PEELED_CENTRAL_SEASONS,2014/15
512,Jarvis Pina,F Grade,PEELED_CENTRAL_SEASONS,2014/15
514,Conor Burns,F Grade,PEELED_CENTRAL_SEASONS,2021/22 2022/23
515,Patrick Flanagan,E Grade,PEELED_CENTRAL_SEASONS,2024/25
515,Patrick Flanagan,F Grade,PEELED_CENTRAL_SEASONS,2024/25
516,Chae Lally,D Grade,PEELED_CENTRAL_SEASONS,2018/19
518,Brad Parks,E Grade,PEELED_CENTRAL_SEASONS,2011/12
519,Benjamin Stevenson,C Grade,PEELED_CENTRAL_SEASONS,2016/17 2017/18
519,Benjamin Stevenson,D Grade,PEELED_CENTRAL_SEASONS,2016/17
519,Benjamin Stevenson,E Grade,PEELED_CENTRAL_SEASONS,2016/17
521,Joe Knowles,C Grade,PEELED_CENTRAL_SEASONS,2016/17
522,David Metcalfe,D Grade,PEELED_CENTRAL_SEASONS,2022/23
522,David Metcalfe,E Grade,PEELED_CENTRAL_SEASONS,2022/23
523,Phil Tindall,F Grade,PEELED_CENTRAL_SEASONS,2025/26
524,Aimee Latham,Female A Grade,PEELED_CENTRAL_SEASONS,2025/26
525,Shane Lomman,D Grade,PEELED_CENTRAL_SEASONS,2016/17 2017/18 2018/19
526,Jacob Perry,F Grade,PEELED_CENTRAL_SEASONS,2013/14
528,Vinish Payyappilly,C Grade,PEELED_CENTRAL_SEASONS,2012/13
528,Vinish Payyappilly,E Grade,PEELED_CENTRAL_SEASONS,2012/13
530,Jessie Roe,B Grade,PEELED_CENTRAL_SEASONS,2011/12
531,Mathew Dixon,D Grade,PEELED_CENTRAL_SEASONS,2005/06 2006/07 2007/08
532,Jason Knapp,D Grade,PEELED_CENTRAL_SEASONS,2005/06
533,Scott Westley,E Grade,PEELED_CENTRAL_SEASONS,2021/22
533,Scott Westley,F Grade,PEELED_CENTRAL_SEASONS,2021/22
534,Blesson Varughese,E Grade,PEELED_CENTRAL_SEASONS,2023/24
534,Blesson Varughese,F Grade,PEELED_CENTRAL_SEASONS,2023/24
535,Kaedyn Billing,D Grade,PEELED_CENTRAL_SEASONS,2023/24
535,Kaedyn Billing,E Grade,PEELED_CENTRAL_SEASONS,2021/22
535,Kaedyn Billing,F Grade,PEELED_CENTRAL_SEASONS,2021/22
536,Steve Capener,E Grade,PEELED_CENTRAL_SEASONS,2015/16
536,Steve Capener,F Grade,PEELED_CENTRAL_SEASONS,2015/16
537,Sabrina Evans,Female A Grade,PEELED_CENTRAL_SEASONS,2025/26
539,Darren Beard,E Grade,PEELED_CENTRAL_SEASONS,2016/17
540,Ryan Bellotti,F Grade,PEELED_CENTRAL_SEASONS,2013/14
541,Kaylee Ashford,Female A Grade,PEELED_CENTRAL_SEASONS,2025/26
542,Bradley Woodcock,B Grade,PEELED_CENTRAL_SEASONS,2011/12
543,Liam O'Shaughnessy,D Grade,PEELED_CENTRAL_SEASONS,2023/24
543,Liam O'Shaughnessy,E Grade,PEELED_CENTRAL_SEASONS,2023/24
543,Liam O'Shaughnessy,F Grade,PEELED_CENTRAL_SEASONS,2023/24
544,Meghana Ghanawat,Female A Grade,PEELED_CENTRAL_SEASONS,2023/24
545,Hayze Griffiths,D Grade,PEELED_CENTRAL_SEASONS,2019/20
545,Hayze Griffiths,E Grade,PEELED_CENTRAL_SEASONS,2025/26
546,Riley Arrowsmith,Colts,PEELED_CENTRAL_SEASONS,2023/24 2024/25
547,Luke Garbin,F Grade,PEELED_CENTRAL_SEASONS,2020/21
549,Finn Fogarty,F Grade,PEELED_CENTRAL_SEASONS,2025/26
550,Chris Palmer,E Grade,PEELED_CENTRAL_SEASONS,2022/23
550,Chris Palmer,F Grade,PEELED_CENTRAL_SEASONS,2022/23
551,Anthony Roig,E Grade,PEELED_CENTRAL_SEASONS,2012/13
552,Devon Phelps,E Grade,PEELED_CENTRAL_SEASONS,2025/26
553,Joseph Kiff,B Grade,PEELED_CENTRAL_SEASONS,2016/17
554,Brock Larance,PPL,PEELED_CENTRAL_SEASONS,2025/26
556,Daman Takkar,B Grade,PEELED_CENTRAL_SEASONS,2015/16
557,Rodney Shemeld,A Grade,PEELED_CENTRAL_SEASONS,2011/12
558,Waldo Kruger,D Grade,PEELED_CENTRAL_SEASONS,2019/20 2022/23
560,Louis Hedley,E Grade,PEELED_CENTRAL_SEASONS,2009/10
562,James Green,E Grade,PEELED_CENTRAL_SEASONS,2022/23
562,James Green,F Grade,PEELED_CENTRAL_SEASONS,2022/23
563,Jake Mallam,E Grade,PEELED_CENTRAL_SEASONS,2012/13
563,Jake Mallam,F Grade,PEELED_CENTRAL_SEASONS,2013/14
564,Ryan Jessen,D Grade,PEELED_CENTRAL_SEASONS,2022/23
564,Ryan Jessen,E Grade,PEELED_CENTRAL_SEASONS,2022/23
565,Michael Boyle,D Grade,PEELED_CENTRAL_SEASONS,2020/21
565,Michael Boyle,F Grade,PEELED_CENTRAL_SEASONS,2021/22
566,Aengus Mearns,C Grade,PEELED_CENTRAL_SEASONS,2017/18
566,Aengus Mearns,F Grade,PEELED_CENTRAL_SEASONS,2017/18
567,Mattheau Clune,F Grade,PEELED_CENTRAL_SEASONS,2014/15
568,Scott Halpin,F Grade,PEELED_CENTRAL_SEASONS,2016/17
569,Benjamin Taylor,E Grade,PEELED_CENTRAL_SEASONS,2017/18
569,Benjamin Taylor,F Grade,PEELED_CENTRAL_SEASONS,2015/16
571,Adam Corak,E Grade,PEELED_CENTRAL_SEASONS,2009/10
572,Jazz Jones,Female A Grade,PEELED_CENTRAL_SEASONS,2023/24
573,Rodney Ford,A Grade,PEELED_CENTRAL_SEASONS,2018/19
574,Dennis Schrader,F Grade,PEELED_CENTRAL_SEASONS,2022/23
577,Danny Hood,B Grade,PEELED_CENTRAL_SEASONS,2019/20
579,Paul Doberer,C Grade,PEELED_CENTRAL_SEASONS,2013/14
579,Paul Doberer,F Grade,PEELED_CENTRAL_SEASONS,2013/14
582,Dominik Singh,E Grade,PEELED_CENTRAL_SEASONS,2022/23
582,Dominik Singh,F Grade,PEELED_CENTRAL_SEASONS,2022/23
584,Gaynor Jeffrey,E Grade,PEELED_CENTRAL_SEASONS,2009/10
586,Zac Rush,F Grade,PEELED_CENTRAL_SEASONS,2021/22
587,Stephen Basilio,E Grade,PEELED_CENTRAL_SEASONS,2022/23
588,Jacob Harken,D Grade,PEELED_CENTRAL_SEASONS,2020/21
591,Shinoy De Silva,D Grade,PEELED_CENTRAL_SEASONS,2017/18
592,Jack Sears,C Grade,PEELED_CENTRAL_SEASONS,2017/18
592,Jack Sears,D Grade,PEELED_CENTRAL_SEASONS,2017/18
593,Michael Doherty,E Grade,PEELED_CENTRAL_SEASONS,2013/14
593,Michael Doherty,F Grade,PEELED_CENTRAL_SEASONS,2013/14
594,Nash Jones,F Grade,PEELED_CENTRAL_SEASONS,2023/24
595,Tristan Sullivan,D Grade,PEELED_CENTRAL_SEASONS,2016/17
596,Jack Wood,F Grade,PEELED_CENTRAL_SEASONS,2014/15
597,Joe Marzoli,D Grade,PEELED_CENTRAL_SEASONS,2017/18
598,Benjamin Tonkin,F Grade,PEELED_CENTRAL_SEASONS,2024/25
600,Kynen Newton,F Grade,PEELED_CENTRAL_SEASONS,2017/18
691,Clinton Hinchliffe,PPL,PEELED_CENTRAL_SEASONS,2024/25
692,Jackson Merrett,B Grade,PEELED_CENTRAL_SEASONS,2018/19
693,Jaxon Foale,C Grade,PEELED_CENTRAL_SEASONS,2017/18
694,Harry Tatterson,A Grade,PEELED_CENTRAL_SEASONS,2017/18
694,Harry Tatterson,F Grade,PEELED_CENTRAL_SEASONS,2017/18
699,Reece Dillon,F Grade,PEELED_CENTRAL_SEASONS,2013/14
701,Bailey Franchina,E Grade,PEELED_CENTRAL_SEASONS,2017/18
702,Stephen Furguson,E Grade,PEELED_CENTRAL_SEASONS,2022/23
702,Stephen Furguson,F Grade,PEELED_CENTRAL_SEASONS,2022/23
703,Hayden Thompson,E Grade,PEELED_CENTRAL_SEASONS,2012/13
704,Dwayne Walsh,F Grade,PEELED_CENTRAL_SEASONS,2025/26
705,Mitch Vane,F Grade,PEELED_CENTRAL_SEASONS,2022/23
709,Mark Della Bosca,F Grade,PEELED_CENTRAL_SEASONS,2013/14
715,Jon Bateson,F Grade,PEELED_CENTRAL_SEASONS,2013/14
716,Nikhil Chaudhry,E Grade,PEELED_CENTRAL_SEASONS,2012/13
717,Gary Porter,F Grade,PEELED_CENTRAL_SEASONS,2013/14
719,Charlie Baker,E Grade,PEELED_CENTRAL_SEASONS,2022/23
720,Elliot Lyons,C Grade,PEELED_CENTRAL_SEASONS,2017/18
721,Bryce Becker,F Grade,PEELED_CENTRAL_SEASONS,2021/22
722,Brian Casey,F Grade,PEELED_CENTRAL_SEASONS,2022/23
723,Michael Harrison,F Grade,PEELED_CENTRAL_SEASONS,2022/23
724,Elliot Ireland,A Grade,PEELED_CENTRAL_SEASONS,2018/19
725,Bruce Tatterson,D Grade,PEELED_CENTRAL_SEASONS,2014/15
726,Justin Wright,D Grade,PEELED_CENTRAL_SEASONS,2017/18
727,Scott Jeffrey,D Grade,PEELED_CENTRAL_SEASONS,2017/18
728,Connor Draper,B Grade,PEELED_CENTRAL_SEASONS,2025/26
730,Kevin Banwell,D Grade,PEELED_CENTRAL_SEASONS,2015/16
732,John Brewster,D Grade,PEELED_CENTRAL_SEASONS,2014/15
733,Joshua Graham,F Grade,PEELED_CENTRAL_SEASONS,2015/16
734,Jamie Humble,F Grade,PEELED_CENTRAL_SEASONS,2022/23
736,Mitch Hogg,A Grade,PEELED_CENTRAL_SEASONS,2018/19
737,Blake Thompson,E Grade,PEELED_CENTRAL_SEASONS,2014/15
740,Luke Masser,E Grade,PEELED_CENTRAL_SEASONS,2011/12
743,T Asiata,D Grade,PEELED_CENTRAL_SEASONS,2017/18
744,Christopher Butterworth,F Grade,PEELED_CENTRAL_SEASONS,2013/14
747,James Birbeck,B Grade,PEELED_CENTRAL_SEASONS,2021/22
748,Ben Burnett,F Grade,PEELED_CENTRAL_SEASONS,2021/22
749,Hayden Michaels,B Grade,PEELED_CENTRAL_SEASONS,2019/20
750,Kyle Penny,F Grade,PEELED_CENTRAL_SEASONS,2014/15
751,Alex Steinhobel,B Grade,PEELED_CENTRAL_SEASONS,2016/17
752,Calvin Stone,D Grade,PEELED_CENTRAL_SEASONS,2016/17
755,Stacey Bennett,F Grade,PEELED_CENTRAL_SEASONS,2017/18
758,Julian Crudeli,A Grade,PEELED_CENTRAL_SEASONS,2016/17
759,Jackson Davidson,B Grade,CENTRAL_SEASONS_NOT_IN_NATIVE,2017/18
760,Pierce Dawson,B Grade,CENTRAL_SEASONS_NOT_IN_NATIVE,2017/18
766,Varun Kumar,F Grade,PEELED_CENTRAL_SEASONS,2024/25
767,Ollie Labrow,F Grade,PEELED_CENTRAL_SEASONS,2025/26
768,Ethan O'Brien,F Grade,PEELED_CENTRAL_SEASONS,2016/17
769,Antony Radunovich,E Grade,PEELED_CENTRAL_SEASONS,2022/23
770,Luke Rutter,E Grade,PEELED_CENTRAL_SEASONS,2022/23
774,Daniel Ullyett,F Grade,PEELED_CENTRAL_SEASONS,2014/15
9001,Emma-Lee Hammond,Female A Grade,PEELED_CENTRAL_SEASONS,2025/26
9002,Brooke Hutton,Female A Grade,PEELED_CENTRAL_SEASONS,2025/26
9004,Olivia McCusker,Female A Grade,PEELED_CENTRAL_SEASONS,2025/26
9007,Ashley Day,Female A Grade,PEELED_CENTRAL_SEASONS,2025/26
