player_id,name,grade,season,message
2,Dale Burns,B Grade,career,best_bowling is more than wickets.
9,Grant Matthews,B Grade,career,best_bowling is more than wickets.
16,Leigh Burns,B Grade,career,high_score is more than runs.
23,Jarod Little,B Grade,career,high_score is more than runs.
27,Anthony Brokate,B Grade,career,innings is more than twice games.
28,Wesley Naidoo,B Grade,career,high_score is more than runs.
32,Ryan Burns,B Grade,career,best_bowling is more than wickets.
38,Corbin Little,B Grade,career,high_score is more than runs.
38,Corbin Little,B Grade,career,best_bowling is more than wickets.
60,Levi Muller,B Grade,career,high_score is more than runs.
60,Levi Muller,B Grade,career,best_bowling is more than wickets.
69,Hugo Young,B Grade,career,high_score is more than runs.
73,Lewis Starbuck,B Grade,career,high_score is more than runs.
123,Mitchell Felton,B Grade,career,high_score is more than runs.
128,Reid Klopper,B Grade,career,high_score is more than runs.
128,Reid Klopper,B Grade,career,best_bowling is more than wickets.
152,Andrew Pasco,B Grade,career,high_score is more than runs.
162,Declan Chappell,B Grade,career,best_bowling is more than wickets.
188,Joel Evans,B Grade,career,high_score is more than runs.
188,Joel Evans,B Grade,career,best_bowling is more than wickets.
248,Samuel Evans,B Grade,career,high_score is more than runs.
274,Ethan White,B Grade,career,high_score is more than runs.
274,Ethan White,B Grade,career,best_bowling is more than wickets.
170,Bodie Terbeeke,D Grade,career,high_score is more than runs.
204,Eligh Frunks,F Grade,career,high_score is more than runs.
6,Peter Wyllie,C Grade,career,best_bowling is more than wickets.
275,Amninder Singh,E Grade,career,high_score is more than runs.
14,Martin Crump,C Grade,career,high_score is more than runs.
14,Martin Crump,C Grade,career,best_bowling is more than wickets.
164,Andre Geeraets,F Grade,career,high_score is more than runs.
13,Dean Finlay,C Grade,career,high_score is more than runs.
111,Nathan Pasco,D Grade,career,high_score is more than runs.
77,Cary Green,B Grade,career,high_score is more than runs.
598,Benjamin Tonkin,F Grade,career,high_score is more than runs.
108,Andrew Pocklington,C Grade,career,best_bowling is more than wickets.
138,Caden Mccarthy,B Grade,career,high_score is more than runs.
49,Peter Knight,B Grade,career,high_score is more than runs.
11,Kyle Jeffrey,D Grade,career,high_score is more than runs.
146,Joseph Slade,A Grade,career,best_bowling is more than wickets.
367,Rick Tyson,A Grade,career,high_score is more than runs.
47,Dan Howell,B Grade,career,2 native rows for this career were summed into one.
47,Dan Howell,B Grade,career,high_score is more than runs.
396,Marcus Tomlinson,Colts,career,high_score is more than runs.
318,Peter Brear,B Grade,career,high_score is more than runs.
499,Sam Lovell,Colts,career,high_score is more than runs.
147,Peter Walsh,Colts,career,high_score is more than runs.
468,Samuel Woodroff,E Grade,career,high_score is more than runs.
95,David Lovell,A Grade,career,best_bowling is more than wickets.
232,Kim Nicholson,Female A Grade,career,high_score is more than runs.
150,Michael Holmes,A Grade,career,high_score is more than runs.
150,Michael Holmes,A Grade,career,best_bowling is more than wickets.
222,Dave Nicholson,F Grade,career,high_score is more than runs.
190,Thomas Smith,B Grade,career,high_score is more than runs.
59,Brendon King,A Grade,career,high_score is more than runs.
23,Jarod Little,A Grade,career,high_score is more than runs.
3,Darren Jeffrey,C Grade,career,high_score is more than runs.
3,Darren Jeffrey,C Grade,career,best_bowling is more than wickets.
542,Bradley Woodcock,B Grade,career,high_score is more than runs.
86,Cameron Burrage,B Grade,career,high_score is more than runs.
117,Blake Allen,Colts,career,high_score is more than runs.
193,Samuel Smith,D Grade,career,high_score is more than runs.
416,Brendan Lee,E Grade,career,high_score is more than runs.
93,Ashley Jeffrey,C Grade,career,high_score is more than runs.
500,Brodie Rayment,F Grade,career,high_score is more than runs.
408,David Arrowsmith,F Grade,career,high_score is more than runs.
352,Aaron Thomas,A Grade,career,high_score is more than runs.
352,Aaron Thomas,A Grade,career,best_bowling is more than wickets.
253,Brent Seddon,C Grade,career,high_score is more than runs.
253,Brent Seddon,C Grade,career,best_bowling is more than wickets.
485,Cooper Davis,F Grade,career,high_score is more than runs.
399,Antony Maichil,E Grade,career,high_score is more than runs.
278,Jason R Davey,B Grade,career,high_score is more than runs.
541,Kaylee Ashford,Female A Grade,career,high_score is more than runs.
204,Eligh Frunks,D Grade,career,high_score is more than runs.
369,Emmett Hambley,D Grade,career,high_score is more than runs.
238,Sachin Johnson,D Grade,career,high_score is more than runs.
495,Tyler Bacon,F Grade,career,high_score is more than runs.
133,Hudson Malingre,B Grade,career,high_score is more than runs.
185,Daniel Fogarty,F Grade,career,high_score is more than runs.
21,Paul Gillam,B Grade,career,high_score is more than runs.
21,Paul Gillam,B Grade,career,best_bowling is more than wickets.
126,Alex Quigg,A Grade,career,best_bowling is more than wickets.
39,Raymond Smedley,C Grade,career,high_score is more than runs.
220,George Young,F Grade,career,high_score is more than runs.
135,Craig White,A Grade,career,high_score is more than runs.
459,Mitchell Burton,F Grade,career,high_score is more than runs.
28,Wesley Naidoo,A Grade,career,high_score is more than runs.
2,Dale Burns,E Grade,career,high_score is more than runs.
306,Trae Rehutai,F Grade,career,high_score is more than runs.
291,Owen Phelps,B Grade,career,best_bowling is more than wickets.
341,Judd Prentice,A Grade,career,high_score is more than runs.
341,Judd Prentice,A Grade,career,best_bowling is more than wickets.
132,Karan Mehta,B Grade,career,best_bowling is more than wickets.
47,Dan Howell,C Grade,career,2 native rows for this career were summed into one.
323,Matthew Hardie,D Grade,career,high_score is more than runs.
369,Emmett Hambley,Colts,career,high_score is more than runs.
30,Scott Martin,B Grade,career,high_score is more than runs.
30,Scott Martin,B Grade,career,best_bowling is more than wickets.
