player_id,name,grade,season,native_runs,central_runs,native_wickets,central_wickets,runs_differ,wickets_differ
7,Matthew Lloyd,A Grade,2013/14,3,0,0,0,1,0
9,Grant Matthews,A Grade,2013/14,30,30,2,0,0,1
9,Grant Matthews,A Grade,2016/17,25,20,2,2,1,0
11,Kyle Jeffrey,A Grade,2013/14,18,0,0,0,1,0
11,Kyle Jeffrey,A Grade,2015/16,12,8,17,10,1,1
12,Peter Boyce,A Grade,2013/14,0,0,2,0,0,1
17,Cameron Lucas,A Grade,2013/14,33,25,5,2,1,1
17,Cameron Lucas,A Grade,2016/17,83,68,16,11,1,1
27,Anthony Brokate,A Grade,2013/14,0,0,2,1,0,1
27,Anthony Brokate,A Grade,2015/16,1,0,12,4,1,1
30,Scott Martin,A Grade,2015/16,123,84,15,13,1,1
30,Scott Martin,A Grade,2016/17,258,160,20,14,1,1
31,Michael Griffiths,A Grade,2013/14,36,0,0,0,1,0
34,Richard Woods,A Grade,2013/14,94,90,0,0,1,0
35,Ben Finlay,A Grade,2015/16,34,26,0,0,1,0
43,Jack Manuel,A Grade,2016/17,281,209,2,2,1,0
46,Josh Petersen,A Grade,2013/14,214,209,6,6,1,0
46,Josh Petersen,A Grade,2015/16,257,196,0,0,1,0
46,Josh Petersen,A Grade,2016/17,645,550,3,3,1,0
47,Dan Howell,A Grade,2013/14,19,0,4,0,1,1
47,Dan Howell,A Grade,2014/15,62,0,0,0,1,0
47,Dan Howell,A Grade,2015/16,44,0,0,0,1,0
47,Dan Howell,B Grade,2013/14,409,0,9,0,1,1
47,Dan Howell,B Grade,2014/15,182,0,4,0,1,1
47,Dan Howell,B Grade,2015/16,129,0,2,0,1,1
47,Dan Howell,B Grade,2016/17,11,0,0,0,1,0
47,Dan Howell,C Grade,2015/16,35,26,14,13,1,1
47,Dan Howell,E Grade,2016/17,30,0,3,0,1,1
54,Lachlan Kinna,A Grade,2015/16,51,41,26,21,1,1
54,Lachlan Kinna,A Grade,2016/17,124,124,24,19,0,1
56,Michael Chappell,A Grade,2015/16,283,243,0,0,1,0
56,Michael Chappell,A Grade,2016/17,92,83,3,2,1,1
60,Levi Muller,A Grade,2016/17,196,182,0,0,1,0
64,Matthew Gordon,A Grade,2013/14,39,24,19,16,1,1
64,Matthew Gordon,A Grade,2015/16,2,2,10,7,0,1
64,Matthew Gordon,A Grade,2016/17,59,44,14,12,1,1
71,Liam Blampied,A Grade,2013/14,82,46,3,2,1,1
73,Lewis Starbuck,A Grade,2016/17,28,18,16,11,1,1
77,Cary Green,A Grade,2013/14,351,238,2,2,1,0
86,Cameron Burrage,A Grade,2013/14,164,161,25,23,1,1
86,Cameron Burrage,A Grade,2015/16,176,145,18,14,1,1
86,Cameron Burrage,A Grade,2016/17,232,200,17,14,1,1
93,Ashley Jeffrey,A Grade,2013/14,24,22,33,27,1,1
98,Mitchell Green,A Grade,2013/14,350,289,10,10,1,0
105,Andrew Tatterson,A Grade,2015/16,321,310,17,16,1,1
131,Bradley Wiseman,A Grade,2013/14,339,275,0,0,1,0
160,Christopher Thomas,A Grade,2013/14,9,0,0,0,1,0
160,Christopher Thomas,A Grade,2016/17,151,137,1,1,1,0
172,Mathew Skender,A Grade,2013/14,126,116,0,0,1,0
188,Joel Evans,A Grade,2015/16,294,268,0,0,1,0
188,Joel Evans,A Grade,2016/17,259,217,0,0,1,0
241,Stephen Inward,A Grade,2013/14,516,498,0,0,1,0
248,Samuel Evans,A Grade,2016/17,13,5,0,0,1,0
254,Jordan Brokate,A Grade,2013/14,33,0,11,8,1,1
373,Daniel Higham,A Grade,2015/16,15,4,1,1,1,0
406,Jaspreet Pannu,A Grade,2013/14,0,0,1,0,0,1
427,James Capener,A Grade,2015/16,24,1,0,0,1,0
460,Matthew Reilly,A Grade,2013/14,4,0,2,0,1,1
465,Luke Brock,A Grade,2013/14,66,62,0,0,1,0
