player_id,name,grade,central_only_seasons,baseline_games,central_games,peeled_games,baseline_innings,central_innings,peeled_innings,baseline_runs,central_runs,peeled_runs,baseline_wickets,central_wickets,peeled_wickets,baseline_catches,central_catches,peeled_catches,dropped
1,Chris Phelps,A Grade,2003/04 2004/05 2005/06 2006/07 2007/08 2008/09 2009/10 2011/12 2012/13 2013/14 2015/16 2016/17 2017/18 2018/19 2019/20 2020/21 2021/22 2022/23 2023/24 2024/25 2025/26,103,19,19,94,0,0,2168,0,0,131,0,0,127,70,70,
1,Chris Phelps,B Grade,2007/08 2013/14 2015/16 2020/21 2023/24 2025/26,0,1,0,0,0,0,0,0,0,0,0,0,5,7,5,yes
2,Dale Burns,A Grade,2003/04 2004/05 2005/06 2006/07 2008/09 2009/10 2011/12 2018/19 2019/20,116,6,6,112,0,0,4578,0,0,125,0,0,90,10,10,
2,Dale Burns,B Grade,2017/18 2020/21,2,3,2,2,2,2,77,77,77,1,1,1,10,0,0,
2,Dale Burns,C Grade,2013/14 2015/16 2016/17 2017/18,2,4,2,0,0,0,0,0,0,0,0,0,26,1,1,
3,Darren Jeffrey,B Grade,2005/06 2006/07 2007/08 2008/09 2009/10 2010/11 2011/12 2013/14 2018/19,32,5,5,31,0,0,474,0,0,70,0,0,15,12,12,
3,Darren Jeffrey,C Grade,2006/07 2007/08 2008/09 2009/10 2010/11 2012/13 2013/14 2014/15 2015/16 2016/17 2017/18,2,4,2,1,0,0,14,0,0,1,0,0,31,22,22,
3,Darren Jeffrey,D Grade,2012/13 2014/15 2015/16 2016/17 2017/18 2022/23,16,1,1,0,0,0,0,0,0,0,0,0,0,7,0,
3,Darren Jeffrey,E Grade,2021/22 2023/24 2024/25 2025/26,0,3,0,0,0,0,0,0,0,0,0,0,7,8,7,yes
4,Matthew Guyton,A Grade,2003/04 2006/07 2008/09 2009/10 2018/19,5,4,4,2,0,0,0,0,0,0,0,0,26,13,13,
4,Matthew Guyton,B Grade,2006/07 2010/11 2011/12 2020/21 2022/23 2023/24,0,0,0,0,0,0,0,0,0,0,0,0,11,11,11,yes
4,Matthew Guyton,C Grade,2005/06 2006/07 2013/14 2015/16 2017/18,0,3,0,0,0,0,0,0,0,0,0,0,21,13,13,
4,Matthew Guyton,D Grade,2012/13 2014/15 2019/20 2021/22,0,0,0,0,0,0,0,0,0,0,0,0,6,11,6,yes
4,Matthew Guyton,E Grade,2024/25 2025/26,0,1,0,0,0,0,0,0,0,0,0,0,14,16,14,yes
5,Colin Birdsall,B Grade,2013/14,49,1,1,41,0,0,101,0,0,3,0,0,2,0,0,
5,Colin Birdsall,C Grade,2004/05,58,4,4,47,0,0,130,0,0,18,0,0,6,0,0,
5,Colin Birdsall,E Grade,2009/10,0,0,0,0,0,0,0,0,0,0,0,0,3,1,1,
6,Peter Wyllie,A Grade,2005/06 2006/07 2009/10,188,3,3,186,0,0,5589,0,0,182,0,0,65,11,11,
6,Peter Wyllie,C Grade,2007/08 2008/09 2011/12 2013/14,0,4,0,0,0,0,0,0,0,2,0,0,20,17,17,
6,Peter Wyllie,D Grade,2014/15,0,0,0,0,0,0,0,0,0,0,0,0,0,1,0,yes
7,Matthew Lloyd,B Grade,2005/06 2006/07 2007/08 2008/09 2020/21,8,1,1,7,0,0,87,0,0,0,0,0,10,8,8,
7,Matthew Lloyd,C Grade,2004/05 2006/07 2007/08 2008/09 2009/10 2011/12 2012/13 2013/14 2015/16 2016/17 2017/18,37,5,5,35,0,0,326,0,0,4,0,0,34,23,23,
7,Matthew Lloyd,D Grade,2008/09 2010/11 2011/12 2012/13 2013/14 2017/18 2018/19 2020/21 2021/22 2022/23,0,4,0,0,0,0,0,0,0,0,0,0,19,43,19,yes
8,Roger Wren,A Grade,2007/08,168,0,0,87,0,0,416,0,0,239,0,0,59,1,1,
8,Roger Wren,B Grade,2005/06 2007/08 2008/09 2009/10 2010/11,0,1,0,0,0,0,0,0,0,0,0,0,25,18,18,
8,Roger Wren,C Grade,2005/06 2006/07,0,1,0,0,0,0,0,0,0,0,0,0,12,12,12,yes
9,Grant Matthews,A Grade,2015/16,0,0,0,0,0,0,0,0,0,0,0,0,1,1,1,yes
9,Grant Matthews,B Grade,2006/07 2007/08 2008/09 2009/10 2010/11 2011/12 2012/13 2013/14 2014/15 2015/16 2016/17 2017/18,8,16,8,15,8,8,272,217,217,4,4,4,29,14,14,
9,Grant Matthews,D Grade,2006/07 2020/21 2021/22 2023/24 2025/26,0,2,0,3,0,0,0,0,0,0,0,0,6,8,6,
9,Grant Matthews,E Grade,2021/22 2024/25,0,0,0,1,0,0,0,0,0,0,0,0,2,4,2,
9,Grant Matthews,PPL,2013/14 2016/17,2,2,2,2,1,1,5,5,5,2,2,2,0,0,0,
10,Chris Baker,B Grade,2008/09,26,1,1,26,0,0,969,0,0,0,0,0,41,0,0,
11,Kyle Jeffrey,A Grade,2011/12 2014/15 2015/16 2018/19,0,2,0,0,0,0,0,0,0,0,0,0,11,10,10,
11,Kyle Jeffrey,B Grade,2009/10 2010/11 2012/13 2017/18 2023/24 2024/25,20,22,20,13,13,13,69,69,69,37,37,37,16,14,14,
11,Kyle Jeffrey,C Grade,2007/08 2008/09 2010/11 2011/12,0,2,0,0,0,0,0,0,0,0,0,0,18,13,13,
11,Kyle Jeffrey,D Grade,2006/07 2007/08 2008/09 2024/25 2025/26,0,1,0,0,0,0,9,0,0,0,0,0,19,19,19,
11,Kyle Jeffrey,E Grade,2013/14,1,1,1,0,0,0,0,0,0,0,0,0,2,2,2,yes
12,Peter Boyce,A Grade,2016/17 2019/20,0,0,0,0,0,0,0,0,0,0,0,0,5,1,1,
12,Peter Boyce,B Grade,2012/13 2013/14 2014/15 2015/16 2017/18 2022/23,12,16,12,12,12,12,82,82,82,23,23,23,21,1,1,
12,Peter Boyce,C Grade,2007/08 2008/09 2009/10 2010/11 2011/12 2015/16 2017/18,0,2,0,0,0,0,0,0,0,0,0,0,27,0,0,
12,Peter Boyce,E Grade,2021/22 2025/26,0,1,0,0,0,0,0,0,0,0,0,0,6,1,1,
13,Dean Finlay,B Grade,2005/06 2006/07 2008/09,10,0,0,11,0,0,100,0,0,2,0,0,7,6,6,
13,Dean Finlay,C Grade,2004/05 2005/06 2007/08 2008/09 2014/15,5,9,5,6,0,0,49,0,0,0,0,0,18,11,11,
13,Dean Finlay,D Grade,2012/13 2013/14 2015/16 2017/18 2018/19,0,2,0,0,0,0,0,0,0,0,0,0,8,14,8,yes
13,Dean Finlay,E Grade,2010/11,0,0,0,0,0,0,0,0,0,0,0,0,4,2,2,
14,Martin Crump,C Grade,2004/05 2007/08,0,1,0,0,0,0,32,0,0,1,0,0,4,3,3,
14,Martin Crump,D Grade,2007/08 2008/09 2009/10 2010/11 2011/12,1,2,1,0,0,0,0,0,0,0,0,0,14,13,13,
14,Martin Crump,F Grade,2013/14 2014/15 2015/16 2016/17,0,3,0,0,0,0,0,0,0,0,0,0,4,6,4,yes
15,Ashley Wyborn,B Grade,2021/22 2023/24,0,0,0,0,0,0,0,0,0,0,0,0,1,0,0,
15,Ashley Wyborn,F Grade,2013/14 2014/15 2015/16 2016/17,0,5,0,0,0,0,0,0,0,0,0,0,4,1,1,
16,Leigh Burns,A Grade,2006/07 2014/15 2015/16 2019/20,114,3,3,111,0,0,3529,0,0,10,0,0,68,0,0,
16,Leigh Burns,B Grade,2015/16 2017/18 2020/21 2021/22,1,3,1,1,1,1,6,6,6,0,0,0,6,0,0,
16,Leigh Burns,C Grade,2013/14 2016/17,1,2,1,0,0,0,0,0,0,0,0,0,21,0,0,
17,Cameron Lucas,A Grade,2009/10 2014/15 2016/17 2019/20,0,2,0,0,0,0,0,0,0,0,0,0,10,8,8,
17,Cameron Lucas,B Grade,2008/09 2009/10 2010/11 2011/12 2012/13 2015/16 2017/18 2018/19 2019/20,9,11,9,9,9,9,145,145,145,19,19,19,39,14,14,
17,Cameron Lucas,C Grade,2008/09 2012/13 2015/16,0,0,0,0,0,0,0,0,0,0,0,0,6,5,5,
17,Cameron Lucas,D Grade,2006/07 2007/08 2024/25 2025/26,0,2,0,0,0,0,0,0,0,0,0,0,10,5,5,
18,Jason Young,A Grade,2006/07 2012/13 2015/16 2018/19,0,1,0,0,0,0,0,0,0,0,0,0,7,7,7,yes
18,Jason Young,B Grade,2006/07 2007/08 2008/09 2012/13 2013/14 2014/15 2015/16 2017/18 2018/19 2020/21 2021/22 2023/24 2025/26,7,12,7,7,7,7,173,173,173,10,10,10,34,21,21,
18,Jason Young,C Grade,2012/13 2015/16 2016/17 2022/23,0,1,0,0,0,0,0,0,0,0,0,0,8,10,8,
18,Jason Young,D Grade,2019/20 2020/21 2021/22 2023/24,0,2,0,0,0,0,0,0,0,0,0,0,1,5,1,yes
18,Jason Young,E Grade,2015/16 2024/25 2025/26,0,2,0,0,0,0,0,0,0,0,0,0,4,8,4,yes
19,Dennis Bland,B Grade,2005/06 2008/09,54,1,1,42,0,0,337,0,0,99,0,0,17,1,1,
19,Dennis Bland,C Grade,2004/05 2010/11 2011/12 2014/15,0,3,0,0,0,0,0,0,0,0,0,0,15,1,1,
20,James Woods,C Grade,2006/07 2014/15 2015/16,0,1,0,0,0,0,0,0,0,0,0,0,10,3,3,
20,James Woods,D Grade,2005/06 2006/07 2007/08 2008/09 2009/10 2010/11 2011/12 2012/13 2013/14 2014/15 2015/16 2017/18 2018/19,2,5,2,0,0,0,0,0,0,0,0,0,79,101,79,yes
21,Paul Gillam,A Grade,2004/05 2005/06 2009/10,164,1,1,158,0,0,4465,0,0,66,0,0,117,5,5,
21,Paul Gillam,B Grade,2004/05 2009/10,4,0,0,3,0,0,56,0,0,1,0,0,4,3,3,
22,Justin Lockyer,B Grade,2005/06 2007/08,161,0,0,152,0,0,2050,0,0,258,0,0,49,3,3,
22,Justin Lockyer,C Grade,2005/06 2007/08 2008/09,0,1,0,0,0,0,0,0,0,0,0,0,4,5,4,yes
23,Jarod Little,A Grade,2017/18 2018/19 2019/20 2020/21 2021/22 2022/23 2023/24 2024/25 2025/26,0,7,0,0,0,0,1,0,0,0,0,0,126,115,115,
23,Jarod Little,B Grade,2017/18 2019/20 2020/21 2021/22 2022/23,5,5,5,4,4,4,46,46,46,0,0,0,10,18,10,yes
23,Jarod Little,C Grade,2016/17 2017/18,0,0,0,0,0,0,0,0,0,0,0,0,22,22,22,
23,Jarod Little,PPL,2019/20 2020/21 2023/24 2024/25 2025/26,0,1,0,0,0,0,0,0,0,0,0,0,3,2,2,
24,Simon King,E Grade,2009/10 2010/11 2011/12 2012/13 2013/14 2015/16 2017/18 2021/22 2022/23,0,2,0,0,0,0,0,0,0,0,0,0,15,22,15,yes
24,Simon King,F Grade,2015/16 2020/21,0,2,0,0,0,0,0,0,0,0,0,0,1,2,1,yes
25,Cameron Hill,C Grade,2004/05 2005/06,88,12,12,76,0,0,807,0,0,3,0,0,72,9,9,
25,Cameron Hill,D Grade,2022/23 2024/25 2025/26,0,2,0,0,0,0,0,0,0,0,0,0,12,18,12,yes
25,Cameron Hill,E Grade,2022/23 2023/24 2024/25 2025/26,0,0,0,0,0,0,0,0,0,0,0,0,22,25,22,yes
26,Andrew Kelman,B Grade,2004/05 2005/06,0,0,0,0,0,0,0,0,0,0,0,0,5,5,5,yes
26,Andrew Kelman,C Grade,2004/05 2006/07 2007/08 2008/09 2009/10 2011/12 2012/13,53,11,11,50,0,0,1426,0,0,89,0,0,78,37,37,
26,Andrew Kelman,D Grade,2007/08 2009/10 2010/11 2014/15,1,1,1,0,0,0,0,0,0,0,0,0,11,13,11,yes
27,Anthony Brokate,A Grade,2007/08 2013/14 2014/15 2020/21 2021/22,0,3,0,0,0,0,0,0,0,0,0,0,9,3,3,
27,Anthony Brokate,B Grade,2005/06 2008/09 2013/14 2014/15 2015/16 2016/17 2017/18,2,7,2,8,0,0,107,0,0,30,4,4,25,0,0,
28,Wesley Naidoo,A Grade,2017/18 2018/19,0,1,0,0,0,0,3,0,0,0,0,0,3,3,3,
28,Wesley Naidoo,B Grade,2012/13 2017/18 2018/19 2021/22 2022/23 2023/24 2025/26,11,11,11,8,8,8,27,27,27,19,19,19,4,17,4,yes
28,Wesley Naidoo,C Grade,2015/16 2016/17 2017/18,1,3,1,0,0,0,0,0,0,0,0,0,24,20,20,
28,Wesley Naidoo,D Grade,2012/13 2013/14 2014/15 2024/25,0,1,0,0,0,0,0,0,0,0,0,0,11,17,11,yes
28,Wesley Naidoo,E Grade,2025/26,0,0,0,0,0,0,0,0,0,0,0,0,3,2,2,
29,Chris Hickman,B Grade,2005/06 2006/07 2008/09 2010/11 2011/12,75,2,2,66,0,0,657,0,0,131,0,0,41,13,13,
29,Chris Hickman,C Grade,2013/14,0,0,0,0,0,0,0,0,0,0,0,0,1,1,1,yes
30,Scott Martin,A Grade,2015/16 2016/17 2017/18 2018/19 2019/20 2020/21 2021/22 2022/23 2023/24 2024/25,0,6,0,0,0,0,0,0,0,0,0,0,38,33,33,
30,Scott Martin,B Grade,2017/18 2019/20,2,2,2,2,2,2,35,35,35,0,0,0,3,2,2,
30,Scott Martin,E Grade,2025/26,0,0,0,0,0,0,0,0,0,0,0,0,1,1,1,yes
31,Michael Griffiths,A Grade,2004/05 2006/07 2010/11 2011/12 2012/13 2014/15 2018/19 2019/20,0,8,0,0,0,0,0,0,0,0,0,0,26,22,22,
31,Michael Griffiths,B Grade,2005/06 2006/07 2009/10 2013/14,0,1,0,0,0,0,0,0,0,0,0,0,36,18,18,
31,Michael Griffiths,E Grade,2025/26,0,0,0,0,0,0,0,0,0,0,0,0,6,6,6,yes
32,Ryan Burns,A Grade,2013/14 2014/15 2015/16,0,6,0,0,0,0,0,0,0,0,0,0,13,0,0,
32,Ryan Burns,B Grade,2011/12 2012/13 2017/18,14,16,14,14,14,14,339,358,339,0,0,0,24,0,0,
32,Ryan Burns,C Grade,2010/11 2016/17,1,2,1,0,0,0,0,0,0,0,0,0,31,0,0,
33,Rodney Dixon,D Grade,2005/06 2006/07 2007/08 2008/09 2009/10 2010/11 2011/12 2012/13 2013/14 2014/15,0,3,0,0,0,0,0,0,0,0,0,0,37,38,37,yes
34,Richard Woods,A Grade,2011/12 2012/13 2013/14 2014/15 2021/22 2022/23 2023/24,0,6,0,0,0,0,0,0,0,0,0,0,27,22,22,
34,Richard Woods,B Grade,2008/09 2009/10 2010/11 2011/12 2014/15 2021/22 2022/23,0,2,0,0,0,0,0,0,0,0,0,0,50,43,43,
34,Richard Woods,D Grade,2008/09 2010/11 2017/18,0,0,0,0,0,0,0,0,0,0,0,0,7,6,6,
35,Ben Finlay,B Grade,2012/13 2017/18 2018/19,7,8,7,7,6,6,68,67,67,1,3,1,14,0,0,
36,Jake Wyllie,A Grade,2015/16 2018/19 2020/21 2021/22 2022/23 2023/24 2024/25 2025/26,0,6,0,0,0,0,0,0,0,0,0,0,30,32,30,
36,Jake Wyllie,C Grade,2012/13 2013/14 2015/16 2016/17,2,4,2,0,0,0,0,0,0,0,0,0,5,3,3,
36,Jake Wyllie,PPL,2020/21 2021/22 2022/23 2024/25 2025/26,0,1,0,0,0,0,0,0,0,0,0,0,3,6,3,yes
37,Glen Cruickshank,B Grade,2004/05,9,0,0,7,0,0,133,0,0,1,0,0,15,3,3,
37,Glen Cruickshank,C Grade,2004/05 2005/06 2008/09,51,8,8,49,0,0,832,0,0,49,0,0,48,6,6,
37,Glen Cruickshank,D Grade,2006/07 2007/08 2008/09 2009/10 2010/11,0,1,0,0,0,0,0,0,0,0,0,0,26,24,24,
37,Glen Cruickshank,E Grade,2012/13 2013/14,1,1,1,0,0,0,0,0,0,0,0,0,8,0,0,
38,Corbin Little,B Grade,2017/18 2018/19,1,2,1,1,1,1,0,0,0,0,0,0,2,0,0,
38,Corbin Little,C Grade,2017/18,0,0,0,0,0,0,0,0,0,0,0,0,6,5,5,
38,Corbin Little,D Grade,2015/16 2016/17 2017/18 2021/22 2025/26,0,0,0,0,0,0,0,0,0,0,0,0,1,5,1,yes
38,Corbin Little,E Grade,2015/16 2024/25 2025/26,0,2,0,0,0,0,0,0,0,0,0,0,2,2,2,yes
39,Raymond Smedley,B Grade,2005/06 2007/08,79,0,0,78,0,0,1486,0,0,9,0,0,88,2,2,
39,Raymond Smedley,C Grade,2004/05 2005/06 2006/07,0,2,0,0,0,0,72,0,0,0,0,0,33,29,29,
39,Raymond Smedley,D Grade,2010/11,1,1,1,0,0,0,0,0,0,0,0,0,2,2,2,yes
40,Angus Kent,A Grade,2018/19,0,0,0,0,0,0,0,0,0,0,0,0,4,3,3,
40,Angus Kent,B Grade,2016/17 2017/18 2018/19 2019/20 2020/21 2021/22 2022/23 2023/24 2025/26,21,26,21,21,21,21,237,237,237,6,6,6,30,24,24,
40,Angus Kent,D Grade,2017/18 2019/20 2021/22 2024/25,0,1,0,0,0,0,0,0,0,0,0,0,1,6,1,yes
41,Elliot Foote,A Grade,2019/20,0,0,0,0,0,0,0,0,0,0,0,0,3,1,1,
41,Elliot Foote,B Grade,2013/14 2015/16 2016/17 2017/18 2018/19 2019/20 2020/21 2022/23 2025/26,19,22,19,19,19,19,329,329,329,3,3,3,23,11,11,
41,Elliot Foote,C Grade,2012/13 2013/14 2014/15 2015/16 2016/17 2017/18 2022/23,0,2,0,0,0,0,0,0,0,0,0,0,10,6,6,
41,Elliot Foote,D Grade,2025/26,0,1,0,0,0,0,0,0,0,0,0,0,1,1,1,yes
42,Ian Bray,B Grade,2007/08 2008/09,62,2,2,58,0,0,1210,0,0,5,0,0,26,0,0,
42,Ian Bray,D Grade,2012/13,0,0,0,0,0,0,0,0,0,0,0,0,3,1,1,
43,Jack Manuel,A Grade,2015/16 2016/17 2019/20 2020/21 2021/22 2022/23 2023/24 2024/25 2025/26,0,9,0,0,0,0,0,0,0,0,0,0,65,63,63,
43,Jack Manuel,PPL,2016/17 2021/22 2022/23 2023/24 2024/25 2025/26,0,5,0,0,3,0,0,72,0,0,0,0,1,3,1,yes
44,Josh Rudge,A Grade,2019/20 2020/21 2021/22 2022/23 2023/24 2024/25 2025/26,0,8,0,0,0,0,0,0,0,0,0,0,64,62,62,
44,Josh Rudge,B Grade,2019/20,0,0,0,0,0,0,0,0,0,0,0,0,1,1,1,yes
44,Josh Rudge,PPL,2020/21 2021/22 2022/23 2023/24 2024/25,0,1,0,0,0,0,0,0,0,0,0,0,2,4,2,yes
46,Josh Petersen,A Grade,2005/06 2007/08 2008/09 2009/10 2010/11 2011/12 2012/13 2013/14 2014/15 2015/16 2016/17,0,9,0,0,0,0,0,0,0,0,0,0,94,80,80,
46,Josh Petersen,B Grade,2006/07 2007/08 2008/09 2010/11 2012/13 2015/16 2021/22 2022/23,0,0,0,0,0,0,0,0,0,0,0,0,14,22,14,yes
47,Dan Howell,C Grade,2004/05 2005/06 2007/08 2015/16 2016/17 2017/18,55,11,11,53,0,0,727,0,0,99,0,0,35,16,16,
47,Dan Howell,D Grade,2010/11 2014/15 2018/19,0,1,0,0,0,0,0,0,0,0,0,0,1,3,1,yes
48,David Allen,C Grade,2014/15 2022/23,0,1,0,0,0,0,0,0,0,0,0,0,6,2,2,
48,David Allen,D Grade,2010/11 2011/12 2012/13 2013/14 2015/16 2016/17 2018/19 2019/20 2020/21 2021/22 2022/23 2023/24,0,5,0,0,0,0,0,0,0,0,0,0,15,27,15,yes
49,Peter Knight,B Grade,2019/20 2020/21 2021/22,0,1,0,0,0,0,4,0,0,0,0,0,2,1,1,
49,Peter Knight,D Grade,2017/18 2018/19 2019/20 2020/21 2021/22 2023/24 2024/25 2025/26,0,2,0,0,0,0,0,0,0,0,0,0,6,18,6,yes
49,Peter Knight,E Grade,2021/22 2025/26,0,1,0,0,0,0,0,0,0,0,0,0,1,1,1,yes
49,Peter Knight,F Grade,2015/16 2025/26,0,2,0,0,0,0,0,0,0,0,0,0,1,2,1,yes
50,Doug Mccarthy,D Grade,2008/09 2010/11 2011/12 2012/13 2013/14 2014/15,2,3,2,0,0,0,0,0,0,0,0,0,15,19,15,yes
52,Wayne Reid,A Grade,2005/06 2006/07 2007/08,80,0,0,58,0,0,911,0,0,121,0,0,48,10,10,
53,Andrew White,C Grade,2008/09 2010/11 2011/12 2012/13 2013/14,1,4,1,0,0,0,0,0,0,0,0,0,20,15,15,
53,Andrew White,D Grade,2009/10 2013/14 2014/15,1,1,1,0,0,0,0,0,0,0,0,0,11,15,11,yes
54,Lachlan Kinna,A Grade,2014/15 2015/16 2016/17 2017/18 2018/19 2019/20 2020/21 2022/23,0,1,0,0,0,0,0,0,0,0,0,0,31,21,21,
54,Lachlan Kinna,B Grade,2013/14 2015/16 2020/21 2022/23 2023/24 2025/26,0,2,0,0,0,0,0,0,0,0,0,0,16,12,12,
54,Lachlan Kinna,D Grade,2013/14 2023/24,0,1,0,0,0,0,0,0,0,0,0,0,1,1,1,yes
55,Damian Billing,B Grade,2012/13 2017/18 2018/19,15,17,15,15,15,15,311,311,311,0,0,0,10,0,0,
56,Michael Chappell,A Grade,2015/16 2016/17 2018/19 2019/20 2020/21 2021/22,0,3,0,0,0,0,0,0,0,0,0,0,25,24,24,
56,Michael Chappell,B Grade,2017/18 2019/20 2020/21,14,14,14,14,14,14,207,207,207,19,19,19,19,9,9,
57,Glen Filcock,C Grade,2004/05 2005/06 2010/11 2011/12,14,14,14,12,0,0,143,0,0,4,0,0,21,9,9,
57,Glen Filcock,D Grade,2005/06 2006/07 2007/08 2009/10 2010/11 2012/13,0,0,0,0,0,0,0,0,0,0,0,0,20,21,20,yes
57,Glen Filcock,E Grade,2013/14 2014/15,1,2,1,0,0,0,0,0,0,0,0,0,6,3,3,
58,Alec Smith,A Grade,2019/20,0,0,0,0,0,0,0,0,0,0,0,0,0,0,0,yes
58,Alec Smith,B Grade,2014/15 2020/21 2021/22 2025/26,0,2,0,0,0,0,0,0,0,0,0,0,3,8,3,yes
58,Alec Smith,C Grade,2015/16 2016/17 2022/23,0,2,0,0,0,0,0,0,0,0,0,0,11,23,11,
58,Alec Smith,D Grade,2021/22 2023/24 2024/25 2025/26,0,3,0,0,0,0,0,0,0,0,0,0,15,20,15,yes
59,Brendon King,A Grade,2005/06 2006/07 2008/09 2009/10 2011/12,4,4,4,0,0,0,52,0,0,0,0,0,93,5,5,
60,Levi Muller,A Grade,2016/17 2017/18 2018/19 2019/20 2020/21 2021/22,0,5,0,0,0,0,0,0,0,0,0,0,15,13,13,
60,Levi Muller,B Grade,2015/16 2016/17 2017/18 2022/23,3,5,3,3,3,3,44,44,44,0,0,0,4,6,4,yes
62,Stuart Ball,F Grade,2020/21 2021/22 2023/24,0,3,0,0,0,0,0,0,0,0,0,0,1,2,1,yes
63,Adam Whitehorn,C Grade,2008/09 2014/15 2016/17,0,2,0,0,0,0,0,0,0,0,0,0,3,3,3,yes
63,Adam Whitehorn,D Grade,2009/10 2010/11 2011/12 2012/13 2013/14 2015/16 2017/18 2022/23,0,5,0,0,0,0,0,0,0,0,0,0,20,23,20,yes
63,Adam Whitehorn,E Grade,2013/14 2021/22,1,2,1,1,0,0,27,0,0,0,0,0,1,0,0,
64,Matthew Gordon,A Grade,2008/09 2009/10 2010/11 2011/12 2012/13 2013/14 2014/15 2015/16 2016/17,0,10,0,0,0,0,0,0,0,0,0,0,28,25,25,
66,Alex Dillon,A Grade,2012/13 2014/15 2016/17 2018/19,0,3,0,0,0,0,0,0,0,0,0,0,10,9,9,
66,Alex Dillon,B Grade,2012/13 2013/14 2014/15 2015/16,0,4,0,0,0,0,0,0,0,0,0,0,10,1,1,
66,Alex Dillon,C Grade,2010/11 2011/12 2012/13 2013/14,1,4,1,0,0,0,0,0,0,0,0,0,12,7,7,
67,Craig Lines,F Grade,2013/14 2020/21,0,1,0,0,0,0,0,0,0,0,0,0,2,1,1,
68,Eric Cocking,D Grade,2010/11 2011/12 2014/15,0,1,0,0,0,0,0,0,0,0,0,0,7,8,7,yes
68,Eric Cocking,E Grade,2012/13 2013/14 2014/15 2015/16 2016/17 2017/18,1,4,1,0,0,0,0,0,0,0,0,0,8,13,8,
69,Hugo Young,B Grade,2017/18 2022/23 2023/24 2025/26,1,2,1,0,0,0,0,0,0,0,0,0,6,15,6,yes
69,Hugo Young,Colts,2023/24 2024/25 2025/26,0,0,0,0,0,0,0,0,0,0,0,0,4,10,4,yes
69,Hugo Young,D Grade,2020/21 2021/22 2025/26,0,1,0,0,0,0,0,0,0,0,0,0,2,12,2,yes
69,Hugo Young,E Grade,2021/22 2023/24 2024/25 2025/26,0,2,0,0,0,0,0,0,0,0,0,0,10,7,7,
70,James Skeels,A Grade,2019/20 2020/21,0,0,0,0,0,0,0,0,0,0,0,0,1,1,1,yes
70,James Skeels,B Grade,2019/20 2020/21 2021/22 2022/23 2023/24 2024/25 2025/26,0,1,0,0,0,0,0,0,0,0,0,0,13,32,13,yes
72,Simon Noble,B Grade,2011/12,12,1,1,11,0,0,127,0,0,14,0,0,6,0,0,
72,Simon Noble,C Grade,2010/11 2011/12,23,2,2,21,0,0,151,0,0,35,0,0,6,1,1,
72,Simon Noble,D Grade,2011/12,0,0,0,0,0,0,0,0,0,0,0,0,4,1,1,
73,Lewis Starbuck,A Grade,2017/18 2019/20 2020/21 2022/23,0,2,0,0,0,0,0,0,0,0,0,0,11,3,3,
73,Lewis Starbuck,B Grade,2017/18 2021/22,1,1,1,0,0,0,0,0,0,5,5,5,7,1,1,
75,Jacob Barnes,D Grade,2023/24 2024/25,1,1,1,0,0,0,0,0,0,0,0,0,2,1,1,
76,Peter Harmer,B Grade,2008/09 2010/11,1,2,1,0,0,0,0,0,0,0,0,0,1,0,0,
76,Peter Harmer,E Grade,2012/13,0,0,0,0,0,0,0,0,0,0,0,0,1,1,1,yes
77,Cary Green,A Grade,2003/04 2010/11 2011/12 2012/13,2,4,2,0,0,0,0,0,0,0,0,0,17,11,11,
77,Cary Green,B Grade,2004/05 2005/06,2,0,0,2,0,0,23,0,0,0,0,0,4,3,3,
78,Aaron Fitzpatrick,C Grade,2011/12 2012/13,0,2,0,0,0,0,0,0,0,0,0,0,20,22,20,yes
81,Timothy Miles,A Grade,2021/22 2022/23 2023/24 2024/25 2025/26,0,5,0,0,0,0,0,0,0,0,0,0,26,29,26,yes
81,Timothy Miles,PPL,2022/23 2023/24 2024/25,0,1,0,0,0,0,0,0,0,0,0,0,3,5,3,yes
83,Leigh Elder,C Grade,2006/07 2007/08 2008/09 2010/11 2011/12,1,4,1,0,0,0,0,0,0,0,0,0,18,14,14,
84,Dustin Robinson,A Grade,2017/18 2018/19 2019/20 2020/21,1,3,1,0,0,0,0,0,0,0,0,0,7,1,1,
84,Dustin Robinson,B Grade,2017/18 2018/19 2020/21 2022/23 2023/24,9,10,9,9,9,9,213,213,213,10,10,10,9,0,0,
85,Mitchell Morley,A Grade,2007/08 2008/09 2009/10 2011/12 2012/13 2022/23 2023/24,7,3,3,0,0,0,0,0,0,0,0,0,13,12,12,
85,Mitchell Morley,B Grade,2010/11 2011/12 2021/22 2022/23 2023/24,0,2,0,0,0,0,0,0,0,0,0,0,5,11,5,yes
85,Mitchell Morley,D Grade,2007/08 2011/12,0,0,0,0,0,0,0,0,0,0,0,0,6,5,5,
86,Cameron Burrage,A Grade,2011/12 2012/13 2013/14 2014/15 2016/17,0,6,0,0,0,0,0,0,0,0,0,0,28,2,2,
86,Cameron Burrage,B Grade,2011/12,1,1,1,1,0,0,3,0,0,0,0,0,2,0,0,
87,Daniel Rackham,C Grade,2004/05,15,4,4,15,0,0,78,0,0,0,0,0,4,0,0,
87,Daniel Rackham,D Grade,2005/06 2006/07 2007/08 2008/09,0,1,0,0,0,0,0,0,0,0,0,0,12,12,12,yes
87,Daniel Rackham,E Grade,2009/10 2011/12,0,0,0,0,0,0,0,0,0,0,0,0,7,5,5,
88,Zachary Dreckow,B Grade,2021/22 2022/23 2024/25,0,0,0,0,0,0,0,0,0,0,0,0,3,5,3,yes
88,Zachary Dreckow,Colts,2023/24 2024/25,0,0,0,0,0,0,0,0,0,0,0,0,3,4,3,yes
90,Jayden Matthews,B Grade,2012/13 2013/14 2014/15,0,2,0,0,0,0,0,0,0,0,0,0,6,4,4,
90,Jayden Matthews,C Grade,2011/12 2013/14 2014/15 2015/16,0,0,0,0,0,0,0,0,0,0,0,0,8,4,4,
90,Jayden Matthews,D Grade,2011/12 2012/13 2013/14 2014/15 2015/16,0,3,0,0,0,0,0,0,0,0,0,0,9,11,9,yes
90,Jayden Matthews,E Grade,2010/11 2013/14 2015/16,1,3,1,0,0,0,0,0,0,0,0,0,3,2,2,
91,Jeff Dillon,C Grade,2012/13 2014/15,0,1,0,0,0,0,0,0,0,0,0,0,7,2,2,
91,Jeff Dillon,D Grade,2011/12 2012/13 2013/14 2014/15 2015/16,1,2,1,0,0,0,0,0,0,0,0,0,11,14,11,yes
92,Matt Newton,E Grade,2012/13 2013/14 2015/16 2016/17 2017/18,1,4,1,0,0,0,0,0,0,0,0,0,9,8,8,
93,Ashley Jeffrey,A Grade,2011/12 2013/14,0,2,0,0,0,0,0,0,0,0,0,0,8,5,5,
93,Ashley Jeffrey,B Grade,2011/12 2012/13,0,1,0,0,0,0,0,0,0,0,0,0,5,3,3,
93,Ashley Jeffrey,C Grade,2010/11 2011/12 2012/13,0,0,0,0,0,0,2,0,0,0,0,0,5,5,5,
93,Ashley Jeffrey,E Grade,2009/10 2010/11,0,0,0,0,0,0,0,0,0,0,0,0,12,2,2,
94,Craig Ford,A Grade,2016/17 2017/18 2018/19 2019/20 2020/21 2023/24,0,3,0,0,0,0,0,0,0,0,0,0,5,3,3,
94,Craig Ford,B Grade,2021/22 2023/24 2024/25 2025/26,0,0,0,0,0,0,0,0,0,0,0,0,8,12,8,yes
95,David Lovell,A Grade,2003/04 2008/09 2009/10,4,1,1,5,0,0,233,0,0,2,0,0,9,2,2,
95,David Lovell,B Grade,2009/10 2010/11,1,1,1,0,0,0,0,0,0,0,0,0,2,3,2,yes
95,David Lovell,E Grade,2021/22,0,1,0,0,0,0,0,0,0,0,0,0,0,0,0,yes
98,Mitchell Green,A Grade,2005/06 2009/10 2010/11 2011/12 2012/13,0,7,0,0,0,0,0,0,0,0,0,0,29,14,14,
98,Mitchell Green,B Grade,2005/06,0,0,0,0,0,0,0,0,0,0,0,0,3,3,3,yes
100,Dean Patterson,C Grade,2004/05 2005/06,25,15,15,21,0,0,358,0,0,25,0,0,12,3,3,
101,Joshua Quaid,A Grade,2006/07 2011/12,0,0,0,0,0,0,0,0,0,0,0,0,7,5,5,
101,Joshua Quaid,B Grade,2006/07 2007/08 2009/10 2010/11 2011/12,2,2,2,1,0,0,0,0,0,0,0,0,26,13,13,
101,Joshua Quaid,C Grade,2009/10 2010/11 2013/14 2017/18,0,0,0,0,0,0,0,0,0,0,0,0,14,7,7,
101,Joshua Quaid,D Grade,2013/14 2016/17 2017/18 2022/23,0,1,0,0,0,0,0,0,0,0,0,0,5,5,5,yes
102,Tyler Naidoo,B Grade,2012/13 2013/14 2015/16,0,0,0,0,0,0,0,0,0,0,0,0,7,3,3,
102,Tyler Naidoo,C Grade,2013/14 2014/15 2015/16 2017/18,0,1,0,0,0,0,0,0,0,0,0,0,5,3,3,
103,Daniel Baker,C Grade,2013/14 2014/15,1,3,1,0,0,0,0,0,0,0,0,0,15,0,0,
104,Dave Somers,D Grade,2012/13 2014/15,0,0,0,0,0,0,0,0,0,0,0,0,1,4,1,yes
104,Dave Somers,E Grade,2012/13 2013/14 2014/15 2015/16 2016/17 2017/18,0,2,0,0,0,0,0,0,0,0,0,0,3,9,3,yes
105,Andrew Tatterson,A Grade,2012/13 2013/14 2014/15 2015/16 2016/17 2017/18,0,10,0,0,0,0,0,0,0,0,0,0,21,17,17,
107,Chris Love,E Grade,2012/13 2013/14 2015/16,0,2,0,0,0,0,0,0,0,0,0,0,4,1,1,
107,Chris Love,F Grade,2014/15 2016/17,0,1,0,0,0,0,0,0,0,0,0,0,3,2,2,
108,Andrew Pocklington,B Grade,2006/07 2007/08 2012/13,0,0,0,0,0,0,0,0,0,0,0,0,5,3,3,
108,Andrew Pocklington,C Grade,2007/08 2012/13 2013/14 2014/15 2015/16 2016/17,1,4,1,1,0,0,0,0,0,2,0,0,8,5,5,
109,Adam Gray,B Grade,2020/21 2021/22 2023/24 2024/25,0,0,0,0,0,0,0,0,0,0,0,0,5,10,5,yes
109,Adam Gray,D Grade,2019/20 2020/21 2021/22 2023/24 2024/25,0,2,0,0,0,0,0,0,0,0,0,0,6,18,6,yes
110,Mason Austin,C Grade,2015/16,0,0,0,0,0,0,0,0,0,0,0,0,1,0,0,
111,Nathan Pasco,C Grade,2017/18,0,0,0,0,0,0,0,0,0,0,0,0,2,1,1,
111,Nathan Pasco,D Grade,2013/14 2017/18 2018/19,0,1,0,0,0,0,6,0,0,0,0,0,1,7,1,
111,Nathan Pasco,F Grade,2013/14 2014/15 2015/16 2016/17,0,6,0,0,0,0,0,0,0,0,0,0,5,6,5,yes
112,Rod Tregenza,A Grade,2005/06 2006/07 2009/10,0,3,0,0,0,0,0,0,0,0,0,0,13,19,13,yes
112,Rod Tregenza,B Grade,2005/06 2007/08 2009/10,0,0,0,0,0,0,0,0,0,0,0,0,8,11,8,yes
112,Rod Tregenza,C Grade,2007/08 2008/09 2011/12,0,0,0,0,0,0,0,0,0,0,0,0,23,23,23,yes
113,Montanna Kelly-Wilson,Female A Grade,2023/24 2024/25 2025/26,0,0,0,0,0,0,0,0,0,0,0,0,1,5,1,yes
115,Michael Niven,D Grade,2021/22 2024/25 2025/26,0,2,0,0,0,0,0,0,0,0,0,0,9,15,9,yes
115,Michael Niven,E Grade,2021/22 2023/24,0,0,0,0,0,0,0,0,0,0,0,0,3,4,3,yes
116,Travis Caine,A Grade,2023/24 2024/25 2025/26,0,2,0,0,0,0,0,0,0,0,0,0,11,13,11,yes
116,Travis Caine,Colts,2023/24 2024/25 2025/26,0,0,0,0,0,0,0,0,0,0,0,0,3,3,3,yes
117,Blake Allen,A Grade,2022/23 2023/24,0,0,0,0,0,0,0,0,0,0,0,0,4,1,1,
118,Dale Gumbleton,A Grade,2014/15 2016/17,18,2,2,10,0,0,48,0,0,1,0,0,20,0,0,
121,Jett Demmery,A Grade,2024/25 2025/26,0,2,0,0,0,0,0,0,0,0,0,0,7,7,7,yes
121,Jett Demmery,Colts,2023/24 2024/25 2025/26,0,0,0,0,0,0,0,0,0,0,0,0,6,8,6,yes
122,Mark Cruickshank,E Grade,2011/12 2012/13 2013/14 2014/15,1,2,1,0,0,0,0,0,0,0,0,0,33,17,17,
123,Mitchell Felton,A Grade,2018/19 2019/20 2021/22 2022/23 2023/24 2024/25 2025/26,0,5,0,0,0,0,0,0,0,0,0,0,6,14,6,yes
123,Mitchell Felton,B Grade,2012/13 2014/15 2017/18 2021/22 2022/23 2024/25,12,14,12,8,7,7,22,21,21,13,13,13,18,7,7,
123,Mitchell Felton,C Grade,2011/12 2012/13 2013/14 2014/15 2015/16,0,4,0,0,0,0,0,0,0,0,0,0,9,9,9,yes
123,Mitchell Felton,D Grade,2011/12 2021/22,0,2,0,0,0,0,0,0,0,0,0,0,4,4,4,yes
124,Geoffrey Buchholz,D Grade,2008/09 2009/10 2010/11 2011/12 2013/14,2,3,2,0,0,0,0,0,0,0,0,0,37,0,0,
125,Brennan Gillam,A Grade,2008/09 2009/10 2011/12,0,5,0,0,0,0,0,0,0,0,0,0,33,2,2,
126,Alex Quigg,A Grade,2019/20 2020/21,0,0,0,0,0,0,0,0,0,1,0,0,3,2,2,
126,Alex Quigg,B Grade,2018/19 2019/20 2020/21,0,1,0,0,0,0,0,0,0,0,0,0,11,5,5,
126,Alex Quigg,C Grade,2017/18,0,0,0,0,0,0,0,0,0,0,0,0,0,0,0,yes
127,Mick Carlton,A Grade,2006/07 2007/08,23,0,0,26,0,0,485,0,0,0,0,0,24,16,16,
127,Mick Carlton,B Grade,2005/06 2006/07 2007/08,0,0,0,0,0,0,0,0,0,0,0,0,7,11,7,yes
128,Reid Klopper,A Grade,2016/17 2017/18 2018/19,0,1,0,0,0,0,0,0,0,0,0,0,5,7,5,
128,Reid Klopper,B Grade,2016/17 2017/18,1,2,1,1,1,1,15,15,15,0,0,0,16,2,2,
128,Reid Klopper,C Grade,2014/15 2015/16,1,1,1,0,0,0,0,0,0,0,0,0,13,10,10,
129,Andrew Cocking,B Grade,2007/08,0,1,0,1,0,0,0,0,0,0,0,0,4,3,3,
129,Andrew Cocking,C Grade,2006/07 2007/08 2013/14 2014/15,1,1,1,1,0,0,0,0,0,0,0,0,5,5,5,
129,Andrew Cocking,D Grade,2006/07 2007/08 2008/09 2013/14,0,3,0,0,0,0,0,0,0,0,0,0,15,13,13,
130,Jesse Hickman,B Grade,2013/14 2015/16 2016/17 2017/18,2,4,2,2,2,2,14,14,14,5,5,5,4,3,3,
130,Jesse Hickman,C Grade,2015/16 2016/17,1,1,1,0,0,0,0,0,0,0,0,0,8,8,8,
131,Bradley Wiseman,B Grade,2014/15,0,0,0,0,0,0,0,0,0,0,0,0,1,0,0,
132,Karan Mehta,B Grade,2005/06 2006/07,11,0,0,11,0,0,75,0,0,4,0,0,12,9,9,
132,Karan Mehta,C Grade,2004/05 2005/06 2006/07 2007/08,14,12,12,13,0,0,273,0,0,43,0,0,19,10,10,
133,Hudson Malingre,B Grade,2020/21 2024/25 2025/26,0,0,0,0,0,0,14,0,0,0,0,0,8,10,8,
133,Hudson Malingre,Colts,2024/25 2025/26,0,0,0,0,0,0,0,0,0,0,0,0,5,5,5,yes
134,Jake Bennett,D Grade,2025/26,0,0,0,0,0,0,0,0,0,0,0,0,1,1,1,yes
134,Jake Bennett,E Grade,2023/24 2024/25 2025/26,0,0,0,0,0,0,0,0,0,0,0,0,5,2,2,
134,Jake Bennett,F Grade,2024/25,0,0,0,0,0,0,0,0,0,0,0,0,1,1,1,yes
135,Craig White,A Grade,2003/04 2005/06 2006/07 2007/08 2008/09,1,1,1,0,0,0,21,0,0,23,0,0,38,25,25,
136,Keelan Beattie,A Grade,2022/23,0,1,0,0,0,0,0,0,0,0,0,0,15,0,0,
137,Shane Goldsmid,C Grade,2004/05,32,4,4,28,0,0,215,0,0,17,0,0,6,0,0,
137,Shane Goldsmid,D Grade,2005/06,0,0,0,0,0,0,0,0,0,0,0,0,2,2,2,yes
138,Caden Mccarthy,B Grade,2006/07 2007/08 2008/09 2009/10 2010/11,1,2,1,1,0,0,18,0,0,0,0,0,15,13,13,
139,Brendan Chappell,B Grade,2017/18,8,12,8,7,8,7,32,32,32,7,7,7,4,0,0,
139,Brendan Chappell,C Grade,2015/16,1,2,1,0,0,0,0,0,0,0,0,0,8,1,1,
140,Bradley Smith,B Grade,2007/08,31,1,1,30,0,0,548,0,0,0,0,0,7,0,0,
141,Ross Burrage,B Grade,2008/09 2011/12,0,1,0,0,0,0,0,0,0,0,0,0,12,1,1,
141,Ross Burrage,D Grade,2013/14,1,2,1,0,0,0,0,0,0,0,0,0,2,0,0,
142,Ric Mulcahy,E Grade,2013/14 2014/15 2015/16 2016/17,0,4,0,0,0,0,0,0,0,0,0,0,2,5,2,yes
143,Philip Head,C Grade,2015/16,0,2,0,0,0,0,0,0,0,0,0,0,1,1,1,yes
143,Philip Head,E Grade,2023/24,0,0,0,0,0,0,0,0,0,0,0,0,5,5,5,yes
143,Philip Head,F Grade,2023/24 2024/25 2025/26,0,0,0,0,0,0,0,0,0,0,0,0,18,18,18,yes
144,Rylan Arms,B Grade,2022/23 2023/24 2024/25 2025/26,0,0,0,0,0,0,0,0,0,0,0,0,11,24,11,yes
146,Joseph Slade,A Grade,2020/21 2022/23,0,4,0,0,0,0,0,0,0,1,0,0,3,3,3,
146,Joseph Slade,E Grade,2021/22 2024/25,0,1,0,0,0,0,0,0,0,0,0,0,1,1,1,yes
147,Peter Walsh,Colts,2023/24 2025/26,0,1,0,0,1,0,8,0,0,0,0,0,2,4,2,
147,Peter Walsh,D Grade,2024/25 2025/26,0,0,0,0,0,0,0,0,0,0,0,0,8,8,8,yes
147,Peter Walsh,E Grade,2025/26,0,1,0,0,0,0,0,0,0,0,0,0,1,1,1,yes
147,Peter Walsh,F Grade,2024/25,0,0,0,0,0,0,0,0,0,0,0,0,2,2,2,yes
148,Rodney Watt,E Grade,2013/14 2014/15 2015/16 2017/18,1,3,1,0,0,0,0,0,0,0,0,0,1,5,1,yes
149,Grant Pattison,D Grade,2023/24 2024/25 2025/26,2,3,2,0,0,0,0,0,0,0,0,0,5,6,5,yes
149,Grant Pattison,E Grade,2024/25,0,0,0,0,0,0,0,0,0,0,0,0,1,2,1,yes
150,Michael Holmes,A Grade,2003/04 2004/05 2005/06,4,0,0,4,0,0,33,0,0,2,0,0,29,16,16,
151,Joe Lovell,E Grade,2021/22,0,1,0,0,0,0,0,0,0,0,0,0,0,10,0,yes
152,Andrew Pasco,A Grade,2018/19,0,0,0,0,0,0,0,0,0,0,0,0,3,3,3,
152,Andrew Pasco,B Grade,2017/18 2018/19 2019/20,2,2,2,1,1,1,0,0,0,4,4,4,2,2,2,yes
152,Andrew Pasco,C Grade,2017/18,0,0,0,0,0,0,0,0,0,0,0,0,6,5,5,
153,James Finlay,B Grade,2020/21,0,0,0,0,0,0,0,0,0,0,0,0,2,1,1,
155,Joshua Fourez,A Grade,2019/20 2020/21,0,2,0,0,0,0,0,0,0,0,0,0,3,3,3,yes
155,Joshua Fourez,B Grade,2018/19 2020/21 2021/22 2024/25,0,1,0,0,0,0,0,0,0,0,0,0,18,24,18,yes
156,Josh Finlay,D Grade,2007/08 2008/09 2009/10,0,0,0,0,0,0,0,0,0,0,0,0,13,13,13,yes
156,Josh Finlay,E Grade,2010/11,0,0,0,0,0,0,0,0,0,0,0,0,9,3,3,
159,Jake Pattison,A Grade,2021/22,0,1,0,0,0,0,0,0,0,0,0,0,5,5,5,yes
159,Jake Pattison,Colts,2023/24 2024/25 2025/26,0,0,0,0,1,0,0,0,0,0,0,0,7,8,7,yes
159,Jake Pattison,PPL,2023/24 2025/26,0,0,0,0,0,0,0,0,0,0,0,0,4,4,4,yes
160,Christopher Thomas,A Grade,2016/17,0,0,0,0,0,0,0,0,0,0,0,0,1,2,1,yes
160,Christopher Thomas,C Grade,2015/16,0,1,0,0,0,0,0,0,0,0,0,0,3,1,1,
160,Christopher Thomas,D Grade,2013/14 2016/17,0,0,0,0,0,0,0,0,0,0,0,0,4,4,4,yes
160,Christopher Thomas,F Grade,2013/14,0,1,0,0,0,0,0,0,0,0,0,0,5,1,1,
162,Declan Chappell,B Grade,2015/16 2016/17 2017/18 2021/22,19,21,19,18,18,18,313,313,313,0,0,0,21,10,10,
163,Ben Dreckow,F Grade,2021/22 2022/23 2023/24 2024/25,0,2,0,0,0,0,0,0,0,0,0,0,2,5,2,yes
164,Andre Geeraets,F Grade,2020/21 2023/24,0,2,0,0,0,0,5,0,0,0,0,0,3,3,3,
165,Prabhjot Singh Makkar,C Grade,2015/16 2016/17,0,2,0,0,0,0,0,0,0,0,0,0,7,6,6,
165,Prabhjot Singh Makkar,F Grade,2013/14,1,0,0,0,0,0,0,0,0,0,0,0,2,1,1,
167,Russell Moffat,B Grade,2023/24 2025/26,0,0,0,0,0,0,0,0,0,0,0,0,3,3,3,yes
167,Russell Moffat,D Grade,2023/24 2024/25 2025/26,2,3,2,0,0,0,0,0,0,0,0,0,12,12,12,yes
168,Jobin Muthukattil Kuriakose,F Grade,2022/23 2023/24 2025/26,1,2,1,0,0,0,26,0,0,0,0,0,3,4,3,
172,Mathew Skender,A Grade,2008/09,0,0,0,0,0,0,0,0,0,0,0,0,1,1,1,yes
172,Mathew Skender,B Grade,2008/09 2009/10 2012/13,1,2,1,0,0,0,0,0,0,0,0,0,17,5,5,
172,Mathew Skender,C Grade,2008/09 2012/13,0,0,0,0,0,0,0,0,0,0,0,0,2,4,2,yes
174,Christopher Mccarthy,D Grade,2010/11 2011/12,1,1,1,0,0,0,0,0,0,0,0,0,0,6,0,yes
174,Christopher Mccarthy,E Grade,2009/10 2011/12,0,0,0,0,0,0,0,0,0,0,0,0,14,8,8,
175,Shreyas Dighe,D Grade,2024/25 2025/26,0,0,0,0,0,0,0,0,0,0,0,0,2,2,2,yes
175,Shreyas Dighe,E Grade,2024/25 2025/26,0,1,0,0,0,0,0,0,0,0,0,0,3,3,3,yes
175,Shreyas Dighe,F Grade,2023/24 2024/25,0,0,0,0,0,0,0,0,0,0,0,0,2,2,2,yes
177,Aden Chinnery,F Grade,2023/24,1,1,1,0,0,0,0,0,0,0,0,0,4,5,4,yes
178,Norman Mcgough,E Grade,2012/13 2013/14,0,1,0,0,0,0,0,0,0,0,0,0,9,2,2,
179,Pablo Roig,C Grade,2004/05,15,5,5,11,0,0,28,0,0,1,0,0,1,0,0,
179,Pablo Roig,D Grade,2005/06,0,0,0,0,0,0,0,0,0,0,0,0,12,12,12,yes
179,Pablo Roig,E Grade,2009/10,0,0,0,0,0,0,0,0,0,0,0,0,1,1,1,
180,Blair Cartwright,A Grade,2012/13 2013/14 2014/15,1,4,1,0,0,0,0,0,0,0,0,0,11,0,0,
182,Anurag Natu,E Grade,2022/23 2024/25,0,0,0,0,0,0,0,0,0,0,0,0,2,3,2,
182,Anurag Natu,F Grade,2023/24,1,1,1,0,0,0,0,0,0,0,0,0,5,4,4,
184,Ashley Dhu,C Grade,2004/05 2005/06,22,10,10,22,0,0,222,0,0,0,0,0,38,20,20,
184,Ashley Dhu,D Grade,2005/06 2006/07,0,1,0,0,0,0,0,0,0,0,0,0,5,6,5,
185,Daniel Fogarty,E Grade,2024/25,0,0,0,0,0,0,0,0,0,0,0,0,1,1,1,yes
185,Daniel Fogarty,F Grade,2023/24 2024/25 2025/26,0,0,0,0,0,0,6,0,0,0,0,0,5,6,5,
187,William Lambert,F Grade,2020/21 2021/22,0,1,0,0,0,0,0,0,0,0,0,0,1,1,1,yes
188,Joel Evans,A Grade,2015/16 2016/17,0,0,0,0,0,0,0,0,0,0,0,0,7,3,3,
188,Joel Evans,B Grade,2015/16 2017/18,1,1,1,1,1,1,0,0,0,0,0,0,1,1,1,yes
188,Joel Evans,C Grade,2015/16 2017/18,0,0,0,0,0,0,0,0,0,0,0,0,4,4,4,yes
189,Tim Shand,A Grade,2007/08 2008/09 2009/10 2010/11,0,2,0,0,0,0,0,0,0,0,0,0,14,10,10,
189,Tim Shand,B Grade,2007/08 2009/10 2010/11,0,0,0,0,0,0,0,0,0,0,0,0,6,5,5,
190,Thomas Smith,B Grade,2024/25,0,0,0,0,0,0,1,0,0,0,0,0,2,2,2,
190,Thomas Smith,D Grade,2022/23 2023/24 2024/25,1,2,1,0,0,0,0,0,0,0,0,0,10,10,10,yes
190,Thomas Smith,E Grade,2023/24,1,1,1,0,0,0,0,0,0,0,0,0,2,2,2,yes
191,James Matau,A Grade,2010/11,0,0,0,0,0,0,0,0,0,0,0,0,3,1,1,
191,James Matau,B Grade,2009/10 2012/13,0,0,0,0,0,0,0,0,0,0,0,0,9,5,5,
191,James Matau,C Grade,2010/11 2012/13,0,0,0,0,0,0,0,0,0,0,0,0,4,2,2,
191,James Matau,D Grade,2007/08,0,0,0,0,0,0,0,0,0,0,0,0,1,1,1,yes
192,Freddie Higton,A Grade,2024/25 2025/26,0,2,0,0,0,0,0,0,0,0,0,0,3,7,3,yes
192,Freddie Higton,B Grade,2024/25 2025/26,0,0,0,0,0,0,0,0,0,0,0,0,2,2,2,yes
192,Freddie Higton,Colts,2024/25 2025/26,0,0,0,0,0,0,0,0,0,0,0,0,1,2,1,yes
193,Samuel Smith,D Grade,2022/23 2023/24 2024/25,1,2,1,0,0,0,1,0,0,0,0,0,7,8,7,
193,Samuel Smith,E Grade,2022/23 2023/24,0,0,0,0,0,0,0,0,0,0,0,0,1,4,1,yes
195,Ian White,C Grade,2005/06 2006/07 2008/09 2009/10,0,1,0,0,0,0,0,0,0,0,0,0,15,11,11,
196,Archie Nicholson,D Grade,2025/26,0,0,0,0,0,0,0,0,0,0,0,0,4,4,4,yes
196,Archie Nicholson,E Grade,2025/26,0,1,0,0,0,0,0,0,0,0,0,0,3,5,3,yes
196,Archie Nicholson,F Grade,2024/25,0,0,0,0,0,0,0,0,0,0,0,0,6,9,6,yes
197,Aaron Cross,C Grade,2015/16 2016/17,1,3,1,0,0,0,0,0,0,0,0,0,10,9,9,
199,Grant Dhu,C Grade,2004/05,17,3,3,17,0,0,308,0,0,26,0,0,4,0,0,
200,Greg Chalker,A Grade,2007/08,14,0,0,13,0,0,213,0,0,0,0,0,3,3,3,
200,Greg Chalker,C Grade,2006/07,0,0,0,0,0,0,0,0,0,0,0,0,12,12,12,yes
202,Zac Perry,C Grade,2015/16,0,0,0,0,0,0,0,0,0,0,0,0,1,1,1,yes
203,Bradley Lee,E Grade,2021/22 2022/23 2025/26,0,1,0,1,0,0,0,0,0,0,0,0,6,4,4,
204,Eligh Frunks,D Grade,2025/26,0,0,0,0,0,0,2,0,0,0,0,0,2,2,2,
204,Eligh Frunks,E Grade,2024/25 2025/26,0,1,0,0,0,0,0,0,0,0,0,0,1,1,1,yes
204,Eligh Frunks,F Grade,2023/24 2025/26,0,0,0,0,0,0,6,0,0,0,0,0,3,3,3,
205,Daniel Litchfield,Colts,2024/25,0,0,0,0,0,0,0,0,0,0,0,0,3,3,3,yes
205,Daniel Litchfield,E Grade,2024/25,0,0,0,0,0,0,0,0,0,0,0,0,2,2,2,yes
206,Luke Ash,E Grade,2025/26,0,0,0,0,0,0,0,0,0,0,0,0,3,3,3,yes
206,Luke Ash,F Grade,2023/24 2024/25 2025/26,0,0,0,0,0,0,0,0,0,0,0,0,27,27,27,yes
207,Harsha Vithanage,E Grade,2021/22 2022/23 2023/24,0,1,0,0,0,0,0,0,0,0,0,0,1,5,1,yes
208,Nigel Brittain,D Grade,2006/07 2007/08,0,1,0,0,0,0,0,0,0,0,0,0,14,6,6,
209,Damien Burrage,D Grade,2013/14,1,2,1,0,0,0,0,0,0,0,0,0,4,0,0,
209,Damien Burrage,PPL,2021/22 2022/23 2025/26,0,0,0,0,0,0,0,0,0,0,0,0,3,1,1,
210,Adam Dallmann,D Grade,2006/07 2008/09 2013/14,0,2,0,0,0,0,0,0,0,0,0,0,8,8,8,
211,Garth Capper,D Grade,2008/09 2009/10 2011/12,0,0,0,0,0,0,0,0,0,0,0,0,5,5,5,yes
211,Garth Capper,E Grade,2009/10,0,0,0,0,0,0,0,0,0,0,0,0,3,1,1,
213,Iszac Willey,A Grade,2021/22,0,0,0,0,0,0,0,0,0,0,0,0,3,3,3,yes
214,Jessica Bradley,Female A Grade,2023/24 2024/25 2025/26,0,1,0,0,0,0,0,0,0,0,0,0,4,1,1,
216,Jimmy Lee,D Grade,2009/10,0,0,0,0,0,0,0,0,0,0,0,0,4,5,4,yes
216,Jimmy Lee,E Grade,2009/10 2010/11,0,0,0,0,0,0,0,0,0,0,0,0,11,5,5,
219,Joshua Jones,E Grade,2022/23 2023/24,0,0,0,0,0,0,0,0,0,0,0,0,4,8,4,yes
220,George Young,E Grade,2024/25 2025/26,0,1,0,0,0,0,0,0,0,0,0,0,5,8,5,yes
220,George Young,F Grade,2024/25 2025/26,0,0,0,0,0,0,6,0,0,0,0,0,3,3,3,
221,Shaun Wilson,E Grade,2012/13 2013/14 2015/16,0,2,0,0,0,0,0,0,0,0,0,0,12,5,5,
222,Dave Nicholson,F Grade,2024/25 2025/26,0,0,0,0,0,0,2,0,0,0,0,0,5,5,5,
223,Jake Watson,C Grade,2017/18,0,0,0,0,0,0,0,0,0,0,0,0,2,2,2,yes
224,Mitchell Caine,A Grade,2025/26,0,1,0,0,0,0,0,0,0,0,0,0,4,4,4,yes
224,Mitchell Caine,B Grade,2025/26,0,0,0,0,0,0,0,0,0,0,0,0,2,2,2,yes
224,Mitchell Caine,Colts,2024/25 2025/26,0,0,0,0,0,0,0,0,0,0,0,0,3,3,3,yes
224,Mitchell Caine,PPL,2025/26,0,0,0,0,0,0,0,0,0,0,0,0,1,1,1,yes
225,Michael Mackenzie,E Grade,2013/14 2015/16 2016/17,0,1,0,0,0,0,0,0,0,0,0,0,1,2,1,yes
226,Campbell Lockyer,D Grade,2025/26,0,1,0,0,0,0,0,0,0,0,0,0,2,2,2,yes
226,Campbell Lockyer,F Grade,2024/25,0,0,0,0,0,0,0,0,0,0,0,0,1,1,1,yes
227,Wayne Beaton,D Grade,2005/06 2007/08,0,0,0,0,0,0,0,0,0,0,0,0,9,3,3,
230,Hayden Brokate,C Grade,2014/15 2016/17,0,0,0,0,0,0,0,0,0,0,0,0,1,1,1,yes
233,Jeffrey Petrie,B Grade,2024/25 2025/26,0,0,0,0,0,0,0,0,0,0,0,0,9,12,9,yes
234,Tiana Arrowsmith,Female A Grade,2023/24 2024/25 2025/26,1,1,1,0,0,0,0,0,0,0,0,0,0,2,0,yes
235,Mason Head,E Grade,2024/25 2025/26,0,0,0,0,0,0,3,0,0,0,0,0,1,3,1,
235,Mason Head,F Grade,2024/25 2025/26,0,0,0,0,0,0,0,0,0,0,0,0,26,27,26,yes
236,Jack Johnson,F Grade,2021/22 2023/24,0,1,0,0,0,0,0,0,0,0,0,0,2,6,2,yes
237,Eve Powell,Colts,2024/25,0,0,0,0,0,0,10,0,0,0,0,0,1,1,1,
238,Sachin Johnson,D Grade,2025/26,0,1,0,0,0,0,3,0,0,0,0,0,5,5,5,
238,Sachin Johnson,E Grade,2025/26,0,0,0,1,0,0,73,0,0,0,0,0,1,1,1,
238,Sachin Johnson,F Grade,2022/23 2023/24 2024/25,1,2,1,0,0,0,0,0,0,0,0,0,1,1,1,yes
239,Noah Frunks,Colts,2023/24,0,0,0,0,1,0,0,0,0,0,0,0,1,5,1,yes
239,Noah Frunks,D Grade,2022/23 2023/24,0,1,0,0,0,0,0,0,0,0,0,0,3,3,3,yes
240,Ethan Kavanagh,F Grade,2024/25 2025/26,0,0,0,0,0,0,0,0,0,0,0,0,5,7,5,yes
241,Stephen Inward,A Grade,2012/13 2013/14,0,5,0,0,0,0,0,0,0,0,0,0,18,7,7,
242,Daniel Krepervin,F Grade,2021/22 2023/24,0,0,0,0,0,0,0,0,0,0,0,0,1,2,1,
244,Dean Friskin,B Grade,2005/06 2006/07,0,0,0,0,0,0,0,0,0,0,0,0,5,11,5,yes
245,Lochlan Hill,D Grade,2021/22 2024/25,0,0,0,0,0,0,0,0,0,0,0,0,1,2,1,yes
245,Lochlan Hill,E Grade,2024/25,0,0,0,0,0,0,6,0,0,0,0,0,2,2,2,
247,Joe Phillips,A Grade,2023/24,0,0,0,0,0,0,0,0,0,0,0,0,3,4,3,yes
247,Joe Phillips,Colts,2023/24,0,0,0,0,0,0,0,0,0,0,0,0,3,4,3,yes
248,Samuel Evans,B Grade,2016/17 2017/18,2,5,2,2,4,2,49,75,49,0,0,0,3,1,1,
248,Samuel Evans,C Grade,2017/18,0,0,0,0,0,0,0,0,0,0,0,0,2,2,2,yes
250,Scott Dunning,F Grade,2014/15,1,2,1,0,0,0,0,0,0,0,0,0,0,0,0,yes
251,Aaron Watkins,C Grade,2010/11,1,1,1,0,0,0,0,0,0,0,0,0,0,0,0,yes
251,Aaron Watkins,D Grade,2010/11 2011/12,0,1,0,0,0,0,0,0,0,0,0,0,20,17,17,
252,Scott Atkin,E Grade,2009/10 2010/11,0,0,0,0,0,0,0,0,0,0,0,0,18,11,11,
253,Brent Seddon,C Grade,2007/08,1,1,1,1,0,0,5,0,0,1,0,0,3,1,1,
257,Bryce Jeffrey,A Grade,2005/06 2012/13 2013/14,0,4,0,0,0,0,0,0,0,0,0,0,12,1,1,
257,Bryce Jeffrey,B Grade,2006/07,0,0,0,0,0,0,0,0,0,0,0,0,1,1,1,yes
258,Christopher Walsh,F Grade,2023/24 2025/26,0,0,0,0,0,0,0,0,0,0,0,0,4,6,4,yes
264,Luca Doyle,A Grade,2025/26,0,0,0,0,0,0,0,0,0,0,0,0,2,2,2,yes
267,Oscar Smith,A Grade,2025/26,0,0,0,0,0,0,0,0,0,0,0,0,1,1,1,yes
267,Oscar Smith,B Grade,2025/26,0,0,0,0,0,0,0,0,0,0,0,0,5,5,5,yes
267,Oscar Smith,Colts,2025/26,0,0,0,0,0,0,0,0,0,0,0,0,4,6,4,yes
268,Nathan Howell,A Grade,2018/19 2019/20 2020/21,0,2,0,0,0,0,0,0,0,0,0,0,1,1,1,yes
268,Nathan Howell,C Grade,2016/17,0,1,0,0,0,0,0,0,0,0,0,0,3,3,3,yes
271,Aaron Burrage,PPL,2020/21 2022/23 2024/25,0,1,0,0,0,0,0,0,0,0,0,0,3,1,1,
272,Angus Beattie,A Grade,2023/24,0,0,0,0,0,0,0,0,0,0,0,0,6,4,4,
274,Ethan White,B Grade,2017/18,1,1,1,1,1,1,5,5,5,0,0,0,0,0,0,yes
275,Amninder Singh,F Grade,2022/23 2023/24,0,1,0,0,0,0,0,0,0,0,0,0,1,2,1,
276,James Rudge,A Grade,2022/23,0,0,0,0,0,0,0,0,0,0,0,0,7,17,7,yes
278,Jason R Davey,B Grade,2025/26,0,0,0,0,0,0,1,0,0,0,0,0,9,9,9,
278,Jason R Davey,Colts,2025/26,0,1,0,0,0,0,0,0,0,0,0,0,2,5,2,yes
279,Jaxon Wyllie,B Grade,2020/21 2021/22,0,1,0,0,0,0,0,0,0,0,0,0,0,6,0,yes
281,Dan Kenny,B Grade,2011/12,0,0,0,0,0,0,0,0,0,0,0,0,4,3,3,
281,Dan Kenny,C Grade,2012/13,0,0,0,0,0,0,0,0,0,0,0,0,1,1,1,yes
284,Daniel Mcinnes,C Grade,2012/13 2013/14,0,0,0,0,0,0,0,0,0,0,0,0,7,5,5,
284,Daniel Mcinnes,F Grade,2013/14,0,0,0,0,0,0,0,0,0,0,0,0,7,6,6,
287,Aniket Nambiar,D Grade,2023/24,1,1,1,0,0,0,0,0,0,0,0,0,1,0,0,
288,Oliver Davidson,A Grade,2024/25,0,0,0,0,0,0,0,0,0,0,0,0,6,7,6,yes
288,Oliver Davidson,Colts,2024/25,0,0,0,0,0,0,0,0,0,0,0,0,3,4,3,yes
290,Nicholas Cornish,E Grade,2023/24,0,0,0,0,0,0,0,0,0,0,0,0,8,8,8,yes
291,Owen Phelps,Colts,2023/24,0,0,0,0,1,0,0,0,0,0,0,0,1,1,1,yes
291,Owen Phelps,D Grade,2023/24,0,0,0,0,0,0,0,0,0,0,0,0,1,1,1,yes
294,Reilly Owen-Skender,D Grade,2013/14,0,0,0,0,0,0,0,0,0,0,0,0,1,1,1,yes
294,Reilly Owen-Skender,E Grade,2012/13,0,0,0,0,0,0,0,0,0,0,0,0,6,2,2,
296,Kayden May,D Grade,2025/26,0,0,0,0,0,0,0,0,0,0,0,0,1,1,1,yes
296,Kayden May,E Grade,2025/26,0,0,0,0,0,0,0,0,0,0,0,0,5,5,5,yes
296,Kayden May,F Grade,2025/26,0,0,0,0,0,0,0,0,0,0,0,0,6,6,6,yes
297,Dom Asson,B Grade,2023/24,0,0,0,0,0,0,0,0,0,0,0,0,3,3,3,yes
297,Dom Asson,D Grade,2023/24,1,1,1,0,0,0,0,0,0,0,0,0,1,2,1,yes
297,Dom Asson,E Grade,2023/24,0,0,0,0,0,0,14,0,0,0,0,0,2,5,2,
302,Sean Nye,B Grade,2004/05,8,0,0,8,0,0,117,0,0,0,0,0,7,1,1,
303,Jay Deeming,D Grade,2005/06 2006/07,0,0,0,0,0,0,0,0,0,0,0,0,8,11,8,yes
306,Trae Rehutai,E Grade,2021/22 2022/23 2023/24,0,0,0,0,0,0,0,0,0,0,0,0,5,6,5,yes
306,Trae Rehutai,F Grade,2022/23 2023/24,0,0,0,0,0,0,2,0,0,0,0,0,2,3,2,
307,Shannon Wright,B Grade,2019/20,0,0,0,0,0,0,0,0,0,0,0,0,1,1,1,yes
307,Shannon Wright,C Grade,2013/14,1,2,1,0,0,0,0,0,0,0,0,0,5,0,0,
311,Matison Dalwood,D Grade,2006/07 2007/08 2008/09,0,0,0,0,0,0,0,0,0,0,0,0,4,5,4,yes
313,Timothy Allen,D Grade,2009/10 2010/11 2012/13,1,1,1,0,0,0,0,0,0,0,0,0,9,8,8,
314,Jared King,B Grade,2007/08 2008/09,0,0,0,0,0,0,0,0,0,0,0,0,5,4,4,
314,Jared King,D Grade,2008/09,0,0,0,0,0,0,0,0,0,0,0,0,3,3,3,yes
315,Al Kristensen,A Grade,2010/11,0,0,0,0,0,0,0,0,0,0,0,0,6,4,4,
316,Lucius Hysen,B Grade,2025/26,0,1,0,0,0,0,0,0,0,0,0,0,2,2,2,yes
316,Lucius Hysen,Colts,2025/26,0,0,0,0,0,0,0,0,0,0,0,0,1,1,1,yes
316,Lucius Hysen,D Grade,2024/25,0,0,0,0,0,0,0,0,0,0,0,0,1,1,1,yes
316,Lucius Hysen,E Grade,2024/25,0,0,0,0,0,0,0,0,0,0,0,0,3,3,3,yes
318,Peter Brear,B Grade,2007/08 2008/09,1,2,1,1,0,0,18,0,0,0,0,0,3,0,0,
319,Will Eason,A Grade,2017/18,0,0,0,0,0,0,0,0,0,0,0,0,1,5,1,yes
319,Will Eason,B Grade,2017/18,1,1,1,1,1,1,6,6,6,0,0,0,1,1,1,yes
321,Tim Rogers,C Grade,2014/15,0,0,0,0,0,0,0,0,0,0,0,0,4,3,3,
322,Angus Moseley,Colts,2023/24 2024/25,0,0,0,0,1,0,0,0,0,0,0,0,8,12,8,yes
323,Matthew Hardie,B Grade,2018/19,0,0,0,0,0,0,0,0,0,0,0,0,2,1,1,
327,Liam Geary,C Grade,2012/13,0,0,0,0,0,0,0,0,0,0,0,0,3,3,3,yes
327,Liam Geary,D Grade,2012/13,0,0,0,0,0,0,0,0,0,0,0,0,6,6,6,yes
327,Liam Geary,E Grade,2012/13,0,0,0,0,0,0,0,0,0,0,0,0,10,2,2,
328,Cadin Sturgess,C Grade,2017/18,0,0,0,0,0,0,0,0,0,0,0,0,4,3,3,
329,Sophie Terrell,Female A Grade,2024/25 2025/26,0,1,0,0,0,0,0,0,0,0,0,0,2,8,2,yes
330,Brennan Carlisle,D Grade,2010/11,1,1,1,0,0,0,0,0,0,0,0,0,7,0,0,
340,Jason Clarke,A Grade,2005/06 2007/08,0,0,0,0,0,0,0,0,0,0,0,0,2,2,2,yes
343,Chris Mills,A Grade,2019/20 2020/21 2021/22,0,4,0,0,0,0,0,0,0,0,0,0,2,2,2,yes
347,Bradley Rayment,F Grade,2022/23 2023/24,1,1,1,0,0,0,0,0,0,0,0,0,2,1,1,
349,Nithin Sreehari,E Grade,2025/26,0,0,0,0,0,0,0,0,0,0,0,0,8,8,8,yes
352,Aaron Thomas,A Grade,2004/05,2,0,0,0,0,0,17,0,0,2,0,0,4,2,2,
355,Christopher Derman,D Grade,2012/13,0,0,0,0,0,0,0,0,0,0,0,0,5,4,4,
358,Kobe Lee,E Grade,2025/26,0,0,0,0,0,0,0,0,0,0,0,0,3,3,3,yes
358,Kobe Lee,F Grade,2024/25 2025/26,0,0,0,0,0,0,0,0,0,0,0,0,2,2,2,yes
359,Adrian Graham,A Grade,2010/11,0,0,0,0,0,0,0,0,0,0,0,0,5,3,3,
361,Jaiden Davern,F Grade,2022/23 2023/24,1,1,1,0,0,0,0,0,0,0,0,0,4,7,4,yes
363,Sophie Phelps,Female A Grade,2024/25 2025/26,1,2,1,0,0,0,0,0,0,0,0,0,0,1,0,yes
367,Rick Tyson,A Grade,2004/05,2,0,0,1,0,0,38,0,0,3,0,0,12,1,1,
372,Wayne Gibbs,C Grade,2004/05,10,1,1,9,0,0,118,0,0,1,0,0,3,0,0,
373,Daniel Higham,A Grade,2015/16,0,0,0,0,0,0,0,0,0,0,0,0,2,2,2,yes
374,David Coomber,D Grade,2006/07,0,0,0,0,0,0,0,0,0,0,0,0,5,2,2,
378,Nathan Hogg,A Grade,2005/06,0,0,0,0,0,0,0,0,0,0,0,0,4,4,4,yes
379,Sam Pendlebury,B Grade,2017/18,2,2,2,2,2,2,25,25,25,1,1,1,2,0,0,
380,Austin Miley,F Grade,2024/25 2025/26,0,0,0,0,0,0,0,0,0,0,0,0,7,7,7,yes
385,Daniel Pryce,E Grade,2009/10,0,0,0,0,0,0,0,0,0,0,0,0,2,2,2,yes
387,Ric Holden,D Grade,2005/06,0,0,0,0,0,0,0,0,0,0,0,0,4,4,4,yes
394,Ankit Kumar,E Grade,2024/25,0,0,0,0,0,0,0,0,0,0,0,0,3,4,3,yes
394,Ankit Kumar,F Grade,2024/25,0,0,0,0,0,0,0,0,0,0,0,0,2,2,2,yes
396,Marcus Tomlinson,Colts,2023/24,0,0,0,0,0,0,1,0,0,0,0,0,1,1,1,
396,Marcus Tomlinson,F Grade,2023/24,0,0,0,0,0,0,0,0,0,0,0,0,1,1,1,yes
399,Antony Maichil,E Grade,2023/24,0,0,0,0,0,0,5,0,0,0,0,0,1,1,1,
399,Antony Maichil,F Grade,2023/24,1,1,1,0,0,0,0,0,0,0,0,0,0,0,0,yes
404,Des Devaurino,C Grade,2004/05,12,11,11,9,0,0,94,0,0,9,0,0,3,0,0,
406,Jaspreet Pannu,F Grade,2013/14,0,0,0,0,0,0,0,0,0,0,0,0,3,1,1,
407,Claire Litchfield,Female A Grade,2024/25 2025/26,0,1,0,0,0,0,0,0,0,0,0,0,1,5,1,yes
408,David Arrowsmith,D Grade,2024/25,1,1,1,0,0,0,0,0,0,0,0,0,3,3,3,yes
408,David Arrowsmith,F Grade,2025/26,0,0,0,0,0,0,5,0,0,0,0,0,5,5,5,
410,Wayne Vincent,E Grade,2010/11,0,0,0,0,0,0,0,0,0,0,0,0,1,1,1,yes
411,Kyren Tierney,B Grade,2006/07 2007/08,1,1,1,1,0,0,0,0,0,0,0,0,6,7,6,
412,Gurnoor Singh,D Grade,2023/24,2,2,2,0,0,0,0,0,0,0,0,0,4,4,4,yes
418,Ben Bell,C Grade,2004/05,9,9,9,9,0,0,106,0,0,18,0,0,1,0,0,
420,Phil Miolin,D Grade,2023/24,1,1,1,0,0,0,0,0,0,0,0,0,1,1,1,yes
420,Phil Miolin,E Grade,2023/24,0,0,0,0,0,0,0,0,0,0,0,0,2,4,2,yes
420,Phil Miolin,F Grade,2023/24,1,1,1,0,0,0,0,0,0,0,0,0,0,0,0,yes
426,Rory Collins,D Grade,2025/26,0,0,0,0,0,0,0,0,0,0,0,0,9,9,9,yes
427,James Capener,A Grade,2015/16,0,0,0,0,0,0,0,0,0,0,0,0,3,3,3,yes
428,Harbhinder Singh,C Grade,2017/18,0,0,0,0,0,0,0,0,0,0,0,0,1,1,1,yes
430,Jacob Hodson,A Grade,2014/15,0,1,0,0,0,0,0,0,0,0,0,0,5,5,5,yes
432,Chris Ridge,D Grade,2005/06,0,0,0,0,0,0,0,0,0,0,0,0,6,6,6,yes
436,Matthew Loon,B Grade,2024/25,0,0,0,0,0,0,0,0,0,0,0,0,1,1,1,yes
436,Matthew Loon,Colts,2024/25,0,0,0,0,0,0,0,0,0,0,0,0,2,2,2,yes
444,Darcy Earl,F Grade,2025/26,0,0,0,0,0,0,0,0,0,0,0,0,1,1,1,yes
450,Noah Dreckow,F Grade,2025/26,0,0,0,0,0,0,0,0,0,0,0,0,1,1,1,yes
456,Michael Dwyer,E Grade,2009/10,0,0,0,0,0,0,0,0,0,0,0,0,3,3,3,yes
458,Andrew Moulds,E Grade,2012/13,0,0,0,0,0,0,0,0,0,0,0,0,6,4,4,
460,Matthew Reilly,C Grade,2013/14,1,2,1,0,0,0,0,0,0,0,0,0,7,1,1,
463,Scott White,D Grade,2005/06,0,0,0,0,0,0,0,0,0,0,0,0,3,3,3,yes
464,Will Elvidge,A Grade,2022/23,0,1,0,0,0,0,0,0,0,0,0,0,11,7,7,
466,Shaun Atkins,B Grade,2010/11,1,1,1,0,0,0,0,0,0,0,0,0,1,0,0,
467,Lee Chapman,C Grade,2014/15,0,0,0,0,0,0,0,0,0,0,0,0,1,1,1,
470,Taj Depedro,D Grade,2025/26,0,0,0,0,0,0,0,0,0,0,0,0,3,3,3,yes
471,Jackson Knight,C Grade,2016/17,0,0,0,0,0,0,0,0,0,0,0,0,1,1,1,yes
473,Sam Hardman,A Grade,2017/18,0,0,0,0,0,0,90,0,0,0,0,0,2,1,1,
473,Sam Hardman,B Grade,2017/18,6,6,6,6,6,6,85,85,85,0,0,0,2,1,1,
478,Sean Kearns,C Grade,2010/11,1,1,1,0,0,0,0,0,0,0,0,0,1,1,1,yes
479,Ellis Miah,A Grade,2013/14,0,1,0,0,0,0,0,0,0,0,0,0,3,3,3,yes
482,Timothy Lees,A Grade,2012/13,0,2,0,0,0,0,0,0,0,0,0,0,2,2,2,yes
482,Timothy Lees,B Grade,2012/13,0,0,0,0,0,0,0,0,0,0,0,0,1,1,1,yes
483,Jason Law,C Grade,2015/16,0,0,0,0,0,0,0,0,0,0,0,0,1,1,1,yes
488,Morgan Walden,E Grade,2011/12,0,0,0,0,0,0,0,0,0,0,0,0,3,1,1,
494,Andrew Nash,B Grade,2017/18,1,1,1,1,1,1,0,0,0,0,0,0,0,0,0,yes
499,Sam Lovell,Colts,2024/25,0,1,0,0,0,0,3,0,0,0,0,0,2,2,2,
500,Brodie Rayment,F Grade,2023/24,1,1,1,0,0,0,9,0,0,0,0,0,3,0,0,
505,Paul Nicholls,D Grade,2007/08,0,0,0,0,0,0,0,0,0,0,0,0,1,1,1,yes
506,Stephen Hockings,E Grade,2013/14,0,0,0,0,0,0,0,0,0,0,0,0,1,1,1,yes
508,Stephen Ferguson,F Grade,2023/24,0,0,0,0,0,0,0,0,0,0,0,0,2,2,2,yes
515,Patrick Flanagan,E Grade,2024/25,0,0,0,0,0,0,3,0,0,0,0,0,1,1,1,
515,Patrick Flanagan,F Grade,2024/25,0,0,0,0,0,0,0,0,0,0,0,0,1,1,1,yes
519,Benjamin Stevenson,C Grade,2016/17,0,0,0,0,0,0,0,0,0,0,0,0,2,0,0,
521,Joe Knowles,C Grade,2016/17,0,0,0,0,0,0,0,0,0,0,0,0,2,2,2,yes
523,Phil Tindall,F Grade,2025/26,0,0,0,0,0,0,0,0,0,0,0,0,3,3,3,yes
524,Aimee Latham,Female A Grade,2025/26,0,0,0,0,0,0,0,0,0,0,0,0,1,4,1,yes
526,Jacob Perry,F Grade,2013/14,0,0,0,0,0,0,0,0,0,0,0,0,4,1,1,
530,Jessie Roe,B Grade,2011/12,0,0,0,0,0,0,0,0,0,0,0,0,3,1,1,
531,Mathew Dixon,D Grade,2007/08,0,0,0,0,0,0,0,0,0,0,0,0,1,1,1,yes
532,Jason Knapp,D Grade,2005/06,0,0,0,0,0,0,0,0,0,0,0,0,3,3,3,yes
534,Blesson Varughese,F Grade,2023/24,1,1,1,0,0,0,0,0,0,0,0,0,1,0,0,
537,Sabrina Evans,Female A Grade,2025/26,0,1,0,0,0,0,8,0,0,0,0,0,1,2,1,
541,Kaylee Ashford,Female A Grade,2025/26,0,0,0,0,0,0,12,0,0,0,0,0,1,1,1,
542,Bradley Woodcock,B Grade,2011/12,1,1,1,1,0,0,4,0,0,2,0,0,1,0,0,
546,Riley Arrowsmith,Colts,2023/24 2024/25,0,1,0,0,0,0,0,0,0,0,0,0,3,5,3,yes
557,Rodney Shemeld,A Grade,2011/12,0,0,0,0,0,0,0,0,0,0,0,0,2,2,2,yes
566,Aengus Mearns,C Grade,2017/18,0,0,0,0,0,0,0,0,0,0,0,0,1,1,1,yes
573,Rodney Ford,A Grade,2018/19,0,0,0,0,0,0,0,0,0,0,0,0,2,2,2,yes
593,Michael Doherty,E Grade,2013/14,0,0,0,0,0,0,0,0,0,0,0,0,2,2,2,yes
693,Jaxon Foale,C Grade,2017/18,0,0,0,0,0,0,0,0,0,0,0,0,1,1,1,yes
716,Nikhil Chaudhry,E Grade,2012/13,0,0,0,0,0,0,0,0,0,0,0,0,1,1,1,yes
759,Jackson Davidson,B Grade,2017/18,1,1,1,1,1,1,0,0,0,2,2,2,1,0,0,
760,Pierce Dawson,B Grade,2017/18,1,1,1,1,1,1,0,0,0,1,1,1,0,0,0,yes
766,Varun Kumar,F Grade,2024/25,0,0,0,0,0,0,1,0,0,0,0,0,1,1,1,
