action,player_id,name,reason
pin,157,Adam Dalman,BASELINE_ONLY
pin,217,Dan Krepivin,BASELINE_ONLY
pin,243,Wayne Allan,BASELINE_ONLY
pin,265,Craig Woods,BASELINE_ONLY
pin,273,Don Tregenza,BASELINE_ONLY
pin,299,Ron Woods,BASELINE_ONLY
pin,309,Gordon Summors,BASELINE_ONLY
pin,332,Gary Catterall,BASELINE_ONLY
pin,342,Brad Perry,BASELINE_ONLY
pin,351,Simon Guy,BASELINE_ONLY
pin,360,Terry Aldridge,BASELINE_ONLY
pin,391,Steve Rowe,BASELINE_ONLY
pin,393,Koraan Kapoor,BASELINE_ONLY
pin,397,Scott Hardy,BASELINE_ONLY
pin,417,Dean Lockyer,BASELINE_ONLY
pin,422,Paul Westcott,BASELINE_ONLY
pin,425,Jeremy Needs,BASELINE_ONLY
pin,439,Jason Dodd,BASELINE_ONLY
pin,440,Chris Taylor,BASELINE_ONLY
pin,442,Darren Magee,BASELINE_ONLY
pin,443,David Haas,BASELINE_ONLY
pin,452,Wayde Hall,BASELINE_ONLY
pin,455,Glenn Doust,BASELINE_ONLY
pin,484,Caiden Sturgess,BASELINE_ONLY
pin,520,Kiren Mellacheruvu,BASELINE_ONLY
pin,538,Mathew Reilly,BASELINE_ONLY
pin,561,Shawn Pretorious,BASELINE_ONLY
pin,578,Matthew Piggot,BASELINE_ONLY
pin,9003,Anthony Johnson,BASELINE_ONLY
pin,9005,Derek Pike,BASELINE_ONLY
pin,9006,Mujaho Thompson,BASELINE_ONLY
pin,9008,Ryan Dean,BASELINE_ONLY
unchanged,45,Mark Rowe,club:bd48a768-a1f8-43db-9a26-95ce2d774cae
unchanged,51,Mark Chapelhow,club:e71ff8ae-5e66-4bb8-8b3e-3bfd90452ba1
unchanged,61,Allan Willey,club:2198d9c5-61d0-49f0-89c4-5f00d6f89f66
unchanged,74,Ian Wallace,club:d2d2c1a9-8724-409d-be40-9008cec045d8
unchanged,79,Laurie Cross,club:3c30f5a1-ae36-4cf2-a06d-c71e8dfc4a44
unchanged,80,Shane Shanahan,club:638e638a-aed3-4643-ace7-ea13c6c4adea
unchanged,82,Mick O'Brien,club:119bec99-3f36-42f1-ac31-35a5e8a7008e
unchanged,89,Brian Cullen,club:1867693d-94a5-442a-b1da-fe22aba69210
unchanged,99,Peter Radcliffe,club:e4276abb-b99e-4705-a422-d8d138788440
unchanged,106,Ben Kissel,club:d3fc681c-ac23-48f3-9c2c-6b526a6afe66
unchanged,114,Richie Stevenson,club:91bfd7c9-7db1-4349-b7a7-67d203c7417c
unchanged,120,Matt Blackwell,club:75f43e99-3e8b-4d88-a858-5f08ee69555c
unchanged,166,Phil Bailey,club:d4c45f90-f4ae-4256-92f5-0df3cd4ddaaa
unchanged,186,Max Crook,club:e9826f26-1dae-451e-a53b-09ff23fa238e
unchanged,194,Steve Cox,club:97f62b73-cfcb-4ff7-a02d-a08ac67acb4b
unchanged,249,Andrew Harris,club:e18913c9-6707-4d4f-ba09-b242d0cf4fb6
unchanged,256,Peter Hunter,club:b4f5f2bd-cf61-49cb-b992-03920c9ed868
unchanged,261,Ben March,club:e75bbf45-f615-4e8b-b072-723e2443f817
unchanged,263,Craig Threlfall,club:8c5d5b4f-024a-4b34-892b-ee4d1fa077f9
unchanged,270,Brian O'Donnell,club:a773090e-32bc-4eef-92b5-6ba628ffc162
unchanged,285,Trevor Allen,club:b9621d0e-315d-4bdf-9a2e-06f00cd249f9
unchanged,308,Steve Doyle,club:53e03279-e948-4b33-8ae6-dfbbb847a07a
unchanged,310,Wayne Morrison,club:a0ad356f-f9a7-4b7a-948e-b203ac44394c
unchanged,312,Mick Stanley,club:284fff96-95bc-4558-b932-c9ee7cd81e75
unchanged,324,Riam Elliot,club:4ac981d5-c07a-4b56-97e3-9dea917db152
unchanged,325,Ian Mackintosh,club:6f50d10e-8d4e-4b49-aa6d-b269f25978c9
unchanged,326,Chris Wren,club:b126f9c4-3adc-4478-8182-1d072729eb5c
unchanged,335,Shaun Hildebrant,club:93732a8d-b340-48fd-83c0-2854d41bd3f1
unchanged,338,Ben Dell,club:a543b613-5bee-4742-bd92-fa099f6fd38d
unchanged,348,Steve Chapelhow,club:bb1bbe74-fa86-4dde-86bb-f36a26a0ca12
unchanged,364,Hugh Williams,club:34447f7c-24b7-4dd5-8ced-77d922907779
unchanged,366,Wayne Stevenson,club:fadbd60b-0976-4016-8a8f-4d579e64568f
unchanged,368,Glenn Cruickshank,club:e3df5bd1-7b6f-4069-b059-007d13edd0be
unchanged,371,Anthony Gieke,club:8afc55c4-7643-47a1-90ff-d85b86424f7a
unchanged,375,Brendon Cullinan,club:b4644e5c-53a7-44ad-921d-c595f58071d1
unchanged,377,Todd Hartnett,club:6104ade9-c2b0-4eeb-a724-cb86ee00d78c
unchanged,381,Peter Mckell,club:e12beadf-14c9-4e0e-9c64-109af19e6039
unchanged,382,Robbie Leahy,club:9aad1941-875b-4a1d-9ffd-e182a69d5f7b
unchanged,403,Phil Wirth,club:b54c6b62-96ba-4c81-96fa-a86f3295f148
unchanged,405,Steve Taylor,club:52b25dba-cd73-41ac-a2cc-5d6f18fdbac4
unchanged,409,Dan Mather,club:270e2dda-2675-45a8-b529-3a86c1a96154
unchanged,414,Craig Skinner,club:8ffe7d9f-c2b7-4287-a2fa-78a1c86dc1e1
unchanged,415,Alan Bermingham,club:ccf4c999-62a0-42d5-a43a-8c46a4302213
unchanged,437,Rob Romeo,club:2a6694a3-2110-4352-a9c5-8e714a86421b
unchanged,438,Ashley Smith,club:8537449d-6b30-4531-a7bf-042baa12c8b0
unchanged,457,Lee Caldwell,club:796e9742-3bc3-4742-9079-f9c829b58f10
unchanged,700,Glenn Filcock,club:d0ef29e7-7be0-4ff5-bf7c-aa21881881b3
unchanged,711,Dsle Burns,club:7e91f137-cd77-4c61-9df3-9f98edc69f24
unchanged,776,Lee Bradley,club:286eb7ba-823f-48aa-a2fb-f3abbdf4bf11
unchanged,777,Brett Neucom,club:85aa6329-7409-4653-bcfc-f8808c920409
unchanged,778,Kelvin Riches,club:181b29db-4f2a-4e64-892a-9f44e2ccea5b
unchanged,779,Given Surname,club:bc1c77e6-5b39-4855-85ce-f1c15d8ea03f
unchanged,9009,Felicity Tatterson,club:d3879dea-d2a3-4096-a2ef-aa35893bf087
unchanged,9010,Paige Buglass,club:7bb81b8f-3ef5-4ac3-9885-92935950ff5d
unchanged,9011,Raquel Willey,club:f6585943-0f78-484b-9862-b798ddf6ba8d
