player_id,name,player_matches_differing,player_absolute_difference,player_net_difference_central_minus_native,season,grade,native_match_id,native_round,native_match_date,central_match_id,playhq_match_id,central_match_date,native_catches,central_catches,differs,native_stumpings,central_stumpings,native_run_outs,central_run_outs,central_fielding_rows_kind
23,Jarod Little,106,160,160,2016,C Grade,10581,8,2016-11-26,6364,51b27714-05c3-4ee2-9cfa-213189425bd9,2016-11-26,0,1,1,0,1,0,0,catch x1 | stumping x1
23,Jarod Little,106,160,160,2016,C Grade,10583,5,2016-11-05,6284,759f29c6-c1c7-4bae-a612-4f882003f479,2016-11-05,0,1,1,0,0,0,0,catch x1
23,Jarod Little,106,160,160,2016,C Grade,10584,10,2016-12-10,6432,fa54fefa-ce73-4970-af60-526f848e80c9,2016-12-10,0,1,1,0,1,0,0,catch x1 | stumping x1
23,Jarod Little,106,160,160,2016,C Grade,10586,13,2017-01-28,6515,b9f6d43c-e307-41eb-a999-690a899ff91a,2017-01-28,0,2,1,0,1,0,0,catch x2 | stumping x1
23,Jarod Little,106,160,160,2016,C Grade,10587,14,2017-02-04,6544,73a2c31b-0bf2-4b6b-9d09-6e385342e817,2017-02-04,0,1,1,0,0,0,0,catch x1
23,Jarod Little,106,160,160,2016,C Grade,10589,16,2017-02-18,6602,96dd8b12-9a0c-4d25-938b-8a97071f3725,2017-02-18,0,1,1,0,0,0,0,catch x1
23,Jarod Little,106,160,160,2016,C Grade,10591,7,2016-11-19,6340,f018253b-bbe8-4285-a7a7-91dd3cd1a3dc,2016-11-19,0,1,1,0,0,0,0,catch x1
23,Jarod Little,106,160,160,2016,C Grade,10593,6,2016-11-12,6311,d8483cd9-eddf-4ace-98e8-95f418e35263,2016-11-12,0,2,1,0,1,0,0,catch x2 | stumping x1
23,Jarod Little,106,160,160,2016,C Grade,10595,15,2017-02-11,6573,cdb05fd3-ca73-4850-96ae-a6f249586c78,2017-02-11,0,1,1,0,1,0,0,catch x1 | stumping x1
23,Jarod Little,106,160,160,2016,C Grade,10599,,2017-03-18,6673,481df754-2b8e-41f7-a434-fcb02fe03fae,2017-03-18,0,3,1,0,0,0,0,catch x3
23,Jarod Little,106,160,160,2016,D Grade,10612,2,2016-10-15,6210,113420d0-a243-411e-921c-a4b2c0999210,2016-10-15,0,2,1,0,0,0,0,catch x2
23,Jarod Little,106,160,160,2016,D Grade,10615,,2017-03-25,6688,dd81a175-6ad1-4a8c-a589-cf3ac2393396,2017-03-25,0,1,1,0,0,0,0,catch x1
23,Jarod Little,106,160,160,2017,B Grade,10689,,2018-03-18,7234,96be7046-3fb2-4263-b7f6-5c06ef773205,2018-03-18,0,1,1,0,2,0,0,catch x1 | stumping x2
23,Jarod Little,106,160,160,2017,B Grade,10700,,2018-03-17,7225,100ffebf-ea30-41fe-883b-cfca58f03437,2018-03-17,0,2,1,0,0,0,0,catch x2
23,Jarod Little,106,160,160,2017,B Grade,10702,,2018-03-03,7189,e83e79e5-2c40-4ed1-b539-8e9baf968bb6,2018-03-03,0,2,1,0,0,0,0,catch x2
23,Jarod Little,106,160,160,2017,C Grade,10706,1,2017-10-07,6699,37b4c794-fbd3-492b-8624-03c709963c86,2017-10-07,0,1,1,0,0,0,0,catch x1
23,Jarod Little,106,160,160,2017,C Grade,10709,4,2017-10-28,6780,27be98e1-aa23-49f9-ae61-1eb69e7eb59d,2017-10-28,0,1,1,0,0,0,0,catch x1
23,Jarod Little,106,160,160,2017,C Grade,10710,8,2017-11-25,6889,fb0a5100-71f8-4ebc-a769-36d9eaf4f422,2017-11-25,0,4,1,0,0,0,0,catch x4
23,Jarod Little,106,160,160,2017,C Grade,10711,6,2017-11-11,6833,62798f69-f3a5-41ea-b48e-40c7cb70f3cc,2017-11-11,0,1,1,0,0,0,1,catch x1 | run out x1
23,Jarod Little,106,160,160,2017,C Grade,10714,3,2017-10-21,6751,1906842f-6510-46b5-8213-7143694d0342,2017-10-21,0,1,1,0,0,0,0,catch x1
23,Jarod Little,106,160,160,2018,A Grade,9823,7,2018-11-17,7394,3851517b-08dd-4312-a2c3-126cc5bdbd5b,2018-11-17,0,1,1,0,2,0,1,catch x1 | run out x1 | stumping x2
23,Jarod Little,106,160,160,2018,A Grade,9824,6,2018-11-10,7368,2ee6ceae-d50a-4580-b248-2bc0db46fb43,2018-11-10,0,1,1,0,0,0,0,catch x1
23,Jarod Little,106,160,160,2018,A Grade,9825,2,2018-10-13,7267,00683633-8417-4b62-ae5d-3ffd6aa134ee,2018-10-13,0,2,1,0,0,0,0,catch x2
23,Jarod Little,106,160,160,2018,A Grade,9827,10,2018-12-08,7473,93aa4dde-3d19-421d-b7dd-5f3cd121d8e7,2018-12-08,0,1,1,0,0,0,0,catch x1
23,Jarod Little,106,160,160,2018,A Grade,9828,4,2018-10-27,7317,ced960b6-183b-494a-a862-62fe9643d2d3,2018-10-27,0,2,1,0,0,0,0,catch x2
23,Jarod Little,106,160,160,2018,A Grade,9829,13,2019-01-12,7551,6060a604-335d-412f-aff6-654e6f1c7796,2019-01-12,0,2,1,0,0,0,0,catch x2
23,Jarod Little,106,160,160,2018,A Grade,9830,11,2018-12-22,7502,180ec05e-6155-4229-bb26-69b567f9df32,2018-12-22,0,1,1,0,0,0,0,catch x1
23,Jarod Little,106,160,160,2018,A Grade,9832,9,2018-12-01,7449,939bcabb-4ae6-409c-b2dc-87be1b2241f1,2018-12-01,0,2,1,0,0,0,0,catch x2
23,Jarod Little,106,160,160,2018,A Grade,9833,8,2018-11-24,7423,52cf376e-7c7e-4823-a86b-95615530a56c,2018-11-24,0,2,1,0,0,0,0,catch x2
23,Jarod Little,106,160,160,2018,A Grade,9835,5,2018-11-03,7344,af942998-8a8c-4dcc-8b50-9c7065b63c89,2018-11-03,0,1,1,0,0,0,0,catch x1
23,Jarod Little,106,160,160,2018,A Grade,9839,12,2019-01-05,7527,3b2ba01a-8aea-4f02-a2a5-f45ffe91aed5,2019-01-05,0,1,1,0,0,0,0,catch x1
23,Jarod Little,106,160,160,2019,A Grade,9871,6,2019-11-16,7878,b1f1f24f-2068-4e52-b14c-07bf62ac4f68,2019-11-16,0,1,1,0,1,0,0,catch x1 | stumping x1
23,Jarod Little,106,160,160,2019,A Grade,9872,10,2019-12-14,8002,12dd03d5-fecb-402b-8086-0e4009590a15,2019-12-14,0,1,1,0,1,0,0,catch x1 | stumping x1
23,Jarod Little,106,160,160,2019,A Grade,9874,8,2019-11-30,7940,46bc5378-d3c9-4139-8c18-1dc2122f187b,2019-11-30,0,1,1,0,1,0,0,catch x1 | stumping x1
23,Jarod Little,106,160,160,2019,A Grade,9875,5,2019-11-09,7847,79e488ba-230b-4152-bfcb-26fb0e3b2018,2019-11-09,0,1,1,0,0,0,0,catch x1
23,Jarod Little,106,160,160,2019,A Grade,9882,3,2019-10-26,7790,b691b7fc-b3a3-4f80-9aa2-bda06ea7c972,2019-10-26,0,3,1,0,0,0,0,catch x3
23,Jarod Little,106,160,160,2019,A Grade,9883,17,2020-02-22,8201,6c576137-65b7-45ce-b7b7-cd5e016ab8c6,2020-02-22,0,1,1,0,0,0,0,catch x1
23,Jarod Little,106,160,160,2019,A Grade,9884,18,2020-03-07,8230,08fcb3ca-5559-4d97-8170-d2f1d2ac490e,2020-03-07,0,1,1,0,0,0,0,catch x1
23,Jarod Little,106,160,160,2019,B Grade,9891,4,2019-11-02,7826,a7f973c0-d414-4146-8cea-9e9f1243187f,2019-11-02,0,2,1,0,0,0,0,catch x2
23,Jarod Little,106,160,160,2019,PPL,9925,,2020-03-11,8255,81682ea0-f6f8-4e0c-95df-e92a151f4df5,2020-03-11,0,1,1,0,0,0,0,catch x1
23,Jarod Little,106,160,160,2020,A Grade,9929,,2021-03-20,8802,8e044972-bb99-4c17-98c4-2512817dbfdd,2021-03-20,0,1,1,0,0,0,0,catch x1
23,Jarod Little,106,160,160,2020,A Grade,9931,9,2020-12-19,8524,547b1ff5-2be6-4e91-9003-2c22fdd47fb6,2020-12-19,0,1,1,0,0,0,0,catch x1
23,Jarod Little,106,160,160,2020,A Grade,9932,16,2021-02-27,8736,c24efb3e-80e2-49bf-ad00-4413325dab14,2021-02-27,0,1,1,0,0,0,0,catch x1
23,Jarod Little,106,160,160,2020,A Grade,9933,,2021-03-27,8820,464fc964-5be4-4214-a991-45221d9ab3e6,2021-03-27,0,1,1,0,1,0,0,catch x1 | stumping x1
23,Jarod Little,106,160,160,2020,A Grade,9935,6,2020-11-28,8427,2d422fc1-3a0a-47ee-8949-5b618cc20446,2020-11-28,0,3,1,0,0,0,0,catch x3
23,Jarod Little,106,160,160,2020,A Grade,9936,18,2021-03-13,8774,12da1ea8-7752-4051-bd41-603e3dda8682,2021-03-13,0,1,1,0,0,0,0,catch x1
23,Jarod Little,106,160,160,2020,A Grade,9939,10,2021-01-09,8554,8baef433-44b0-461a-b868-b5334f7031fc,2021-01-09,0,1,1,0,0,0,0,catch x1
23,Jarod Little,106,160,160,2020,A Grade,9940,2,2020-10-31,8298,5e6a9f67-d361-4b56-b63d-bb52aaa16e28,2020-10-31,0,2,1,0,0,0,0,catch x2
23,Jarod Little,106,160,160,2020,A Grade,9941,1,2020-10-17,8284,de5dc8c1-829a-4e61-abde-c1f05e65bd45,2020-10-17,0,2,1,0,0,0,0,catch x2
23,Jarod Little,106,160,160,2020,A Grade,9942,11,2021-01-16,8581,6907a75a-1cc7-4a52-8203-cd9b88f70ed8,2021-01-16,0,1,1,0,2,0,0,catch x1 | stumping x2
23,Jarod Little,106,160,160,2020,A Grade,9943,,2021-03-21,8814,f0e4d3c3-a37d-4e5f-a911-d95362343525,2021-03-21,0,2,1,0,0,0,0,catch x2
23,Jarod Little,106,160,160,2020,A Grade,9946,3,2020-11-07,8330,147417eb-c43b-4b67-abed-fac714d4d0e3,2020-11-07,0,3,1,0,0,0,0,catch x3
23,Jarod Little,106,160,160,2020,B Grade,9947,4,2020-11-21,8401,2c180c3d-5864-4ecf-8801-11cfdbd2b9b8,2020-11-21,0,1,1,0,0,0,0,catch x1
23,Jarod Little,106,160,160,2021,A Grade,10010,16,2022-02-12,9243,782ae569-a140-43c4-a787-3cc7bf0f9d53,2022-02-12,0,2,1,0,0,0,0,catch x2
23,Jarod Little,106,160,160,2021,A Grade,10011,4,2021-10-30,8907,78ae622f-7f48-458d-824a-58104082b75e,2021-10-30,0,1,1,0,0,0,0,catch x1
23,Jarod Little,106,160,160,2021,A Grade,10014,17,2022-02-19,9273,a090dd55-a7ac-4a25-b7a2-79afe332e633,2022-02-19,0,2,1,0,0,0,0,catch x2
23,Jarod Little,106,160,160,2021,A Grade,10016,10,2021-12-11,9079,a7fbe112-1f97-4269-86bf-95b5cce99349,2021-12-11,0,1,1,0,0,0,0,catch x1
23,Jarod Little,106,160,160,2021,A Grade,10018,15,2022-02-05,9217,65b97e7a-d50f-4c2c-a3c8-9dc9909df5f0,2022-02-05,0,3,1,0,0,0,0,catch x3
23,Jarod Little,106,160,160,2021,A Grade,10019,8,2021-11-27,9023,792d0875-1c5c-49a5-b5da-a703c6b41c6c,2021-11-27,0,1,1,0,1,0,0,catch x1 | stumping x1
23,Jarod Little,106,160,160,2021,A Grade,10020,18,2022-02-26,9299,02f9e14f-e125-455b-bd2e-a8f036c24373,2022-02-26,0,1,1,0,0,0,0,catch x1
23,Jarod Little,106,160,160,2021,A Grade,10021,6,2021-11-13,8965,2a73af77-c936-46a4-b739-c5eceb500006,2021-11-13,0,3,1,0,0,0,0,catch x3
23,Jarod Little,106,160,160,2021,A Grade,10027,12,2022-01-08,9138,100e0b05-faa9-478a-b8cd-eee425253ff8,2022-01-08,0,1,1,0,1,0,0,catch x1 | stumping x1
23,Jarod Little,106,160,160,2021,B Grade,10029,5,2021-11-06,8940,c8cd635f-5c5a-4b90-955f-134845dece4e,2021-11-06,0,1,1,0,0,0,0,catch x1
23,Jarod Little,106,160,160,2021,B Grade,10031,3,2021-10-23,8887,8524bf11-e5aa-49f4-bcac-3db0e5e50aab,2021-10-23,0,2,1,0,0,0,0,catch x2
23,Jarod Little,106,160,160,2022,A Grade,10117,6,2022-11-12,9491,e3700604-d281-47bf-84db-116809c66260,2022-11-12,0,1,1,0,0,0,0,catch x1
23,Jarod Little,106,160,160,2022,A Grade,10118,5,2022-11-05,9461,6fb94e0a-0eae-4580-ba41-27144fbdd80b,2022-11-05,0,1,1,0,0,0,0,catch x1
23,Jarod Little,106,160,160,2022,A Grade,10119,14,2023-01-28,9726,7c4874c3-498a-4b88-ae9c-3514db99ebfd,2023-01-28,0,1,1,0,0,0,0,catch x1
23,Jarod Little,106,160,160,2022,A Grade,10120,,2023-03-11,9862,42a1e1eb-110f-4bac-aa1f-351b621551b1,2023-03-11,0,1,1,0,0,0,0,catch x1
23,Jarod Little,106,160,160,2022,A Grade,10122,16,2023-02-11,9785,4a64b8d3-1363-4f33-9d91-4576ad16363d,2023-02-11,0,2,1,0,0,0,1,catch x2 | run out x1
23,Jarod Little,106,160,160,2022,A Grade,10124,15,2023-02-04,9757,778693d4-d343-4972-9deb-52485f45b4f9,2023-02-04,0,1,1,0,0,0,0,catch x1
23,Jarod Little,106,160,160,2022,A Grade,10126,10,2022-12-10,9614,f1e67738-cbf4-423b-969f-7de5801d60c0,2022-12-10,0,2,1,0,0,0,0,catch x2
23,Jarod Little,106,160,160,2022,A Grade,10129,,2023-03-25,9880,dd4cea57-a9fa-45c4-8c30-dbfc0870b0cd,2023-03-25,0,1,1,0,0,0,0,catch x1
23,Jarod Little,106,160,160,2022,B Grade,10136,2,2022-10-15,9384,d687e7b3-6cbb-4b08-a34f-704c84e57d54,2022-10-15,0,2,1,0,1,0,0,catch x2 | stumping x1
23,Jarod Little,106,160,160,2022,B Grade,10141,7,2022-11-19,9529,06286107-a688-4d9e-b132-a5ce7864d75b,2022-11-19,0,1,1,0,0,0,0,catch x1
23,Jarod Little,106,160,160,2022,B Grade,10146,1,2022-10-08,9359,39702312-e827-4b09-8ab3-e49dc25959dc,2022-10-08,0,1,1,0,0,0,0,catch x1
23,Jarod Little,106,160,160,2022,B Grade,10147,3,2022-10-22,9413,81cbfa47-87d9-4293-8d37-e88ac4c795bd,2022-10-22,0,1,1,0,0,0,0,catch x1
23,Jarod Little,106,160,160,2022,B Grade,10153,2,2022-12-03,9593,a76a18c1-8b04-4a2c-a347-acbe8e389874,2022-12-03,0,2,1,0,0,0,0,catch x2
23,Jarod Little,106,160,160,2023,A Grade,11764,9,2023-12-02,10123,8c91bebc-bfbd-4385-973b-05bc55721b1c,2023-12-02,0,1,1,0,1,0,0,catch x1 | stumping x1
23,Jarod Little,106,160,160,2023,A Grade,11766,8,2023-11-25,10093,51ab696d-1828-43c6-9502-1bc435ffc6e6,2023-11-25,0,1,1,0,0,0,0,catch x1
23,Jarod Little,106,160,160,2023,A Grade,11767,11,2023-12-16,10184,e4ad2a94-e3f9-47c8-b449-3159fdcd7524,2023-12-16,0,1,1,0,1,0,0,catch x1 | stumping x1
23,Jarod Little,106,160,160,2023,A Grade,11772,10,2023-12-09,10155,beff59f7-28b6-4bf2-a2c6-76151038a551,2023-12-09,0,4,1,0,0,0,0,catch x4
23,Jarod Little,106,160,160,2023,A Grade,11773,5,2023-11-04,10001,1023a165-55d9-4548-b904-86495c7cff78,2023-11-04,0,1,1,0,0,0,0,catch x1
23,Jarod Little,106,160,160,2023,A Grade,11775,,2024-03-09,10410,3cafad47-eba9-41c7-be25-a7ebd1586c24,2024-03-09,0,1,1,0,0,0,0,catch x1
23,Jarod Little,106,160,160,2023,A Grade,11776,16,2024-02-17,10333,5367b5ea-e8c3-404f-a0e5-b554271fec11,2024-02-17,0,3,1,0,1,0,0,catch x3 | stumping x1
23,Jarod Little,106,160,160,2023,A Grade,11777,3,2023-10-21,9938,1991f32b-637f-4ed6-8667-bf25fe32d6cd,2023-10-21,0,2,1,0,0,0,0,catch x2
23,Jarod Little,106,160,160,2023,A Grade,11778,7,2023-11-18,10061,8731f731-1b27-48b8-ac2b-c3168f35f223,2023-11-18,0,1,1,0,1,0,0,catch x1 | stumping x1
23,Jarod Little,106,160,160,2023,A Grade,11780,2,2023-10-14,9912,53dffe95-1fcf-463b-a32b-c77c63258dbe,2023-10-14,0,3,1,0,0,0,0,catch x3
23,Jarod Little,106,160,160,2023,A Grade,11781,6,2023-11-11,10033,77defd01-5c7c-4a9a-993a-d49523d4eabe,2023-11-11,0,1,1,0,0,0,0,catch x1
23,Jarod Little,106,160,160,2024,A Grade,11661,7,2024-11-23,10608,ceb85088-0f9e-41b8-8f0d-027799692c94,2024-11-23,0,2,1,0,0,0,0,catch x2
23,Jarod Little,106,160,160,2024,A Grade,11663,5,2024-11-09,10548,2caa3809-f3b9-4f4d-87df-078152328379,2024-11-09,0,3,1,0,0,0,0,catch x3
23,Jarod Little,106,160,160,2024,A Grade,11668,9,2024-12-07,10669,071288e4-aec5-43d8-98fa-7de27fde2d42,2024-12-07,0,1,1,0,0,0,0,catch x1
23,Jarod Little,106,160,160,2024,A Grade,11672,17,2025-02-22,10898,44c83a7b-ac11-459b-a638-aecef6a04e7f,2025-02-22,0,1,1,0,0,0,0,catch x1
23,Jarod Little,106,160,160,2024,A Grade,11675,18,2025-03-01,10924,0277c242-5588-4792-a111-d52ef88f0d0a,2025-03-01,0,1,1,0,0,0,0,catch x1
23,Jarod Little,106,160,160,2024,A Grade,11676,14,2025-02-01,10811,cb188230-c2e2-43a2-a9e2-de00761025b9,2025-02-01,0,1,1,0,0,0,0,catch x1
23,Jarod Little,106,160,160,2024,A Grade,11678,,2025-03-08,10947,34009b1d-7943-4701-91e3-ed5ab868fc0f,2025-03-08,0,1,1,0,0,0,0,catch x1
23,Jarod Little,106,160,160,2025,A Grade,11512,9,2025-12-06,11250,962379d8-eb6c-4fbe-a312-04b646f7ae81,2025-12-06,0,1,1,0,0,0,0,catch x1
23,Jarod Little,106,160,160,2025,A Grade,11516,13,2026-01-17,11368,3336c276-e37a-4c36-9f29-47468ced3b65,2026-01-17,0,1,1,0,0,0,0,catch x1
23,Jarod Little,106,160,160,2025,A Grade,11518,7,2025-11-15,11173,fae37b71-7431-4e29-9a26-54b7db72995a,2025-11-15,0,2,1,0,0,0,1,catch x2 | run out x1
23,Jarod Little,106,160,160,2025,A Grade,11519,17,2026-02-21,11508,7e2ca13d-705c-4d3f-a7b2-56d9559a4aff,2026-02-21,0,2,1,0,0,0,0,catch x2
23,Jarod Little,106,160,160,2025,A Grade,11520,15,2026-02-07,11436,3ba82c0f-3d59-49ef-a35a-573f02db63d6,2026-02-07,0,3,1,0,0,0,0,catch x3
23,Jarod Little,106,160,160,2025,A Grade,11523,6,2025-11-08,11133,2181a00e-704d-4af3-8a6d-7cf29a86f6f3,2025-11-08,0,2,1,0,0,0,0,catch x2
23,Jarod Little,106,160,160,2025,A Grade,11526,16,2026-02-14,11475,f0e73026-c721-435e-a2de-c324131c2f0f,2026-02-14,0,2,1,0,0,0,0,catch x2
23,Jarod Little,106,160,160,2025,A Grade,11527,,2026-03-14,11590,3a03f450-57d8-4579-97ec-cf1887139f82,2026-03-14,0,2,1,0,0,0,0,catch x2
23,Jarod Little,106,160,160,2025,A Grade,11529,,2026-03-07,11574,60819de2-2c55-473b-8bf7-dbf11eeeff0e,2026-03-07,0,1,1,0,0,0,1,catch x1 | run out x1
23,Jarod Little,106,160,160,2025,A Grade,11531,14,2026-01-31,11404,83c3a757-d214-4533-a597-f94d03671d16,2026-01-31,0,1,1,0,1,0,0,catch x1 | stumping x1
23,Jarod Little,106,160,160,2025,PPL,11612,,2026-03-10,11589,3bf80176-3dfa-400a-ada4-b200b05c8471,2026-03-10,0,1,1,0,0,0,0,catch x1
20,James Woods,78,108,108,2005,D Grade,11418,18,2006-03-11,1532,92c1871f-ca3a-40bc-9131-611610ff3450,2006-03-11,0,1,1,0,0,0,0,catch x1
20,James Woods,78,108,108,2005,D Grade,11420,1,2005-10-15,1177,d349f66b-c5f9-4aff-a842-810e3136fa4a,2005-10-15,0,1,1,0,0,0,0,catch x1
20,James Woods,78,108,108,2005,D Grade,11421,10,2005-12-17,1365,0d36a33b-6b9c-41a2-8130-82a5442afffa,2005-12-17,0,3,1,0,0,0,0,catch x3
20,James Woods,78,108,108,2005,D Grade,11423,8,2005-12-03,1322,9b152589-81a7-41ba-a52f-8d3ed53c3e01,2005-12-03,0,1,1,0,0,0,0,catch x1
20,James Woods,78,108,108,2005,D Grade,11427,7,2005-11-26,1301,8ad1ff44-f26c-4e2a-b2aa-e91039548979,2005-11-26,0,1,1,0,0,0,0,catch x1
20,James Woods,78,108,108,2006,C Grade,11318,2,2006-10-28,1578,11331abd-bc8f-40d3-ac35-1179de1f7859,2006-10-28,0,2,1,0,0,0,0,catch x2
20,James Woods,78,108,108,2006,D Grade,11339,9,2006-12-16,1715,944a4101-67e9-4cac-a2f5-25b93cc1b01c,2006-12-16,0,1,1,0,0,0,0,catch x1
20,James Woods,78,108,108,2006,D Grade,11340,6,2006-11-25,1657,7f437cac-3447-43d1-9d5f-32a81c73ee08,2006-11-25,0,2,1,0,0,0,0,catch x2
20,James Woods,78,108,108,2006,D Grade,11342,15,2007-02-03,1828,3a75f558-c158-4a41-b53d-4cd3fc1e7a25,2007-02-03,0,2,1,0,0,0,0,catch x2
20,James Woods,78,108,108,2006,D Grade,11343,16,2007-02-10,1850,cc338411-4cf0-430c-b71a-5157d34f9b5b,2007-02-10,0,2,1,0,0,0,0,catch x2
20,James Woods,78,108,108,2006,D Grade,11351,18,2007-02-24,1888,0804a919-9b5e-4ead-a4c1-aebe0874dd10,2007-02-24,0,1,1,0,0,0,0,catch x1
20,James Woods,78,108,108,2007,D Grade,11264,11,2008-01-05,2165,92cb8432-2249-4d40-b3d5-079341744dcc,2008-01-05,0,1,1,0,0,0,0,catch x1
20,James Woods,78,108,108,2007,D Grade,11265,5,2007-11-10,2040,3976af56-333d-44e7-a70a-29693fc7f9ec,2007-11-10,0,1,1,0,0,0,0,catch x1
20,James Woods,78,108,108,2007,D Grade,11270,6,2007-11-17,2063,eaf24bc9-5789-43c3-918a-4ea510bb03b9,2007-11-17,0,2,1,0,0,0,0,catch x2
20,James Woods,78,108,108,2007,D Grade,11271,4,2007-11-03,2021,ccccf1cb-ac60-481e-9187-7a00ee38145c,2007-11-03,0,1,1,0,0,0,0,catch x1
20,James Woods,78,108,108,2007,D Grade,11272,1,2007-10-13,1958,f3578c16-e7bf-4863-9dc9-8e5d34f44b3b,2007-10-13,0,1,1,0,0,0,0,catch x1
20,James Woods,78,108,108,2007,D Grade,11273,16,2008-02-16,2267,f1db07e8-9bf1-435f-9276-8f83cdecf61e,2008-02-16,0,1,1,0,0,0,0,catch x1
20,James Woods,78,108,108,2007,D Grade,11275,14,2008-02-02,2227,520bc74b-c156-483c-9dd9-936e50da9cc5,2008-02-02,0,1,1,0,0,0,0,catch x1
20,James Woods,78,108,108,2007,D Grade,11276,10,2007-12-15,2147,95ad3780-5d92-429e-be56-98920028f24a,2007-12-15,0,1,1,0,0,0,0,catch x1
20,James Woods,78,108,108,2008,D Grade,11200,17,2009-02-21,2661,8a163dc9-b7dc-4d90-8c90-3fc6f371c6ea,2009-02-21,0,1,1,0,0,0,0,catch x1
20,James Woods,78,108,108,2008,D Grade,11201,15,2009-02-07,2621,76db004d-e2a6-49b0-82a5-499b12babd28,2009-02-07,0,1,1,0,0,0,0,catch x1
20,James Woods,78,108,108,2008,D Grade,11203,3,2008-10-25,2366,53ad0d13-e8e7-408f-9b13-524151da31f5,2008-10-25,0,1,1,0,0,0,0,catch x1
20,James Woods,78,108,108,2008,D Grade,11206,13,2009-01-17,2578,35a86448-b3b7-474a-96d4-8e763a6d31d5,2009-01-17,0,1,1,0,0,0,0,catch x1
20,James Woods,78,108,108,2008,D Grade,11208,18,2009-03-07,2683,0e8cb62b-4691-4129-8037-9cadf65ac62f,2009-03-07,0,1,1,0,0,0,0,catch x1
20,James Woods,78,108,108,2008,D Grade,11214,12,2009-01-10,2560,ee88798d-9d46-4d2b-a547-fd86c9675e5d,2009-01-10,0,1,1,0,0,0,0,catch x1
20,James Woods,78,108,108,2009,D Grade,11111,16,2010-02-20,3100,333b5746-636a-4129-98bf-8639c43d995f,2010-02-20,0,2,1,0,0,0,0,catch x2
20,James Woods,78,108,108,2009,D Grade,11115,8,2009-11-28,2905,38fbf649-8ba2-4db5-9e43-afbbe348c2a6,2009-11-28,0,1,1,0,0,0,0,catch x1
20,James Woods,78,108,108,2009,D Grade,11116,17,2010-03-06,3121,f445df7b-1881-438b-8090-b305c1db7c7f,2010-03-06,0,1,1,0,0,0,0,catch x1
20,James Woods,78,108,108,2009,D Grade,11119,13,2010-01-30,3028,76860e93-cefe-4160-9dc2-cc94635d332b,2010-01-30,0,1,1,0,0,0,0,catch x1
20,James Woods,78,108,108,2009,D Grade,11120,12,2010-01-09,3000,62ef2fbb-762e-4af1-991e-ce1ce0750ee4,2010-01-09,0,1,1,0,0,0,0,catch x1
20,James Woods,78,108,108,2009,D Grade,11121,3,2009-10-24,2788,cdd1a176-6dfd-4979-80bb-e794967efd94,2009-10-24,0,1,1,0,0,0,0,catch x1
20,James Woods,78,108,108,2009,D Grade,11122,15,2010-02-13,3077,016849df-fde6-4509-bcd6-efef3165eb1d,2010-02-13,0,2,1,0,0,0,0,catch x2
20,James Woods,78,108,108,2010,D Grade,11011,7,2010-11-20,3338,6e924b8a-e1ff-4910-8e81-1857a02a46c4,2010-11-20,0,2,1,0,0,0,0,catch x2
20,James Woods,78,108,108,2010,D Grade,11014,11,2010-12-18,3444,79e0857c-c69e-4bba-9eed-72686eab71c8,2010-12-18,0,1,1,0,0,0,0,catch x1
20,James Woods,78,108,108,2010,D Grade,11015,4,2010-10-30,3262,96f0e921-47f2-4e0c-b7c7-776f5b6ed6ed,2010-10-30,0,1,1,0,0,0,0,catch x1
20,James Woods,78,108,108,2010,D Grade,11018,,2011-03-19,3642,42d9c5db-8692-4718-bff3-b9b6e6bdbdfb,2011-03-19,0,1,1,0,0,0,0,catch x1
20,James Woods,78,108,108,2010,D Grade,11020,16,2011-02-19,3575,e6582ba6-5350-4cdc-b857-c4dc596936ee,2011-02-19,0,1,1,0,0,0,0,catch x1
20,James Woods,78,108,108,2010,D Grade,11027,14,2011-02-05,3524,9e5ec5f3-d3ad-42d6-8367-f9475f9b5920,2011-02-05,0,1,1,0,0,0,0,catch x1
20,James Woods,78,108,108,2010,D Grade,11028,3,2010-10-23,3245,8b1247de-de58-46a3-aa62-ffc015152757,2010-10-23,0,2,1,0,0,0,0,catch x2
20,James Woods,78,108,108,2011,D Grade,10916,6,2011-11-12,3801,4e768828-43de-4d4c-b4ff-1c2d33e599f1,2011-11-12,0,1,1,0,0,0,0,catch x1
20,James Woods,78,108,108,2011,D Grade,10927,12,2012-01-07,3966,413c3c9c-831d-410e-b94d-cb9e8db5fd84,2012-01-07,0,1,1,0,0,0,0,catch x1
20,James Woods,78,108,108,2011,D Grade,10928,9,2011-12-03,3883,e22bfe5d-737f-4745-9aa3-d66a8bc8a667,2011-12-03,0,2,1,0,0,0,0,catch x2
20,James Woods,78,108,108,2011,D Grade,10930,10,2011-12-10,3910,537bcd67-d3a7-4fde-aa4d-e17fca1b1baf,2011-12-10,0,1,1,0,0,0,0,catch x1
20,James Woods,78,108,108,2012,D Grade,10801,16,2013-02-16,4561,5fbbf140-de56-43e9-a881-02b5d50035a0,2013-02-16,0,3,1,0,0,0,0,catch x3
20,James Woods,78,108,108,2012,D Grade,10802,8,2012-12-01,4353,8a5861ce-a940-44c8-b2f3-10b147e8de81,2012-12-01,0,1,1,0,0,0,0,catch x1
20,James Woods,78,108,108,2012,D Grade,10804,9,2012-12-08,4377,753016a5-24a4-489c-a949-2f41ac5c294e,2012-12-08,0,2,1,0,0,0,0,catch x2
20,James Woods,78,108,108,2012,D Grade,10805,12,2013-01-12,4457,845f2fbc-ab8e-4d8c-a70d-358c12b730fc,2013-01-12,0,1,1,0,1,0,0,catch x1 | stumping x1
20,James Woods,78,108,108,2012,D Grade,10806,2,2012-10-20,4197,c76d32c6-6d5a-4aba-a17c-525fddb140eb,2012-10-20,0,1,1,0,0,0,0,catch x1
20,James Woods,78,108,108,2012,D Grade,10807,18,2013-03-09,4613,9ef2b28d-51f9-4fad-bd1d-535c6fd04e7c,2013-03-09,0,1,1,0,0,0,0,catch x1
20,James Woods,78,108,108,2012,D Grade,10808,15,2013-02-09,4537,90817595-4880-434c-81d4-60f581466324,2013-02-09,0,2,1,0,0,0,0,catch x2
20,James Woods,78,108,108,2012,D Grade,10810,6,2012-11-17,4301,55324cf7-9c4e-4c11-a712-710c080f57b5,2012-11-17,0,1,1,0,0,0,0,catch x1
20,James Woods,78,108,108,2012,D Grade,10812,,2013-03-23,4639,9ed3d6ea-9e56-4160-a6f7-8afbe2b4d248,2013-03-23,0,2,1,0,0,0,0,catch x2
20,James Woods,78,108,108,2012,D Grade,10813,17,2013-02-23,4589,971201d6-7880-40f6-935a-937d2a8ae896,2013-02-23,0,2,1,0,0,0,0,catch x2
20,James Woods,78,108,108,2012,D Grade,10819,14,2013-02-02,4513,f496e4fe-6f25-419c-93c6-f16ff305e393,2013-02-02,0,1,1,0,0,0,0,catch x1
20,James Woods,78,108,108,2013,D Grade,10291,7,2013-11-23,4826,8b13356d-8dc6-4964-be13-0ae0bca511fe,2013-11-23,0,1,1,0,0,0,0,catch x1
20,James Woods,78,108,108,2013,D Grade,10295,3,2013-10-26,4711,6ada4d60-55d3-489f-a09c-6937231eaeca,2013-10-26,0,2,1,0,0,0,0,catch x2
20,James Woods,78,108,108,2013,D Grade,10296,9,2013-12-07,4880,b6401d74-6cb0-4628-8598-730457fcc5ca,2013-12-07,0,1,1,0,0,0,0,catch x1
20,James Woods,78,108,108,2013,D Grade,10297,15,2014-02-15,5065,e5b2d6e3-b6a4-4895-8e6b-742888434d62,2014-02-15,0,2,1,0,0,0,0,catch x2
20,James Woods,78,108,108,2013,D Grade,10298,17,2014-03-08,5132,462c2544-41b1-4b16-b0a6-8489e36cb1fd,2014-03-08,0,2,1,0,0,0,0,catch x2
20,James Woods,78,108,108,2013,D Grade,10299,18,2014-03-15,5160,efa64ba8-e4a7-4ec5-8827-9d88fa22b1aa,2014-03-15,0,1,1,0,0,0,0,catch x1
20,James Woods,78,108,108,2013,D Grade,10300,14,2014-02-08,5029,a40f0dd6-02ef-448a-b2ce-a1b1027cb22c,2014-02-08,0,2,1,0,0,0,0,catch x2
20,James Woods,78,108,108,2013,D Grade,10302,6,2013-11-16,4802,9a01b866-eae8-4ad8-87f1-abade891a25b,2013-11-16,0,2,1,0,0,0,0,catch x2
20,James Woods,78,108,108,2013,D Grade,10304,1,2013-10-12,4658,f1dcaa54-8999-4663-bef9-de4d153cd6ff,2013-10-12,0,1,1,0,0,0,0,catch x1
20,James Woods,78,108,108,2013,B Grade,11911,5,2014-02-16,5078,a0207364-67fb-4ea7-b4eb-6fbaa73dee49,2014-02-16,0,1,1,0,0,0,0,catch x1
20,James Woods,78,108,108,2014,D Grade,10397,2,2014-10-12,5236,56eecb22-0d7e-4169-9458-1ffcd8831f77,2014-10-12,0,2,1,0,1,0,0,catch x2 | stumping x1
20,James Woods,78,108,108,2014,D Grade,10399,1,2014-10-04,5207,c47d369d-f22b-4fb8-8a27-36a66bcd15f8,2014-10-04,0,3,1,0,0,0,0,catch x3
20,James Woods,78,108,108,2014,D Grade,10400,6,2014-11-08,5330,8f999088-27a8-4239-a930-41efdcb7ff44,2014-11-08,0,1,1,0,0,0,0,catch x1
20,James Woods,78,108,108,2014,D Grade,10405,5,2014-11-01,5305,4f7fc831-e32d-413a-9dd7-775503a799d7,2014-11-01,0,1,1,0,0,0,0,catch x1
20,James Woods,78,108,108,2014,D Grade,10409,7,2014-11-15,5356,3049f657-a3ad-4d70-8003-a6027c9a2ebe,2014-11-15,0,2,1,0,1,0,0,catch x2 | stumping x1
20,James Woods,78,108,108,2014,D Grade,10410,9,2014-11-29,5408,1290ae2c-f836-4c42-8ab6-d80c7d8d5dd9,2014-11-29,0,1,1,0,0,0,0,catch x1
20,James Woods,78,108,108,2014,D Grade,10411,8,2014-11-22,5383,22d895fe-a9ad-4475-bda3-ed4c907664a4,2014-11-22,0,1,1,0,0,0,0,catch x1
20,James Woods,78,108,108,2014,D Grade,10413,3,2014-10-18,5258,e8d7b78f-1046-4183-ae34-f53314a405e1,2014-10-18,0,1,1,0,0,0,0,catch x1
20,James Woods,78,108,108,2014,E Grade,10422,11,2014-12-13,5459,239253aa-02aa-4952-b2d6-9511204c992b,2014-12-13,0,3,1,0,0,0,0,catch x3
20,James Woods,78,108,108,2015,C Grade,10481,5,2015-11-07,5779,57e07e63-182d-45dc-b2db-408adca41042,2015-11-07,0,1,1,0,0,0,0,catch x1
20,James Woods,78,108,108,2015,D Grade,10494,4,2015-10-31,5756,30e49fb7-1dc6-402c-8445-1f9196d33378,2015-10-31,0,1,1,0,0,0,0,catch x1
20,James Woods,78,108,108,2017,D Grade,10731,11,2017-12-16,6973,b4a39f98-2afd-4e62-aa02-4107c9243c9f,2017-12-16,0,2,1,0,0,0,0,catch x2
20,James Woods,78,108,108,2017,D Grade,10742,15,2018-02-03,7088,e17090c1-06c7-4aff-9850-db1b3578148f,2018-02-03,0,1,1,0,0,0,0,catch x1
20,James Woods,78,108,108,2018,D Grade,9865,6,2018-11-10,7387,ca4714d2-af2e-43d0-9389-d36d84a0ba56,2018-11-10,0,1,1,0,0,0,0,catch x1
46,Josh Petersen,67,105,105,2006,B Grade,11300,12,2007-01-13,1761,b7c1c5c2-c904-4ea3-9110-0a9cf6645049,2007-01-13,0,1,1,0,0,0,0,catch x1
46,Josh Petersen,67,105,105,2007,A Grade,11216,12,2008-01-12,2172,798b0dcb-b351-4213-8a92-218c9dec471e,2008-01-12,0,1,1,0,0,0,0,catch x1
46,Josh Petersen,67,105,105,2007,A Grade,11219,15,2008-02-16,2251,f78e1244-9c8d-46eb-983b-3ba0bacb593e,2008-02-16,0,2,1,0,0,0,0,catch x2
46,Josh Petersen,67,105,105,2007,A Grade,11221,3,2007-10-27,1983,256221c8-5503-4006-8302-438f4e4ade79,2007-10-27,0,2,1,0,1,0,0,catch x2 | stumping x1
46,Josh Petersen,67,105,105,2007,A Grade,11226,9,2007-12-08,2110,5e3a3847-3db7-4792-a0d9-932febfd552c,2007-12-08,0,1,1,0,0,0,0,catch x1
46,Josh Petersen,67,105,105,2007,A Grade,11228,5,2007-11-10,2026,3d03fc1d-a47b-43e3-8556-a863bab492a5,2007-11-10,0,1,1,0,0,0,0,catch x1
46,Josh Petersen,67,105,105,2008,A Grade,11133,16,2009-02-14,2624,367a6e54-b89d-4ff3-9a16-6dccb1df5949,2009-02-14,0,2,1,0,0,0,0,catch x2
46,Josh Petersen,67,105,105,2008,A Grade,11142,8,2008-11-29,2456,d331c6d1-9728-46b5-9546-0802a10c91c8,2008-11-29,0,1,1,0,0,0,0,catch x1
46,Josh Petersen,67,105,105,2008,A Grade,11144,9,2008-12-06,2477,aead13af-29c7-4d16-8106-1f7c6a139d01,2008-12-06,0,3,1,0,0,0,0,catch x3
46,Josh Petersen,67,105,105,2008,A Grade,11146,,2009-03-28,2716,83c0b578-c145-4443-a776-2d9bd710ee94,2009-03-28,0,2,1,0,1,0,0,catch x2 | stumping x1
46,Josh Petersen,67,105,105,2008,A Grade,11147,19,2009-03-14,2687,d9b39b52-8376-4f4d-9fe7-32ddb0a064f4,2009-03-14,0,2,1,0,0,0,0,catch x2
46,Josh Petersen,67,105,105,2008,A Grade,11152,13,2009-01-17,2562,53946750-602f-43f8-a694-666520a194f9,2009-01-17,0,1,1,0,0,0,0,catch x1
46,Josh Petersen,67,105,105,2008,A Grade,11153,1,2008-10-11,2310,b264d24d-d03c-49a2-87fc-6fa574f66edc,2008-10-11,0,2,1,0,0,0,0,catch x2
46,Josh Petersen,67,105,105,2008,A Grade,11154,4,2008-11-01,2374,40444b03-691a-4321-8a14-90609a516dbb,2008-11-01,0,1,1,0,1,0,0,catch x1 | stumping x1
46,Josh Petersen,67,105,105,2008,A Grade,11156,5,2008-11-08,2396,f9e7bfe1-480b-4124-b6a3-b643914ddb1a,2008-11-08,0,1,1,0,0,0,0,catch x1
46,Josh Petersen,67,105,105,2008,B Grade,11172,3,2008-10-25,2357,0cc81308-f138-4f59-be2b-b8eb9c441a26,2008-10-25,0,2,1,0,1,0,0,catch x2 | stumping x1
46,Josh Petersen,67,105,105,2009,A Grade,11052,16,2010-02-20,3081,4817e1df-8353-4490-a97e-379a6c84ec5d,2010-02-20,0,2,1,0,0,0,0,catch x2
46,Josh Petersen,67,105,105,2009,A Grade,11054,12,2010-01-09,2985,dcad7c9d-8697-4673-8d03-509fd1349042,2010-01-09,0,1,1,0,0,0,0,catch x1
46,Josh Petersen,67,105,105,2009,A Grade,11064,14,2010-02-06,3036,c2ea8c4e-6703-4094-b5eb-d6429af3a36e,2010-02-06,0,3,1,0,0,0,0,catch x3
46,Josh Petersen,67,105,105,2010,A Grade,10951,17,2011-02-27,3602,4cf4ee81-5a59-4f7d-9a3e-0c62e2ff15bf,2011-02-27,0,1,1,0,0,0,0,catch x1
46,Josh Petersen,67,105,105,2010,A Grade,10952,2,2010-10-16,3194,c4bb4f95-de21-4da0-b770-22ffb328a2d6,2010-10-16,0,2,1,0,0,0,0,catch x2
46,Josh Petersen,67,105,105,2010,A Grade,10954,18,2011-03-12,3610,5d991830-b640-4170-b91d-6079802bafdf,2011-03-12,0,3,1,0,2,0,0,catch x3 | stumping x2
46,Josh Petersen,67,105,105,2010,A Grade,10957,7,2010-11-20,3325,95283509-3d17-47f1-8b38-6d138456633c,2010-11-20,0,1,1,0,0,0,0,catch x1
46,Josh Petersen,67,105,105,2010,A Grade,10958,,2011-03-26,3645,b52248bc-8ef8-4acc-b501-70d483f4a520,2011-03-26,0,1,1,0,0,0,0,catch x1
46,Josh Petersen,67,105,105,2010,A Grade,10960,11,2010-12-18,3429,88471122-785b-48be-b320-9c733be2fec8,2010-12-18,0,2,1,0,0,0,0,catch x2
46,Josh Petersen,67,105,105,2010,A Grade,10961,1,2010-10-10,3192,8f9cd12a-02f9-48e7-a380-a71c2524c260,2010-10-10,0,2,1,0,0,0,0,catch x2
46,Josh Petersen,67,105,105,2010,A Grade,10962,5,2010-11-06,3274,ae04e501-3099-41eb-96ed-add47ee79f1e,2010-11-06,0,2,1,0,0,0,0,catch x2
46,Josh Petersen,67,105,105,2010,A Grade,10965,3,2010-10-23,3224,1738bb3e-b9f6-4bb3-b06e-c39c67993ff1,2010-10-23,0,1,1,0,0,0,0,catch x1
46,Josh Petersen,67,105,105,2010,A Grade,10968,10,2010-12-12,3421,be417fac-41d8-44b8-a87f-f49d53ac3d67,2010-12-12,0,2,1,0,0,0,0,catch x2
46,Josh Petersen,67,105,105,2010,B Grade,10980,9,2010-12-04,3382,bdf90111-df37-407e-9d48-9935b0e5b7cc,2010-12-04,0,1,1,0,0,0,0,catch x1
46,Josh Petersen,67,105,105,2010,B Grade,10984,15,2011-02-12,3538,650a7cd2-8c22-440e-b351-ae0d689da390,2011-02-12,0,2,1,0,0,0,0,catch x2
46,Josh Petersen,67,105,105,2011,A Grade,10872,2,2011-10-15,3679,071749e1-57b1-4041-abac-82fcfdd0b8df,2011-10-15,0,1,1,0,1,0,0,catch x1 | stumping x1
46,Josh Petersen,67,105,105,2012,A Grade,10768,10,2012-12-15,4389,98abb5b8-8c22-4869-a500-539863afb3be,2012-12-15,0,1,1,0,1,0,0,catch x1 | stumping x1
46,Josh Petersen,67,105,105,2012,A Grade,10773,7,2012-11-24,4312,2ffbeb39-3713-41ca-959d-6fa03342c4ed,2012-11-24,0,1,1,0,0,0,0,catch x1
46,Josh Petersen,67,105,105,2012,A Grade,10776,14,2013-02-02,4496,7ae34005-b0ec-4246-b69f-9e89211ff64a,2013-02-02,0,1,1,0,0,0,0,catch x1
46,Josh Petersen,67,105,105,2012,A Grade,10777,9,2012-12-08,4365,a9653970-80c5-4558-aac9-a79d1e3de0b3,2012-12-08,0,2,1,0,0,0,0,catch x2
46,Josh Petersen,67,105,105,2012,A Grade,10778,,2013-03-23,4635,1b1a5f7f-b1c3-4c16-9239-bf9d1c5f700e,2013-03-23,0,1,1,0,1,0,0,catch x1 | stumping x1
46,Josh Petersen,67,105,105,2012,B Grade,10794,5,2012-11-10,4267,5e55fc6c-e8fb-427b-b6e7-702474111ac9,2012-11-10,0,3,1,0,0,0,0,catch x3
46,Josh Petersen,67,105,105,2013,A Grade,10238,17,2014-03-08,5116,25415724-74a6-40cb-b0d8-12ca8c12fc94,2014-03-08,0,1,1,0,0,0,0,catch x1
46,Josh Petersen,67,105,105,2013,A Grade,10240,15,2014-02-15,5048,622ad84c-f43f-4b1a-9da9-31fa834b43b0,2014-02-15,0,1,1,0,0,0,0,catch x1
46,Josh Petersen,67,105,105,2013,A Grade,10244,18,2014-03-15,5143,de7c8531-3945-4310-be1f-703d6ee24ad1,2014-03-15,0,1,1,0,0,0,0,catch x1
46,Josh Petersen,67,105,105,2013,A Grade,10250,6,2013-11-16,4785,9f4a477d-2ab5-4869-8fc6-e298a762d119,2013-11-16,0,1,1,0,0,0,0,catch x1
46,Josh Petersen,67,105,105,2013,A Grade,10251,1,2013-10-12,4644,b34d5ead-5f33-4619-8fb8-e70eb75a9540,2013-10-12,0,1,1,0,0,0,0,catch x1
46,Josh Petersen,67,105,105,2014,A Grade,10342,17,2015-02-21,5588,b99b9225-4758-4763-8ca2-1380fdd9131a,2015-02-21,0,1,1,0,1,0,0,catch x1 | stumping x1
46,Josh Petersen,67,105,105,2014,A Grade,10343,5,2014-11-01,5288,ccb269a5-171e-4e22-8af0-30f8f8e167c2,2014-11-01,0,1,1,0,0,0,0,catch x1
46,Josh Petersen,67,105,105,2014,A Grade,10350,14,2015-01-31,5516,32ab6ea6-92bc-47a0-9871-d786991bf641,2015-01-31,0,3,1,0,0,0,0,catch x3
46,Josh Petersen,67,105,105,2014,A Grade,10355,18,2015-03-07,5616,16619912-9e8b-4a84-ba45-e623a94df4b2,2015-03-07,0,1,1,0,0,0,0,catch x1
46,Josh Petersen,67,105,105,2014,A Grade,10358,13,2015-01-10,5492,bba446cc-8d54-44b7-aa71-f5b0add41f1c,2015-01-10,0,1,1,0,0,0,0,catch x1
46,Josh Petersen,67,105,105,2015,A Grade,10450,12,2016-02-06,6050,215bb418-e960-44d2-b5fc-2ef52e462f17,2016-02-06,0,1,1,0,0,0,0,catch x1
46,Josh Petersen,67,105,105,2015,A Grade,10452,13,2016-02-13,6081,753374ff-c572-4635-af9b-41e48eab7d1f,2016-02-13,0,1,1,0,0,0,0,catch x1
46,Josh Petersen,67,105,105,2015,A Grade,10453,7,2015-12-05,5890,ec9614bd-b8b6-4b1c-9a99-598d74377d14,2015-12-05,0,1,1,0,0,0,0,catch x1
46,Josh Petersen,67,105,105,2015,A Grade,10454,5,2015-11-07,5767,c12a5400-7d91-4d3c-8a85-5d536173be9a,2015-11-07,0,2,1,0,0,0,0,catch x2
46,Josh Petersen,67,105,105,2015,B Grade,10472,13,2016-01-16,6008,0afdb9b4-1362-4445-b7cf-e816c409e3f4,2016-01-16,0,1,1,0,0,0,0,catch x1
46,Josh Petersen,67,105,105,2015,PPL,10545,6,2015-11-21,5858,273ef0d4-be51-404d-98c4-a5509e89f519,2015-11-22,0,1,1,0,0,0,2,catch x1 | run out x2
46,Josh Petersen,67,105,105,2016,A Grade,10546,18,2017-03-11,6639,2168e8f5-30e9-407b-b65e-09201f6243a0,2017-03-11,0,2,1,0,0,0,0,catch x2
46,Josh Petersen,67,105,105,2016,A Grade,10548,11,2016-12-17,6443,a72f668b-930e-4da8-88be-1ca75926c6b8,2016-12-17,0,2,1,0,0,0,0,catch x2
46,Josh Petersen,67,105,105,2016,A Grade,10553,9,2016-12-03,6380,55038374-8495-47f8-a00b-709122414e86,2016-12-03,0,2,1,0,0,0,0,catch x2
46,Josh Petersen,67,105,105,2016,A Grade,10554,5,2016-11-05,6271,b45c154a-072a-4bd0-be92-8593c3718e91,2016-11-05,0,2,1,0,0,0,0,catch x2
46,Josh Petersen,67,105,105,2016,A Grade,10556,4,2016-10-29,6244,aa1b1af4-c3b8-4dac-b315-9e0a7297cec6,2016-10-29,0,1,1,0,1,0,0,catch x1 | stumping x1
46,Josh Petersen,67,105,105,2016,A Grade,10561,13,2017-01-28,6505,6c44e037-718a-4f3e-919f-eb58b75eef17,2017-01-28,0,2,1,0,2,0,0,catch x2 | stumping x2
46,Josh Petersen,67,105,105,2016,PPL,10665,3,2016-12-04,6415,3dce1b24-6bf9-4e7b-8160-fbae047995ec,2016-12-05,0,2,1,0,1,0,0,catch x2 | stumping x1
46,Josh Petersen,67,105,105,2021,B Grade,10030,18,2022-02-26,9306,66e87ab0-f320-4c46-adab-2c51f048878a,2022-02-26,0,2,1,0,0,0,0,catch x2
46,Josh Petersen,67,105,105,2022,B Grade,10133,14,2023-02-25,9843,ed486e3f-d1b2-4f23-9afe-3bb64b56ba06,2023-02-25,0,4,1,0,1,0,0,catch x4 | stumping x1
46,Josh Petersen,67,105,105,2022,B Grade,10139,13,2023-02-18,9821,a70407f8-17cd-4d7f-8b9d-99f3d1c47729,2023-02-18,0,2,1,0,0,0,0,catch x2
46,Josh Petersen,67,105,105,2022,B Grade,10142,8,2023-01-14,9675,24ae59fe-d3bf-4680-8cf1-ba8a80f85d80,2023-01-14,0,2,1,0,0,0,0,catch x2
46,Josh Petersen,67,105,105,2022,B Grade,10150,,2022-12-17,9652,539ad157-acfd-4ede-97df-183dfd8c8a51,2022-12-17,0,1,1,0,0,0,1,catch x1 | run out x1
46,Josh Petersen,67,105,105,2022,B Grade,10151,,2022-12-17,9653,03c93090-a26f-42a8-9ff9-763a6c6a87e6,2022-12-17,0,1,1,0,0,0,0,catch x1
1,Chris Phelps,68,77,77,2003,A Grade,11485,4,2003-11-01,563,265e3ecd-cb6b-4c2b-951e-37a8ee953579,2003-11-01,0,1,1,0,0,0,0,catch x1
1,Chris Phelps,68,77,77,2003,A Grade,11488,8,2003-11-29,632,81261829-1eef-4b5d-99d4-6ba8d6f8e99b,2003-11-29,0,1,1,0,0,0,0,catch x1
1,Chris Phelps,68,77,77,2004,A Grade,11433,9,2004-12-11,988,3099abfd-309c-49ab-8031-4ea404e8ae80,2004-12-11,0,1,1,0,0,0,0,catch x1
1,Chris Phelps,68,77,77,2004,A Grade,11436,17,2005-02-26,1137,be22c051-80eb-4acf-9ed8-72edb1cdbcb4,2005-02-26,0,1,1,0,0,0,0,catch x1
1,Chris Phelps,68,77,77,2004,A Grade,11441,2,2004-10-23,871,dffcdefa-e0ac-4fba-81fb-e87f3f0fcb52,2004-10-23,0,1,1,0,0,0,0,catch x1
1,Chris Phelps,68,77,77,2005,A Grade,11361,13,2006-02-04,1428,724d68db-20a7-48f5-9440-27d9316f91c9,2006-02-04,0,1,1,0,0,0,1,catch x1 | run out x1
1,Chris Phelps,68,77,77,2005,A Grade,11366,4,2005-11-05,1223,46e67552-c0dc-4c2a-9da8-b13fc14b1beb,2005-11-05,0,1,1,0,0,0,0,catch x1
1,Chris Phelps,68,77,77,2005,A Grade,11368,1,2005-10-15,1163,8be12df8-adcf-448a-b8b4-b94d05e8fef7,2005-10-15,0,1,1,0,0,0,0,catch x1
1,Chris Phelps,68,77,77,2005,A Grade,11372,9,2005-12-10,1328,5b6d0f6d-cfab-437e-8cc6-da6ac1e05856,2005-12-10,0,2,1,0,0,0,1,catch x2 | run out x1
1,Chris Phelps,68,77,77,2006,A Grade,11282,,2007-03-24,1936,afc9ce8c-f45b-4430-adf9-4d827e865975,2007-03-24,0,1,1,0,0,0,0,catch x1
1,Chris Phelps,68,77,77,2006,A Grade,11284,,2007-03-17,1928,a5d04300-21b9-4133-8596-68cd707d7d2b,2007-03-17,0,2,1,0,0,0,0,catch x2
1,Chris Phelps,68,77,77,2006,A Grade,11288,15,2007-02-03,1816,4d108d7b-756a-4e39-b8e2-8075b2ab53bc,2007-02-03,0,1,1,0,0,0,0,catch x1
1,Chris Phelps,68,77,77,2006,A Grade,11289,5,2006-11-18,1624,60cbe5d2-f5d0-41c5-9578-87a2427ffca0,2006-11-18,0,1,1,0,0,0,0,catch x1
1,Chris Phelps,68,77,77,2006,A Grade,11290,7,2006-12-02,1664,ea658f55-0bc7-4c75-9fc6-96bc83b76033,2006-12-02,0,1,1,0,0,0,0,catch x1
1,Chris Phelps,68,77,77,2006,A Grade,11293,20,2007-03-10,1912,642cc89d-a41b-42aa-98c9-abe73aa0ff61,2007-03-10,0,2,1,0,0,0,0,catch x2
1,Chris Phelps,68,77,77,2006,A Grade,11294,16,2007-02-10,1836,37d3db69-4764-473a-a031-af7cb5695db5,2007-02-10,0,1,1,0,0,0,1,catch x1 | run out x1
1,Chris Phelps,68,77,77,2007,A Grade,11218,17,2008-03-01,2294,24fd44e5-534d-4f83-865a-35790bcc59dd,2008-03-01,0,1,1,0,0,0,0,catch x1
1,Chris Phelps,68,77,77,2007,A Grade,11219,15,2008-02-16,2251,f78e1244-9c8d-46eb-983b-3ba0bacb593e,2008-02-16,0,2,1,0,0,0,0,catch x2
1,Chris Phelps,68,77,77,2007,A Grade,11225,,2008-03-08,2297,954d0535-a66d-4b1e-b662-6a53acbcad46,2008-03-08,0,1,1,0,0,0,0,catch x1
1,Chris Phelps,68,77,77,2007,A Grade,11227,4,2007-11-03,2003,b1e40c5c-7309-45d1-b141-a44471c6c809,2007-11-03,0,1,1,0,0,0,0,catch x1
1,Chris Phelps,68,77,77,2007,A Grade,11228,5,2007-11-10,2026,3d03fc1d-a47b-43e3-8556-a863bab492a5,2007-11-10,0,2,1,0,0,0,0,catch x2
1,Chris Phelps,68,77,77,2007,A Grade,11229,8,2007-12-01,2090,9703327f-5c5b-4e78-81d3-e17d1206010a,2007-12-01,0,1,1,0,0,0,0,catch x1
1,Chris Phelps,68,77,77,2007,B Grade,11234,15,2008-02-09,2235,0f7f2940-5741-4564-89db-6b12a613f34d,2008-02-09,0,1,1,0,0,0,0,catch x1
1,Chris Phelps,68,77,77,2008,A Grade,11133,16,2009-02-14,2624,367a6e54-b89d-4ff3-9a16-6dccb1df5949,2009-02-14,0,1,1,0,0,0,0,catch x1
1,Chris Phelps,68,77,77,2008,A Grade,11141,18,2009-03-07,2666,3b4021fe-9650-42c2-8886-05c6325c1646,2009-03-07,0,2,1,0,0,0,0,catch x2
1,Chris Phelps,68,77,77,2008,A Grade,11145,15,2009-02-07,2604,ef6ba9e3-33ff-4b72-afde-2842dd1fdb12,2009-02-07,0,1,1,0,0,0,0,catch x1
1,Chris Phelps,68,77,77,2008,A Grade,11148,17,2009-02-21,2646,5235d31c-1fcc-47ff-80a0-39096560f0eb,2009-02-21,0,1,1,0,0,0,0,catch x1
1,Chris Phelps,68,77,77,2008,A Grade,11150,6,2008-11-15,2414,725c99a3-d447-42c7-bb08-58431b89ff0c,2008-11-15,0,2,1,0,0,0,0,catch x2
1,Chris Phelps,68,77,77,2008,A Grade,11153,1,2008-10-11,2310,b264d24d-d03c-49a2-87fc-6fa574f66edc,2008-10-11,0,1,1,0,0,0,0,catch x1
1,Chris Phelps,68,77,77,2008,A Grade,11156,5,2008-11-08,2396,f9e7bfe1-480b-4124-b6a3-b643914ddb1a,2008-11-08,0,1,1,0,0,0,0,catch x1
1,Chris Phelps,68,77,77,2009,A Grade,11052,16,2010-02-20,3081,4817e1df-8353-4490-a97e-379a6c84ec5d,2010-02-20,0,1,1,0,0,0,0,catch x1
1,Chris Phelps,68,77,77,2011,A Grade,10861,13,2012-01-28,3974,a778015a-30ee-459a-90c5-1e3eb1442ac2,2012-01-28,0,1,1,0,0,0,0,catch x1
1,Chris Phelps,68,77,77,2011,A Grade,10874,6,2011-11-12,3788,8e1f3e91-b800-46dd-bcb4-aa60c7d0b052,2011-11-12,0,1,1,0,0,0,0,catch x1
1,Chris Phelps,68,77,77,2012,A Grade,10763,17,2013-02-23,4571,ecc4e232-6050-4862-b757-07e669b8148f,2013-02-23,0,1,1,0,0,0,0,catch x1
1,Chris Phelps,68,77,77,2012,A Grade,10767,12,2013-01-12,4443,67d71321-5d3f-4ccc-a136-41b1e32e2e9c,2013-01-12,0,1,1,0,0,0,0,catch x1
1,Chris Phelps,68,77,77,2012,A Grade,10768,10,2012-12-15,4389,98abb5b8-8c22-4869-a500-539863afb3be,2012-12-15,0,1,1,0,0,0,0,catch x1
1,Chris Phelps,68,77,77,2012,A Grade,10777,9,2012-12-08,4365,a9653970-80c5-4558-aac9-a79d1e3de0b3,2012-12-08,0,1,1,0,0,0,0,catch x1
1,Chris Phelps,68,77,77,2013,B Grade,10269,2,2013-10-19,4676,0741a399-563a-4029-822a-c69fbe06da9a,2013-10-19,0,1,1,0,0,0,0,catch x1
1,Chris Phelps,68,77,77,2015,A Grade,10450,12,2016-02-06,6050,215bb418-e960-44d2-b5fc-2ef52e462f17,2016-02-06,0,1,1,0,0,0,0,catch x1
1,Chris Phelps,68,77,77,2015,B Grade,10471,1,2015-10-10,5667,42cf5104-08fc-429e-b47f-d0ff087c0853,2015-10-10,0,1,1,0,0,0,0,catch x1
1,Chris Phelps,68,77,77,2017,A Grade,10668,2,2017-10-14,6711,9ca8b5b5-6355-4593-944e-2e53ea10fa55,2017-10-14,0,1,1,0,0,0,0,catch x1
1,Chris Phelps,68,77,77,2017,A Grade,10670,14,2018-02-03,7071,738b7e8d-fb5c-4439-98c8-353bc8118711,2018-02-03,0,1,1,0,0,0,0,catch x1
1,Chris Phelps,68,77,77,2017,A Grade,10671,7,2017-11-18,6849,1cce953e-a4c4-47d1-81ea-504c1a4e45a4,2017-11-18,0,1,1,0,0,0,0,catch x1
1,Chris Phelps,68,77,77,2018,A Grade,9825,2,2018-10-13,7267,00683633-8417-4b62-ae5d-3ffd6aa134ee,2018-10-13,0,1,1,0,0,0,0,catch x1
1,Chris Phelps,68,77,77,2018,A Grade,9826,14,2019-02-02,7572,d3686c82-7650-4337-a15a-4f5dd691079d,2019-02-02,0,1,1,0,0,0,0,catch x1
1,Chris Phelps,68,77,77,2018,A Grade,9833,8,2018-11-24,7423,52cf376e-7c7e-4823-a86b-95615530a56c,2018-11-24,0,1,1,0,0,0,0,catch x1
1,Chris Phelps,68,77,77,2018,A Grade,9835,5,2018-11-03,7344,af942998-8a8c-4dcc-8b50-9c7065b63c89,2018-11-03,0,1,1,0,0,0,0,catch x1
1,Chris Phelps,68,77,77,2018,A Grade,9839,12,2019-01-05,7527,3b2ba01a-8aea-4f02-a2a5-f45ffe91aed5,2019-01-05,0,1,1,0,0,0,0,catch x1
1,Chris Phelps,68,77,77,2019,A Grade,9882,3,2019-10-26,7790,b691b7fc-b3a3-4f80-9aa2-bda06ea7c972,2019-10-26,0,1,1,0,0,0,0,catch x1
1,Chris Phelps,68,77,77,2020,A Grade,9929,,2021-03-20,8802,8e044972-bb99-4c17-98c4-2512817dbfdd,2021-03-20,0,1,1,0,0,0,0,catch x1
1,Chris Phelps,68,77,77,2020,A Grade,9935,6,2020-11-28,8427,2d422fc1-3a0a-47ee-8949-5b618cc20446,2020-11-28,0,1,1,0,0,0,0,catch x1
1,Chris Phelps,68,77,77,2020,A Grade,9938,8,2020-12-12,8494,f17cd99c-5461-4cf3-ab8b-93bfce75ab21,2020-12-12,0,1,1,0,0,0,0,catch x1
1,Chris Phelps,68,77,77,2021,A Grade,10013,,2022-03-12,9325,e64ec720-6696-4d78-974d-71eac7dd4d23,2022-03-12,0,1,1,0,0,0,0,catch x1
1,Chris Phelps,68,77,77,2021,A Grade,10014,17,2022-02-19,9273,a090dd55-a7ac-4a25-b7a2-79afe332e633,2022-02-19,0,1,1,0,0,0,0,catch x1
1,Chris Phelps,68,77,77,2021,A Grade,10023,1,2021-10-09,8829,d3947eb0-6e83-4b9a-b03d-d0eee238d8cd,2021-10-09,0,1,1,0,0,0,0,catch x1
1,Chris Phelps,68,77,77,2022,A Grade,10120,,2023-03-11,9862,42a1e1eb-110f-4bac-aa1f-351b621551b1,2023-03-11,0,1,1,0,0,0,0,catch x1
1,Chris Phelps,68,77,77,2022,A Grade,10121,1,2022-10-08,9349,80d7a163-0606-4f4d-8b9e-39bd28331dd6,2022-10-08,0,1,1,0,0,0,0,catch x1
1,Chris Phelps,68,77,77,2022,A Grade,10123,3,2022-10-22,9402,feec2da4-5a29-48f8-a00e-4d17c0cb140d,2022-10-22,0,3,1,0,0,0,0,catch x3
1,Chris Phelps,68,77,77,2022,A Grade,10128,11,2022-12-17,9644,d54a97d3-9d1c-4090-b06d-d103da138552,2022-12-17,0,1,1,0,0,0,0,catch x1
1,Chris Phelps,68,77,77,2022,A Grade,10130,17,2023-02-18,9814,36c0f3e6-d317-46a8-a2df-e350f407d010,2023-02-18,0,1,1,0,0,0,0,catch x1
1,Chris Phelps,68,77,77,2023,A Grade,11775,,2024-03-09,10410,3cafad47-eba9-41c7-be25-a7ebd1586c24,2024-03-09,0,1,1,0,0,0,0,catch x1
1,Chris Phelps,68,77,77,2023,B Grade,11798,6,2023-11-11,10037,4015a22a-5980-474d-8029-06f68e1f862e,2023-11-11,0,1,1,0,0,0,0,catch x1
1,Chris Phelps,68,77,77,2023,B Grade,11799,10,2024-02-03,10275,e088c4f1-25cf-44cb-bce1-0dcc60fef593,2024-02-03,0,1,1,0,0,0,0,catch x1
1,Chris Phelps,68,77,77,2024,A Grade,11674,6,2024-11-16,10581,20dfe99d-8cbe-48f9-b4e8-cb63221e4a0b,2024-11-16,0,1,1,0,0,0,0,catch x1
1,Chris Phelps,68,77,77,2024,A Grade,11676,14,2025-02-01,10811,cb188230-c2e2-43a2-a9e2-de00761025b9,2025-02-01,0,1,1,0,0,0,0,catch x1
1,Chris Phelps,68,77,77,2025,A Grade,11522,5,2025-11-01,11102,ead827c4-dc3e-458e-829d-7737c5951324,2025-11-01,0,1,1,0,0,0,1,catch x1 | run out x1
1,Chris Phelps,68,77,77,2025,B Grade,11551,,2026-03-21,11600,990d1e62-d71b-43a8-9509-5ba07f1e9787,2026-03-21,0,1,1,0,0,0,0,catch x1
1,Chris Phelps,68,77,77,2025,B Grade,11617,2,2025-12-06,11245,829d865a-af57-40d2-9a71-597cd41b99b0,2025-12-06,0,1,1,0,0,0,0,catch x1
34,Richard Woods,47,76,76,2008,B Grade,11160,13,2009-01-17,2565,e1de0367-06e8-49bf-9289-055137a14e67,2009-01-17,0,2,1,0,0,0,0,catch x2
34,Richard Woods,47,76,76,2008,B Grade,11161,8,2008-11-29,2461,e4c1d009-0ab1-42b7-b830-3f65be232f28,2008-11-29,0,2,1,0,0,0,0,catch x2
34,Richard Woods,47,76,76,2008,B Grade,11162,7,2008-11-22,2439,ab22482e-e616-47ed-a980-48e5758d6594,2008-11-22,0,1,1,0,0,0,0,catch x1
34,Richard Woods,47,76,76,2008,B Grade,11163,4,2008-11-01,2376,eadd72a0-650d-4bd6-bbd9-6084a9f6724b,2008-11-01,0,1,1,0,0,0,0,catch x1
34,Richard Woods,47,76,76,2008,B Grade,11164,10,2008-12-13,2504,cc9c13d1-1687-427d-8e9a-63ee08d9ea92,2008-12-13,0,2,1,0,0,0,0,catch x2
34,Richard Woods,47,76,76,2008,B Grade,11166,15,2009-02-07,2609,2ffc11e1-eaa8-4372-8fe7-73b3a3a73c8e,2009-02-07,0,2,1,0,1,0,0,catch x2 | stumping x1
34,Richard Woods,47,76,76,2008,B Grade,11167,9,2008-12-06,2484,889af24e-d2da-4abd-81a0-852cacad3bd0,2008-12-06,0,2,1,0,1,0,0,catch x2 | stumping x1
34,Richard Woods,47,76,76,2008,B Grade,11174,14,2009-01-31,2589,7e9afdec-d618-4a62-8ff6-e890e50dbef0,2009-01-31,0,3,1,0,0,0,0,catch x3
34,Richard Woods,47,76,76,2008,D Grade,11197,5,2008-11-08,2407,ca779c62-785b-447c-afb3-117aec7cb072,2008-11-08,0,2,1,0,0,0,0,catch x2
34,Richard Woods,47,76,76,2009,B Grade,11071,12,2010-01-09,2990,31eaea2a-a645-43ea-928e-5d0f93e05e2a,2010-01-09,0,2,1,0,0,0,0,catch x2
34,Richard Woods,47,76,76,2009,B Grade,11079,5,2009-11-07,2824,fd310439-ecd5-4c03-8a0f-a59ac8cf62a9,2009-11-07,0,1,1,0,0,0,0,catch x1
34,Richard Woods,47,76,76,2009,C Grade,11095,10,2009-12-12,2944,4e943286-6968-43e6-a3ee-7c447e6ae571,2009-12-12,0,1,1,0,0,0,0,catch x1
34,Richard Woods,47,76,76,2010,B Grade,10986,1,2010-10-09,3174,91b30413-870d-49a8-8878-b87962fef249,2010-10-09,0,1,1,0,1,0,0,catch x1 | stumping x1
34,Richard Woods,47,76,76,2010,B Grade,10989,3,2010-10-23,3229,e4635de9-fee5-44c0-8feb-f615470eb2e7,2010-10-23,0,3,1,0,0,0,0,catch x3
34,Richard Woods,47,76,76,2010,C Grade,10999,11,2010-12-18,3440,58523326-424d-4e70-82d0-6e77311aa504,2010-12-18,0,1,1,0,0,0,0,catch x1
34,Richard Woods,47,76,76,2010,D Grade,11020,16,2011-02-19,3575,e6582ba6-5350-4cdc-b857-c4dc596936ee,2011-02-19,0,2,1,0,0,0,0,catch x2
34,Richard Woods,47,76,76,2010,D Grade,11021,15,2011-02-12,3549,12e3b70f-6e7a-41d8-a450-c6be5df7f1cb,2011-02-12,0,1,1,0,0,0,0,catch x1
34,Richard Woods,47,76,76,2011,A Grade,10860,,2012-03-24,4146,40590a36-2499-433d-a64c-18c4c28b947c,2012-03-24,0,2,1,0,0,0,0,catch x2
34,Richard Woods,47,76,76,2011,B Grade,10888,1,2011-10-08,3656,0f187d17-662d-4101-9a97-6411ac5a20f0,2011-10-08,0,2,1,0,0,0,0,catch x2
34,Richard Woods,47,76,76,2012,A Grade,10763,17,2013-02-23,4571,ecc4e232-6050-4862-b757-07e669b8148f,2013-02-23,0,1,1,0,0,0,0,catch x1
34,Richard Woods,47,76,76,2012,A Grade,10765,5,2012-11-10,4259,1e12bb58-56e4-4197-8e6f-09e6257a68ce,2012-11-10,0,2,1,0,0,0,0,catch x2
34,Richard Woods,47,76,76,2012,A Grade,10773,7,2012-11-24,4312,2ffbeb39-3713-41ca-959d-6fa03342c4ed,2012-11-24,0,1,1,0,0,0,0,catch x1
34,Richard Woods,47,76,76,2012,A Grade,10782,16,2013-02-16,4549,9e1ab456-64c2-4a28-bfde-fb842b0323e8,2013-02-16,0,2,1,0,1,0,0,catch x2 | stumping x1
34,Richard Woods,47,76,76,2013,A Grade,10237,3,2013-10-26,4696,8817de79-c18a-4eda-b6fd-1070fc25e0d8,2013-10-26,0,1,1,0,0,0,0,catch x1
34,Richard Woods,47,76,76,2013,A Grade,10239,12,2014-01-11,4945,16bf6f42-e294-4ef0-a1c7-2672053ec4c9,2014-01-11,0,2,1,0,0,0,0,catch x2
34,Richard Woods,47,76,76,2013,A Grade,10250,6,2013-11-16,4785,9f4a477d-2ab5-4869-8fc6-e298a762d119,2013-11-16,0,1,1,0,0,0,0,catch x1
34,Richard Woods,47,76,76,2013,A Grade,10251,1,2013-10-12,4644,b34d5ead-5f33-4619-8fb8-e70eb75a9540,2013-10-12,0,2,1,0,0,0,0,catch x2
34,Richard Woods,47,76,76,2014,B Grade,10368,2,2014-10-11,5221,a36135f3-25be-4b9c-a1eb-9befe9f9cde6,2014-10-11,0,2,1,0,1,0,0,catch x2 | stumping x1
34,Richard Woods,47,76,76,2017,D Grade,10735,16,2018-02-10,7127,0c29b851-758f-47d9-97ee-5b6c816c1266,2018-02-10,0,1,1,0,0,0,0,catch x1
34,Richard Woods,47,76,76,2021,A Grade,10025,5,2021-11-06,8935,f5d06ed8-740a-45cc-915f-d41c9312c26a,2021-11-06,0,1,1,0,1,0,0,catch x1 | stumping x1
34,Richard Woods,47,76,76,2021,B Grade,10030,18,2022-02-26,9306,66e87ab0-f320-4c46-adab-2c51f048878a,2022-02-26,0,2,1,0,0,0,0,catch x2
34,Richard Woods,47,76,76,2021,B Grade,10033,1,2021-10-09,8833,334b0e6d-484d-42d2-83f8-485cb8b8d3b8,2021-10-09,0,3,1,0,0,0,0,catch x3
34,Richard Woods,47,76,76,2021,B Grade,10039,13,2022-01-15,9168,5656aba8-c29f-4c94-a9c5-ab45c75de19e,2022-01-15,0,2,1,0,0,0,0,catch x2
34,Richard Woods,47,76,76,2021,B Grade,10040,10,2021-12-11,9089,724a39ec-3e01-46f7-a4eb-c4eb3732dcc3,2021-12-11,0,1,1,0,0,0,0,catch x1
34,Richard Woods,47,76,76,2021,B Grade,10044,14,2022-01-29,9196,2b1dfd52-66fa-4ab4-b565-e4e4c1e70fd8,2022-01-29,0,2,1,0,0,0,1,catch x2 | run out x1
34,Richard Woods,47,76,76,2022,A Grade,10121,1,2022-10-08,9349,80d7a163-0606-4f4d-8b9e-39bd28331dd6,2022-10-08,0,1,1,0,0,0,0,catch x1
34,Richard Woods,47,76,76,2022,B Grade,10132,5,2022-11-05,9468,4264cb47-f278-440f-af69-2e9eb1d0ce04,2022-11-05,0,1,1,0,0,0,0,catch x1
34,Richard Woods,47,76,76,2022,B Grade,10133,14,2023-02-25,9843,ed486e3f-d1b2-4f23-9afe-3bb64b56ba06,2023-02-25,0,2,1,0,0,0,0,catch x2
34,Richard Woods,47,76,76,2022,B Grade,10142,8,2023-01-14,9675,24ae59fe-d3bf-4680-8cf1-ba8a80f85d80,2023-01-14,0,1,1,0,0,0,0,catch x1
34,Richard Woods,47,76,76,2022,B Grade,10145,,2023-03-11,9867,5f9108bf-3541-4c8b-bfe6-ceb655a05451,2023-03-11,0,1,1,0,0,0,0,catch x1
34,Richard Woods,47,76,76,2022,B Grade,10148,6,2022-11-12,9499,a2bf0dd2-981e-4624-9960-f8a756a19482,2022-11-12,0,1,1,0,0,0,0,catch x1
34,Richard Woods,47,76,76,2022,B Grade,10150,,2022-12-17,9652,539ad157-acfd-4ede-97df-183dfd8c8a51,2022-12-17,0,1,1,0,1,0,0,catch x1 | stumping x1
34,Richard Woods,47,76,76,2022,PPL,10231,3,2023-01-11,9665,45b9f14a-35f4-48ff-b75b-2074fbe91d6e,2023-01-11,0,3,1,0,1,0,0,catch x3 | stumping x1
34,Richard Woods,47,76,76,2023,A Grade,11767,11,2023-12-16,10184,e4ad2a94-e3f9-47c8-b449-3159fdcd7524,2023-12-16,0,1,1,0,0,0,0,catch x1
34,Richard Woods,47,76,76,2023,A Grade,11776,16,2024-02-17,10333,5367b5ea-e8c3-404f-a0e5-b554271fec11,2024-02-17,0,1,1,0,0,0,0,catch x1
34,Richard Woods,47,76,76,2023,A Grade,11781,6,2023-11-11,10033,77defd01-5c7c-4a9a-993a-d49523d4eabe,2023-11-11,0,1,1,0,0,0,0,catch x1
34,Richard Woods,47,76,76,2023,A Grade,11782,17,2024-02-24,10361,cdd0e8b9-c7b0-4e8a-8fff-df99d03584c0,2024-02-24,0,3,1,0,1,0,0,catch x3 | stumping x1
7,Matthew Lloyd,58,75,75,2005,B Grade,11387,13,2006-01-28,1414,c3128e48-a458-4e88-8425-d6282b72d881,2006-01-28,0,2,1,0,0,0,0,catch x2
7,Matthew Lloyd,58,75,75,2005,B Grade,11389,9,2005-12-10,1332,cc135307-a206-4ba3-b712-e0db94af9778,2005-12-10,0,1,1,0,0,0,0,catch x1
7,Matthew Lloyd,58,75,75,2005,B Grade,11392,1,2005-10-15,1169,e25d47c5-8ce5-48fd-b487-f36d72d4a60f,2005-10-15,0,1,1,0,0,0,0,catch x1
7,Matthew Lloyd,58,75,75,2006,B Grade,11315,13,2007-01-20,1784,2d8c5069-365d-4331-93da-cc245791f7be,2007-01-20,0,1,1,0,0,0,0,catch x1
7,Matthew Lloyd,58,75,75,2006,C Grade,11321,6,2006-11-25,1652,bfeed141-8390-4373-bb93-1cf85ca207d2,2006-11-25,0,1,1,0,0,0,0,catch x1
7,Matthew Lloyd,58,75,75,2006,C Grade,11331,9,2006-12-16,1711,54dd9e75-bdbe-403a-86a6-8e2e0aff394e,2006-12-16,0,1,1,0,0,0,0,catch x1
7,Matthew Lloyd,58,75,75,2007,B Grade,11244,14,2008-02-02,2218,e59edb4a-5607-47ce-9e8d-f4b3fae40dfa,2008-02-02,0,1,1,0,1,0,0,catch x1 | stumping x1
7,Matthew Lloyd,58,75,75,2008,B Grade,11169,1,2008-10-11,2315,fd989c8b-4914-42e7-8a49-a2b8a9ca7fff,2008-10-11,0,1,1,0,0,0,0,catch x1
7,Matthew Lloyd,58,75,75,2008,C Grade,11179,9,2008-12-06,2485,7e6c5f3d-29a9-4109-8ae8-16c6f797579d,2008-12-06,0,3,1,0,0,0,0,catch x3
7,Matthew Lloyd,58,75,75,2008,C Grade,11193,18,2009-03-07,2678,2b6ccb7e-abca-4393-b668-be99a4afd156,2009-03-07,0,1,1,0,0,0,0,catch x1
7,Matthew Lloyd,58,75,75,2008,D Grade,11212,7,2008-11-22,2455,9de1175d-662d-4765-917f-f2f03366fac3,2008-11-22,0,1,1,0,0,0,0,catch x1
7,Matthew Lloyd,58,75,75,2009,C Grade,11090,2,2009-10-17,2755,3b8a963d-2087-4761-baab-4201fafbd463,2009-10-17,0,1,1,0,0,0,0,catch x1
7,Matthew Lloyd,58,75,75,2010,D Grade,11010,18,2011-03-12,3624,e579da6a-0700-460c-a45b-0e25633ac21a,2011-03-12,0,2,1,0,0,0,0,catch x2
7,Matthew Lloyd,58,75,75,2010,D Grade,11017,17,2011-02-26,3599,acbd047c-4098-46c7-ae40-b37924d0d9f5,2011-02-26,0,1,1,0,0,0,0,catch x1
7,Matthew Lloyd,58,75,75,2010,D Grade,11023,8,2010-11-27,3368,e770565d-e7db-4a08-a07d-f1a603ea45fe,2010-11-27,0,1,1,0,0,0,0,catch x1
7,Matthew Lloyd,58,75,75,2010,E Grade,11042,13,2011-01-29,3505,438f711b-4bf1-44da-8e12-b6faacfe1f33,2011-01-30,0,1,1,0,0,0,0,catch x1
7,Matthew Lloyd,58,75,75,2011,C Grade,10908,2,2011-10-15,3689,3dc2325c-be69-44f6-bfcd-6ebb1ca95fec,2011-10-15,0,1,1,0,0,0,0,catch x1
7,Matthew Lloyd,58,75,75,2011,C Grade,10914,5,2011-11-05,3771,1982db51-e596-4305-97a2-ec500a94b955,2011-11-05,0,1,1,0,0,0,0,catch x1
7,Matthew Lloyd,58,75,75,2011,D Grade,10921,14,2012-02-04,4017,f026d5f5-a588-4c30-aa65-3e1098c3b1e3,2012-02-04,0,2,1,0,0,0,0,catch x2
7,Matthew Lloyd,58,75,75,2011,D Grade,10924,18,2012-03-10,4133,30102858-6e54-4b9c-8ca4-6680a66255f5,2012-03-10,0,1,1,0,0,0,0,catch x1
7,Matthew Lloyd,58,75,75,2011,D Grade,10925,16,2012-02-18,4073,278d711b-d53b-46dd-9437-afbc71dd8d75,2012-02-18,0,1,1,0,0,0,0,catch x1
7,Matthew Lloyd,58,75,75,2011,D Grade,10927,12,2012-01-07,3966,413c3c9c-831d-410e-b94d-cb9e8db5fd84,2012-01-07,0,1,1,0,0,0,0,catch x1
7,Matthew Lloyd,58,75,75,2011,D Grade,10929,11,2011-12-17,3939,e3b15831-b883-4b84-8d13-dbbdc83ad0a8,2011-12-17,0,1,1,0,0,0,0,catch x1
7,Matthew Lloyd,58,75,75,2011,D Grade,10933,13,2012-01-28,3994,017e0db7-cead-41f2-ad50-fe0c106de4f9,2012-01-28,0,1,1,0,0,0,0,catch x1
7,Matthew Lloyd,58,75,75,2012,D Grade,10809,10,2012-12-15,4406,45997251-74b1-45e1-a24e-695d5feb31fe,2012-12-15,0,2,1,0,0,0,0,catch x2
7,Matthew Lloyd,58,75,75,2012,D Grade,10815,1,2012-10-14,4175,283ed5c8-9597-4c21-8f05-cc73badde252,2012-10-14,0,1,1,0,0,0,0,catch x1
7,Matthew Lloyd,58,75,75,2012,C Grade,10827,12,2013-01-12,4451,174dd070-1398-4553-a2fa-4ab3c98f4b63,2013-01-12,0,1,1,0,0,0,0,catch x1
7,Matthew Lloyd,58,75,75,2012,C Grade,10831,17,2013-02-23,4582,b8d0766d-aff7-4cda-ab49-64c4ed127692,2013-02-23,0,1,1,0,0,0,0,catch x1
7,Matthew Lloyd,58,75,75,2012,C Grade,10838,16,2013-02-16,4558,a01d091a-f372-48dc-bf1d-e96aafee3961,2013-02-16,0,2,1,0,0,0,0,catch x2
7,Matthew Lloyd,58,75,75,2013,C Grade,10284,13,2014-02-01,4993,192191eb-0bea-485f-b8fa-a94f3e98caf2,2014-02-01,0,1,1,0,0,0,0,catch x1
7,Matthew Lloyd,58,75,75,2013,D Grade,10295,3,2013-10-26,4711,6ada4d60-55d3-489f-a09c-6937231eaeca,2013-10-26,0,2,1,0,0,0,1,catch x2 | run out x1
7,Matthew Lloyd,58,75,75,2015,C Grade,10477,2,2015-10-17,5697,d9558eeb-c959-4c97-b9f8-10bf4016978c,2015-10-17,0,1,1,0,0,0,0,catch x1
7,Matthew Lloyd,58,75,75,2015,C Grade,10481,5,2015-11-07,5779,57e07e63-182d-45dc-b2db-408adca41042,2015-11-07,0,1,1,0,0,0,0,catch x1
7,Matthew Lloyd,58,75,75,2015,C Grade,10482,17,2016-02-20,6119,e989f322-74de-4973-83f0-482122b3cfc0,2016-02-20,0,1,1,0,0,0,0,catch x1
7,Matthew Lloyd,58,75,75,2015,C Grade,10483,,2016-02-27,6140,89d25a47-43c8-469a-90ce-61db7ce4844b,2016-02-27,0,1,1,0,0,0,0,catch x1
7,Matthew Lloyd,58,75,75,2015,C Grade,10488,10,2015-12-12,5932,b1675480-353d-4aad-a6bd-859ceff9ea7d,2015-12-12,0,1,1,0,0,0,0,catch x1
7,Matthew Lloyd,58,75,75,2015,C Grade,10491,15,2016-02-06,6065,cc4f6b87-5596-416b-a4cc-a6a2b9d5e172,2016-02-06,0,2,1,0,0,0,0,catch x2
7,Matthew Lloyd,58,75,75,2016,C Grade,10585,12,2017-01-07,6489,08c49e28-4ef8-4850-9b42-684e0549c478,2017-01-07,0,1,1,0,0,0,0,catch x1
7,Matthew Lloyd,58,75,75,2017,C Grade,10707,7,2017-11-18,6861,312ca937-445a-4a59-998b-043d7c32ca1e,2017-11-18,0,1,1,0,0,0,0,catch x1
7,Matthew Lloyd,58,75,75,2017,D Grade,10726,12,2018-01-06,7005,269760a5-a4ce-4477-9d5f-018d485a5801,2018-01-06,0,1,1,0,0,0,0,catch x1
7,Matthew Lloyd,58,75,75,2017,D Grade,10728,8,2017-11-25,6894,ba67295c-f6dc-4e5e-9b8f-0ced84f31e36,2017-11-25,0,1,1,0,0,0,0,catch x1
7,Matthew Lloyd,58,75,75,2017,D Grade,10729,17,2018-02-17,7153,fc85df03-54d3-4b43-9336-253fbaba82a3,2018-02-17,0,2,1,0,0,0,0,catch x2
7,Matthew Lloyd,58,75,75,2017,D Grade,10731,11,2017-12-16,6973,b4a39f98-2afd-4e62-aa02-4107c9243c9f,2017-12-16,0,2,1,0,0,0,0,catch x2
7,Matthew Lloyd,58,75,75,2017,D Grade,10733,3,2017-10-21,6756,193ccd51-c6aa-4c83-96a5-489c796216fd,2017-10-21,0,2,1,0,0,0,0,catch x2
7,Matthew Lloyd,58,75,75,2017,D Grade,10734,6,2017-11-11,6838,986554b3-fa1a-4447-9e9a-53a67c9adaf6,2017-11-11,0,1,1,0,0,0,0,catch x1
7,Matthew Lloyd,58,75,75,2017,D Grade,10736,10,2017-12-09,6952,da7f5c6c-e57c-46ec-ae86-871b4e7ef891,2017-12-09,0,2,1,0,0,0,0,catch x2
7,Matthew Lloyd,58,75,75,2018,D Grade,9862,13,2019-01-12,7567,86fb8500-2ec6-4e24-9b37-acc5bf84283f,2019-01-12,0,1,1,0,0,0,0,catch x1
7,Matthew Lloyd,58,75,75,2020,B Grade,9952,3,2020-11-14,8371,636ccf41-224c-47b0-94e2-a578d6d04cad,2020-11-14,0,1,1,0,0,0,0,catch x1
7,Matthew Lloyd,58,75,75,2020,D Grade,9967,11,2021-01-30,8625,5f557664-e7c9-4e5e-a62a-6c89774791f6,2021-01-30,0,1,1,0,0,0,0,catch x1
7,Matthew Lloyd,58,75,75,2020,D Grade,9975,,2021-03-20,8811,c6614c0f-5301-4357-abd8-a87b05d6198d,2021-03-20,0,1,1,0,0,0,0,catch x1
7,Matthew Lloyd,58,75,75,2020,D Grade,9976,13,2021-02-13,8689,3c28282a-18d2-45af-aca2-b3cf6451da62,2021-02-13,0,2,1,0,0,0,0,catch x2
7,Matthew Lloyd,58,75,75,2020,D Grade,9977,7,2020-12-12,8511,150c9586-3c11-49a6-861f-e410adaea036,2020-12-12,0,1,1,0,0,0,0,catch x1
7,Matthew Lloyd,58,75,75,2020,D Grade,9980,16,2021-03-13,8795,385c6d72-8c36-4d52-82a0-fc95ae745ea8,2021-03-13,0,1,1,0,0,0,0,catch x1
7,Matthew Lloyd,58,75,75,2021,D Grade,10060,4,2021-10-30,8921,a749244a-24e0-4806-a4a0-a2dfc5018e55,2021-10-30,0,2,1,0,0,0,0,catch x2
7,Matthew Lloyd,58,75,75,2022,D Grade,10177,7,2022-11-19,9536,e9424773-ef9a-4648-8ebb-27930b0bfc89,2022-11-19,0,2,1,0,0,0,0,catch x2
7,Matthew Lloyd,58,75,75,2022,D Grade,10178,4,2022-10-29,9449,dd5257c2-a553-4250-af0c-292afb86c74d,2022-10-29,0,2,1,0,0,0,0,catch x2
7,Matthew Lloyd,58,75,75,2022,D Grade,10184,12,2023-02-11,9802,e5bbf347-490d-4deb-bc90-6c4e35460766,2023-02-11,0,1,1,0,0,0,0,catch x1
7,Matthew Lloyd,58,75,75,2022,D Grade,10188,1,2022-11-26,9572,bac1f2a8-ae40-479d-b42b-39090b5680c3,2022-11-26,0,1,1,0,0,0,0,catch x1
25,Cameron Hill,50,75,75,2004,B Grade,11458,4,2004-11-06,910,6be16890-50c7-42c0-80a5-a2e9e2d0fea7,2004-11-06,0,1,1,0,0,0,0,catch x1
25,Cameron Hill,50,75,75,2005,C Grade,11395,11,2006-01-14,1382,82c42653-9d0a-467a-bf9a-2d558ca1292e,2006-01-14,0,1,1,0,0,0,0,catch x1
25,Cameron Hill,50,75,75,2005,C Grade,11396,17,2006-02-25,1499,11351c72-d2d6-4fc1-9216-2fffd46b2571,2006-02-25,0,1,1,0,0,0,0,catch x1
25,Cameron Hill,50,75,75,2005,C Grade,11404,13,2006-01-28,1416,3fd3ccae-c8dc-4c8b-9025-b011ec486704,2006-01-28,0,1,1,0,0,0,0,catch x1
25,Cameron Hill,50,75,75,2005,C Grade,11406,8,2005-12-03,1315,009052d4-80b4-437c-b94c-b77922378d81,2005-12-03,0,2,1,0,0,0,0,catch x2
25,Cameron Hill,50,75,75,2005,C Grade,11408,10,2005-12-17,1359,27737ceb-f334-49e0-a60c-db54e0d9112d,2005-12-17,0,1,1,0,0,0,0,catch x1
25,Cameron Hill,50,75,75,2005,C Grade,11410,9,2005-12-10,1337,d13a0dcf-42c4-4f21-8773-ebc6302e081b,2005-12-10,0,3,1,0,0,0,0,catch x3
25,Cameron Hill,50,75,75,2021,F Grade,10015,10,2021-12-11,9082,caeb76fe-0ea9-4df0-af7e-83385467aeee,2021-12-11,0,1,1,0,1,0,0,catch x1 | stumping x1
25,Cameron Hill,50,75,75,2021,F Grade,10081,11,2021-12-18,9111,dbe12a1d-0d69-457e-9e19-1c903ed1aa56,2021-12-18,0,1,1,0,1,0,0,catch x1 | stumping x1
25,Cameron Hill,50,75,75,2021,F Grade,10084,3,2021-10-23,8882,2dbffa5b-3810-4e2d-b42d-41fcbc18a027,2021-10-23,0,1,1,0,0,0,0,catch x1
25,Cameron Hill,50,75,75,2021,F Grade,10085,1,2021-10-09,8830,1643b0a7-676b-4353-935c-6496229a03ba,2021-10-09,0,2,1,0,0,0,0,catch x2
25,Cameron Hill,50,75,75,2021,F Grade,10087,15,2022-02-05,9220,0c11dbdd-2e4b-411c-9537-84f48b8e2aca,2022-02-05,0,2,1,0,1,0,0,catch x2 | stumping x1
25,Cameron Hill,50,75,75,2021,F Grade,10088,14,2022-01-29,9190,7e514c66-4135-401b-96b0-84fe10bda557,2022-01-29,0,1,1,0,0,0,0,catch x1
25,Cameron Hill,50,75,75,2021,F Grade,10090,17,2022-02-19,9277,cf19f9b9-dcd2-4c80-aca0-ac1d29705ffa,2022-02-19,0,1,1,0,0,0,0,catch x1
25,Cameron Hill,50,75,75,2021,F Grade,10092,18,2022-02-26,9305,79083122-152f-4601-8fc9-e77bf7a005eb,2022-02-26,0,1,1,0,0,0,0,catch x1
25,Cameron Hill,50,75,75,2021,F Grade,10093,2,2021-10-16,8855,f743c5d1-1d24-4067-84d8-ed179308f95d,2021-10-16,0,1,1,0,0,0,0,catch x1
25,Cameron Hill,50,75,75,2021,F Grade,10096,8,2021-11-27,9026,8a7c9bde-0eda-4344-89a6-fc215259e472,2021-11-27,0,1,1,0,0,0,0,catch x1
25,Cameron Hill,50,75,75,2022,D Grade,10179,10,2023-01-28,9740,edec7441-b762-4097-9f5a-35d5912698b3,2023-01-28,0,1,1,0,0,0,0,catch x1
25,Cameron Hill,50,75,75,2022,D Grade,10180,11,2023-02-04,9772,08856763-84ff-4c00-926f-36c853eddd2f,2023-02-04,0,3,1,0,0,0,0,catch x3
25,Cameron Hill,50,75,75,2022,D Grade,10184,12,2023-02-11,9802,e5bbf347-490d-4deb-bc90-6c4e35460766,2023-02-11,0,2,1,0,0,0,0,catch x2
25,Cameron Hill,50,75,75,2022,E Grade,10192,4,2022-10-29,9454,0ee6f0b1-1c02-413e-ab37-3be51623e040,2022-10-29,0,2,1,0,0,0,0,catch x2
25,Cameron Hill,50,75,75,2022,F Grade,10206,3,2022-10-22,9407,7da47a2a-40f8-4fd3-86ac-10d47bc99150,2022-10-22,0,1,1,0,0,0,0,catch x1
25,Cameron Hill,50,75,75,2022,F Grade,10208,7,2022-11-19,9526,24f25415-3376-4f9f-a617-580e0c3dc467,2022-11-19,0,3,1,0,0,0,0,catch x3
25,Cameron Hill,50,75,75,2022,F Grade,10213,1,2022-10-08,9355,87ce3e89-d491-4c9d-b2ac-f84479b19d96,2022-10-08,0,2,1,0,0,0,0,catch x2
25,Cameron Hill,50,75,75,2022,F Grade,10215,3,2022-12-10,9622,63b0f879-f617-4763-ad1c-3e9411ea2af0,2022-12-10,0,2,1,0,0,0,0,catch x2
25,Cameron Hill,50,75,75,2022,F Grade,10217,2,2022-12-03,9589,f5ddb184-d648-4855-bbd2-9091d098ec2c,2022-12-03,0,2,1,0,0,0,0,catch x2
25,Cameron Hill,50,75,75,2023,E Grade,11830,2,2023-10-14,9925,5d7858af-ca07-429f-ab4b-1050e6c0d777,2023-10-14,0,1,1,0,0,0,0,catch x1
25,Cameron Hill,50,75,75,2023,E Grade,11835,13,2024-02-24,10375,ec7561e3-cd83-4c81-9d50-96b54067ff0d,2024-02-24,0,2,1,0,0,0,0,catch x2
25,Cameron Hill,50,75,75,2023,E Grade,11837,8,2024-01-13,10224,dcfbb8d4-4d1e-4752-82a4-b1827510b87d,2024-01-13,0,1,1,0,0,0,0,catch x1
25,Cameron Hill,50,75,75,2023,E Grade,11838,,2024-03-10,10425,7c33aa40-0ff5-4b63-b88a-bb0a739975b5,2024-03-10,0,1,1,0,0,0,0,catch x1
25,Cameron Hill,50,75,75,2023,E Grade,11840,1,2023-10-07,9901,39c3eb46-5fd2-42fd-b8da-d190d439a7f3,2023-10-07,0,1,1,0,0,0,0,catch x1
25,Cameron Hill,50,75,75,2023,E Grade,11841,14,2024-03-02,10403,4de295d5-f6c0-4bde-9e08-df41650b080a,2024-03-02,0,4,1,0,0,0,0,catch x4
25,Cameron Hill,50,75,75,2023,E Grade,11843,4,2023-10-28,9985,a323ff7d-100b-4335-8316-f56b3779341a,2023-10-28,0,4,1,0,0,0,0,catch x4
25,Cameron Hill,50,75,75,2023,E Grade,11844,10,2024-02-03,10286,b6ef5084-8e08-4da3-9b85-fbf7717a1612,2024-02-03,0,1,1,0,0,0,1,catch x1 | run out x1
25,Cameron Hill,50,75,75,2023,E Grade,11882,,2023-12-16,10196,8b524e7c-eb9d-4a31-84ac-91a4dd4e1fd0,2023-12-16,0,1,1,0,0,0,0,catch x1
25,Cameron Hill,50,75,75,2024,D Grade,11693,14,2025-03-01,10932,b6bfacf8-00c0-4ca3-8db7-0a21783a052a,2025-03-01,0,1,1,0,0,0,0,catch x1
25,Cameron Hill,50,75,75,2024,D Grade,11694,7,2024-11-23,10618,ac14695c-a801-43ad-8b84-2de7f8a70d09,2024-11-23,0,1,1,0,0,0,0,catch x1
25,Cameron Hill,50,75,75,2024,E Grade,11705,12,2025-02-15,10878,61528c3e-7ead-4eca-b73d-056c80f770dd,2025-02-15,0,1,1,0,0,0,0,catch x1
25,Cameron Hill,50,75,75,2024,E Grade,11706,4,2024-11-02,10531,a4ba19fd-8359-47d2-b581-0f3e9eaa4792,2024-11-02,0,2,1,0,0,0,0,catch x2
25,Cameron Hill,50,75,75,2024,E Grade,11707,11,2025-02-08,10850,3408a4eb-6ad4-4e0c-99d2-0fd46e62fac7,2025-02-08,0,1,1,0,0,0,0,catch x1
25,Cameron Hill,50,75,75,2024,E Grade,11710,,2025-03-22,10969,9aa1020e-f697-4a87-8bd9-51d0ea49f185,2025-03-22,0,1,1,0,0,0,0,catch x1
25,Cameron Hill,50,75,75,2024,E Grade,11711,2,2024-10-19,10469,fd9c7f02-736f-4fc2-b579-7832a73607cd,2024-10-19,0,2,1,0,0,0,0,catch x2
25,Cameron Hill,50,75,75,2025,D Grade,11558,2,2025-10-11,11007,1a4338b3-f388-4b4b-b368-042ab947a45f,2025-10-11,0,1,1,0,0,0,0,catch x1
25,Cameron Hill,50,75,75,2025,D Grade,11561,,2026-03-07,11581,11fa2076-467d-4177-96a5-3d4cb7a534a3,2026-03-07,0,1,1,0,0,0,0,catch x1
25,Cameron Hill,50,75,75,2025,D Grade,11563,14,2026-02-28,11554,69dfbed6-faea-4cf2-b03e-5d221f51bc3a,2026-02-28,0,2,1,0,1,0,0,catch x2 | stumping x1
25,Cameron Hill,50,75,75,2025,D Grade,11566,7,2025-11-15,11185,2e3c8c17-74e3-4d6b-a9a3-78d0e34ffd41,2025-11-15,0,1,1,0,1,0,0,catch x1 | stumping x1
25,Cameron Hill,50,75,75,2025,D Grade,11567,10,2026-01-31,11416,b84ce6e5-e7c5-4710-93a7-7eef68e91d05,2026-01-31,0,1,1,0,1,0,0,catch x1 | stumping x1
25,Cameron Hill,50,75,75,2025,D Grade,11621,,2025-12-20,11324,d454b302-a7df-43ea-9c9d-5657d3b9fc6d,2025-12-20,0,2,1,0,0,0,0,catch x2
25,Cameron Hill,50,75,75,2025,D Grade,11622,3,2025-12-13,11292,b526b0c4-b490-4264-a188-69d228905ae4,2025-12-13,0,1,1,0,0,0,0,catch x1
25,Cameron Hill,50,75,75,2025,D Grade,11624,1,2025-11-29,11222,89626841-3598-49b4-99be-e0920f9081d8,2025-11-29,0,1,1,0,0,0,0,catch x1
43,Jack Manuel,50,66,66,2015,A Grade,10450,12,2016-02-06,6050,215bb418-e960-44d2-b5fc-2ef52e462f17,2016-02-06,0,1,1,0,0,0,1,catch x1 | run out x1
43,Jack Manuel,50,66,66,2016,A Grade,10554,5,2016-11-05,6271,b45c154a-072a-4bd0-be92-8593c3718e91,2016-11-05,0,1,1,0,0,0,0,catch x1
43,Jack Manuel,50,66,66,2020,A Grade,9931,9,2020-12-19,8524,547b1ff5-2be6-4e91-9003-2c22fdd47fb6,2020-12-19,0,3,1,0,0,0,0,catch x3
43,Jack Manuel,50,66,66,2020,A Grade,9932,16,2021-02-27,8736,c24efb3e-80e2-49bf-ad00-4413325dab14,2021-02-27,0,1,1,0,0,0,0,catch x1
43,Jack Manuel,50,66,66,2020,A Grade,9933,,2021-03-27,8820,464fc964-5be4-4214-a991-45221d9ab3e6,2021-03-27,0,1,1,0,0,0,0,catch x1
43,Jack Manuel,50,66,66,2020,A Grade,9936,18,2021-03-13,8774,12da1ea8-7752-4051-bd41-603e3dda8682,2021-03-13,0,1,1,0,0,0,0,catch x1
43,Jack Manuel,50,66,66,2020,A Grade,9937,15,2021-02-20,8707,76c4438a-7af0-408b-9ee3-6f543a75fecc,2021-02-20,0,2,1,0,0,0,0,catch x2
43,Jack Manuel,50,66,66,2020,A Grade,9938,8,2020-12-12,8494,f17cd99c-5461-4cf3-ab8b-93bfce75ab21,2020-12-12,0,1,1,0,0,0,0,catch x1
43,Jack Manuel,50,66,66,2020,A Grade,9939,10,2021-01-09,8554,8baef433-44b0-461a-b868-b5334f7031fc,2021-01-09,0,1,1,0,0,0,0,catch x1
43,Jack Manuel,50,66,66,2020,A Grade,9943,,2021-03-21,8814,f0e4d3c3-a37d-4e5f-a911-d95362343525,2021-03-21,0,2,1,0,0,0,0,catch x2
43,Jack Manuel,50,66,66,2020,A Grade,9944,12,2021-01-30,8608,59c7c493-6b99-4345-94ac-eb0a21a0144b,2021-01-30,0,2,1,0,0,0,0,catch x2
43,Jack Manuel,50,66,66,2020,A Grade,9946,3,2020-11-07,8330,147417eb-c43b-4b67-abed-fac714d4d0e3,2020-11-07,0,1,1,0,0,0,0,catch x1
43,Jack Manuel,50,66,66,2021,A Grade,10008,9,2021-12-04,9052,fb47955b-a3a6-46c1-8965-35e0499a1067,2021-12-04,0,2,1,0,0,0,0,catch x2
43,Jack Manuel,50,66,66,2021,A Grade,10010,16,2022-02-12,9243,782ae569-a140-43c4-a787-3cc7bf0f9d53,2022-02-12,0,3,1,0,0,0,0,catch x3
43,Jack Manuel,50,66,66,2021,A Grade,10011,4,2021-10-30,8907,78ae622f-7f48-458d-824a-58104082b75e,2021-10-30,0,2,1,0,0,0,0,catch x2
43,Jack Manuel,50,66,66,2021,A Grade,10013,,2022-03-12,9325,e64ec720-6696-4d78-974d-71eac7dd4d23,2022-03-12,0,2,1,0,0,0,0,catch x2
43,Jack Manuel,50,66,66,2021,A Grade,10022,13,2022-01-15,9163,ed062eb6-a1aa-4f11-8351-c8e0f5308fba,2022-01-15,0,1,1,0,0,0,0,catch x1
43,Jack Manuel,50,66,66,2021,PPL,10113,,2022-03-02,9323,251120d2-183d-466c-bbc9-663e20259f90,2022-03-02,0,1,1,0,0,0,0,catch x1
43,Jack Manuel,50,66,66,2022,A Grade,10116,8,2022-11-26,9554,c0e6e7ee-7f55-4cbd-817c-10b2f4b1f58f,2022-11-26,0,1,1,0,0,0,0,catch x1
43,Jack Manuel,50,66,66,2022,A Grade,10118,5,2022-11-05,9461,6fb94e0a-0eae-4580-ba41-27144fbdd80b,2022-11-05,0,1,1,0,0,0,0,catch x1
43,Jack Manuel,50,66,66,2022,A Grade,10119,14,2023-01-28,9726,7c4874c3-498a-4b88-ae9c-3514db99ebfd,2023-01-28,0,1,1,0,0,0,0,catch x1
43,Jack Manuel,50,66,66,2022,A Grade,10120,,2023-03-11,9862,42a1e1eb-110f-4bac-aa1f-351b621551b1,2023-03-11,0,2,1,0,0,0,0,catch x2
43,Jack Manuel,50,66,66,2022,A Grade,10121,1,2022-10-08,9349,80d7a163-0606-4f4d-8b9e-39bd28331dd6,2022-10-08,0,1,1,0,0,0,0,catch x1
43,Jack Manuel,50,66,66,2022,A Grade,10122,16,2023-02-11,9785,4a64b8d3-1363-4f33-9d91-4576ad16363d,2023-02-11,0,1,1,0,0,0,0,catch x1
43,Jack Manuel,50,66,66,2022,A Grade,10123,3,2022-10-22,9402,feec2da4-5a29-48f8-a00e-4d17c0cb140d,2022-10-22,0,1,1,0,0,0,0,catch x1
43,Jack Manuel,50,66,66,2022,A Grade,10129,,2023-03-25,9880,dd4cea57-a9fa-45c4-8c30-dbfc0870b0cd,2023-03-25,0,1,1,0,0,0,0,catch x1
43,Jack Manuel,50,66,66,2022,A Grade,10130,17,2023-02-18,9814,36c0f3e6-d317-46a8-a2df-e350f407d010,2023-02-18,0,1,1,0,0,0,0,catch x1
43,Jack Manuel,50,66,66,2022,A Grade,10131,2,2022-10-15,9378,93495ca7-f311-4ff4-93a3-e7e810cf4641,2022-10-15,0,1,1,0,0,0,0,catch x1
43,Jack Manuel,50,66,66,2022,PPL,10234,2,2022-11-16,9519,b231c436-16b2-4a72-8857-a00c32903b58,2022-11-16,0,1,1,0,0,0,0,catch x1
43,Jack Manuel,50,66,66,2023,A Grade,11764,9,2023-12-02,10123,8c91bebc-bfbd-4385-973b-05bc55721b1c,2023-12-02,0,2,1,0,0,0,0,catch x2
43,Jack Manuel,50,66,66,2023,A Grade,11765,,2024-03-10,10421,39b291d2-27c9-43c9-b539-06ee76ca04a9,2024-03-10,0,1,1,0,0,0,0,catch x1
43,Jack Manuel,50,66,66,2023,A Grade,11767,11,2023-12-16,10184,e4ad2a94-e3f9-47c8-b449-3159fdcd7524,2023-12-16,0,1,1,0,0,0,0,catch x1
43,Jack Manuel,50,66,66,2023,A Grade,11770,,2024-03-16,10427,0d0373fa-d11a-433b-aa41-487d18d9c868,2024-03-16,0,1,1,0,0,0,0,catch x1
43,Jack Manuel,50,66,66,2023,A Grade,11774,4,2023-10-28,9970,b6cdd5c3-f9f8-4ffa-9a04-8bf09fe64995,2023-10-28,0,3,1,0,0,0,0,catch x3
43,Jack Manuel,50,66,66,2023,A Grade,11778,7,2023-11-18,10061,8731f731-1b27-48b8-ac2b-c3168f35f223,2023-11-18,0,1,1,0,0,0,0,catch x1
43,Jack Manuel,50,66,66,2023,A Grade,11782,17,2024-02-24,10361,cdd0e8b9-c7b0-4e8a-8fff-df99d03584c0,2024-02-24,0,1,1,0,0,0,0,catch x1
43,Jack Manuel,50,66,66,2024,A Grade,11661,7,2024-11-23,10608,ceb85088-0f9e-41b8-8f0d-027799692c94,2024-11-23,0,1,1,0,0,0,0,catch x1
43,Jack Manuel,50,66,66,2024,A Grade,11664,,2025-03-22,10965,8db3a493-4710-4bf2-808a-1dcdb6169653,2025-03-22,0,1,1,0,0,0,0,catch x1
43,Jack Manuel,50,66,66,2024,A Grade,11665,15,2025-02-08,10837,af297343-2642-4316-9582-28e0f0bc8934,2025-02-08,0,1,1,0,0,0,0,catch x1
43,Jack Manuel,50,66,66,2024,A Grade,11667,3,2024-10-26,10488,990c3a05-3185-43d5-b415-367fef8e7b2a,2024-10-26,0,1,1,0,0,0,0,catch x1
43,Jack Manuel,50,66,66,2024,A Grade,11668,9,2024-12-07,10669,071288e4-aec5-43d8-98fa-7de27fde2d42,2024-12-07,0,1,1,0,0,0,0,catch x1
43,Jack Manuel,50,66,66,2024,A Grade,11669,12,2025-01-11,10749,8d6b42f7-d172-4f1b-b72c-870bfcf449c1,2025-01-11,0,1,1,0,0,0,0,catch x1
43,Jack Manuel,50,66,66,2024,A Grade,11670,10,2024-12-14,10701,9afc87ac-fe16-4e16-854f-95057171fb87,2024-12-14,0,2,1,0,0,0,0,catch x2
43,Jack Manuel,50,66,66,2024,A Grade,11671,1,2024-10-12,10435,4d4c4944-3313-4859-b0fe-95b06f21f47b,2024-10-12,0,1,1,0,0,0,0,catch x1
43,Jack Manuel,50,66,66,2024,A Grade,11678,,2025-03-08,10947,34009b1d-7943-4701-91e3-ed5ab868fc0f,2025-03-08,0,2,1,0,0,0,0,catch x2
43,Jack Manuel,50,66,66,2025,A Grade,11510,10,2025-12-13,11283,a07844b6-77da-462a-8919-02911225b7d2,2025-12-13,0,1,1,0,0,0,0,catch x1
43,Jack Manuel,50,66,66,2025,A Grade,11521,3,2025-10-18,11030,62b0c045-ea18-4495-ae4d-69e02b173c2a,2025-10-18,0,1,1,0,0,0,0,catch x1
43,Jack Manuel,50,66,66,2025,A Grade,11523,6,2025-11-08,11133,2181a00e-704d-4af3-8a6d-7cf29a86f6f3,2025-11-08,0,1,1,0,0,0,0,catch x1
43,Jack Manuel,50,66,66,2025,A Grade,11527,,2026-03-14,11590,3a03f450-57d8-4579-97ec-cf1887139f82,2026-03-14,0,1,1,0,0,0,0,catch x1
43,Jack Manuel,50,66,66,2025,PPL,11613,,2026-02-24,11541,3aebf284-663e-47a7-93cd-e9aa93d22c48,2026-02-24,0,1,1,0,0,0,0,catch x1
44,Josh Rudge,52,66,66,2019,A Grade,9873,16,2020-02-15,8167,3132042c-8dca-4013-a4c7-1b2f5bfbb00f,2020-02-15,0,2,1,0,0,0,1,catch x2 | run out x1
44,Josh Rudge,52,66,66,2019,A Grade,9876,9,2019-12-07,7971,ab85590a-8a4b-453c-a420-3887a909e631,2019-12-07,0,1,1,0,0,0,0,catch x1
44,Josh Rudge,52,66,66,2019,A Grade,9878,14,2020-02-01,8109,775f5adf-e888-4038-9907-5b1682dd9053,2020-02-01,0,1,1,0,0,0,0,catch x1
44,Josh Rudge,52,66,66,2019,A Grade,9879,7,2019-11-23,7913,2cd61632-6085-4b11-897a-6a5f0aff6c04,2019-11-23,0,1,1,0,0,0,0,catch x1
44,Josh Rudge,52,66,66,2019,A Grade,9885,12,2020-01-11,8061,c10191cc-f46a-4240-84bb-fde6b683701f,2020-01-11,0,1,1,0,0,0,0,catch x1
44,Josh Rudge,52,66,66,2019,B Grade,9891,4,2019-11-02,7826,a7f973c0-d414-4146-8cea-9e9f1243187f,2019-11-02,0,1,1,0,0,0,0,catch x1
44,Josh Rudge,52,66,66,2020,A Grade,9928,7,2020-12-05,8462,5e0dfb2d-874b-46bb-bf92-224070106567,2020-12-05,0,1,1,0,0,0,1,catch x1 | run out x1
44,Josh Rudge,52,66,66,2020,A Grade,9929,,2021-03-20,8802,8e044972-bb99-4c17-98c4-2512817dbfdd,2021-03-20,0,2,1,0,0,0,0,catch x2
44,Josh Rudge,52,66,66,2020,A Grade,9930,14,2021-02-13,8671,7bdea8bb-397d-41c1-8bbb-2a501ef29e24,2021-02-13,0,1,1,0,0,0,0,catch x1
44,Josh Rudge,52,66,66,2020,A Grade,9933,,2021-03-27,8820,464fc964-5be4-4214-a991-45221d9ab3e6,2021-03-27,0,1,1,0,0,0,0,catch x1
44,Josh Rudge,52,66,66,2020,A Grade,9938,8,2020-12-12,8494,f17cd99c-5461-4cf3-ab8b-93bfce75ab21,2020-12-12,0,1,1,0,0,0,0,catch x1
44,Josh Rudge,52,66,66,2020,A Grade,9939,10,2021-01-09,8554,8baef433-44b0-461a-b868-b5334f7031fc,2021-01-09,0,2,1,0,0,0,0,catch x2
44,Josh Rudge,52,66,66,2020,A Grade,9940,2,2020-10-31,8298,5e6a9f67-d361-4b56-b63d-bb52aaa16e28,2020-10-31,0,1,1,0,0,0,2,catch x1 | run out x2
44,Josh Rudge,52,66,66,2020,A Grade,9946,3,2020-11-07,8330,147417eb-c43b-4b67-abed-fac714d4d0e3,2020-11-07,0,1,1,0,0,0,0,catch x1
44,Josh Rudge,52,66,66,2020,PPL,10007,,2021-02-24,8735,c4073123-529f-4344-8420-9c0aa83c5eaf,2021-02-24,0,1,1,0,0,0,0,catch x1
44,Josh Rudge,52,66,66,2021,A Grade,10008,9,2021-12-04,9052,fb47955b-a3a6-46c1-8965-35e0499a1067,2021-12-04,0,1,1,0,0,0,0,catch x1
44,Josh Rudge,52,66,66,2021,A Grade,10009,7,2021-11-20,8990,9232b8f7-a3b0-4dd5-a7c4-3be7fbc5b8cd,2021-11-20,0,1,1,0,0,0,0,catch x1
44,Josh Rudge,52,66,66,2021,A Grade,10010,16,2022-02-12,9243,782ae569-a140-43c4-a787-3cc7bf0f9d53,2022-02-12,0,1,1,0,0,0,0,catch x1
44,Josh Rudge,52,66,66,2021,A Grade,10011,4,2021-10-30,8907,78ae622f-7f48-458d-824a-58104082b75e,2021-10-30,0,1,1,0,0,0,0,catch x1
44,Josh Rudge,52,66,66,2021,A Grade,10014,17,2022-02-19,9273,a090dd55-a7ac-4a25-b7a2-79afe332e633,2022-02-19,0,1,1,0,0,0,0,catch x1
44,Josh Rudge,52,66,66,2021,A Grade,10016,10,2021-12-11,9079,a7fbe112-1f97-4269-86bf-95b5cce99349,2021-12-11,0,1,1,0,0,0,0,catch x1
44,Josh Rudge,52,66,66,2021,A Grade,10017,2,2021-10-16,8851,e3b41636-069c-443f-b05f-9b02202a05c9,2021-10-16,0,2,1,0,0,0,0,catch x2
44,Josh Rudge,52,66,66,2021,A Grade,10019,8,2021-11-27,9023,792d0875-1c5c-49a5-b5da-a703c6b41c6c,2021-11-27,0,1,1,0,0,0,0,catch x1
44,Josh Rudge,52,66,66,2021,A Grade,10023,1,2021-10-09,8829,d3947eb0-6e83-4b9a-b03d-d0eee238d8cd,2021-10-09,0,1,1,0,0,0,0,catch x1
44,Josh Rudge,52,66,66,2021,A Grade,10027,12,2022-01-08,9138,100e0b05-faa9-478a-b8cd-eee425253ff8,2022-01-08,0,1,1,0,0,0,0,catch x1
44,Josh Rudge,52,66,66,2021,PPL,10115,1,2021-11-17,8988,c3df1da6-48b8-4011-b165-8c4298f49115,2021-11-17,0,1,1,0,0,0,0,catch x1
44,Josh Rudge,52,66,66,2022,A Grade,10119,14,2023-01-28,9726,7c4874c3-498a-4b88-ae9c-3514db99ebfd,2023-01-28,0,2,1,0,0,0,0,catch x2
44,Josh Rudge,52,66,66,2022,PPL,10233,1,2022-10-26,9430,510c3cbe-14c1-4b7d-aab8-9a22618cf6f4,2022-10-26,0,1,1,0,0,0,0,catch x1
44,Josh Rudge,52,66,66,2023,A Grade,11764,9,2023-12-02,10123,8c91bebc-bfbd-4385-973b-05bc55721b1c,2023-12-02,0,1,1,0,0,0,0,catch x1
44,Josh Rudge,52,66,66,2023,A Grade,11765,,2024-03-10,10421,39b291d2-27c9-43c9-b539-06ee76ca04a9,2024-03-10,0,2,1,0,0,0,0,catch x2
44,Josh Rudge,52,66,66,2023,A Grade,11769,1,2023-10-07,9886,7a7592f0-6426-423b-a5ba-3b1659be7abb,2023-10-07,0,1,1,0,0,0,0,catch x1
44,Josh Rudge,52,66,66,2023,A Grade,11771,14,2024-02-03,10270,f6c5b3cb-f83a-413b-a4bd-6e529d003c5f,2024-02-03,0,1,1,0,0,0,0,catch x1
44,Josh Rudge,52,66,66,2023,A Grade,11774,4,2023-10-28,9970,b6cdd5c3-f9f8-4ffa-9a04-8bf09fe64995,2023-10-28,0,2,1,0,0,0,0,catch x2
44,Josh Rudge,52,66,66,2023,A Grade,11775,,2024-03-09,10410,3cafad47-eba9-41c7-be25-a7ebd1586c24,2024-03-09,0,1,1,0,0,0,0,catch x1
44,Josh Rudge,52,66,66,2023,A Grade,11776,16,2024-02-17,10333,5367b5ea-e8c3-404f-a0e5-b554271fec11,2024-02-17,0,2,1,0,0,0,0,catch x2
44,Josh Rudge,52,66,66,2023,A Grade,11777,3,2023-10-21,9938,1991f32b-637f-4ed6-8667-bf25fe32d6cd,2023-10-21,0,1,1,0,0,0,0,catch x1
44,Josh Rudge,52,66,66,2023,A Grade,11779,13,2024-01-20,10238,0f706374-7687-4c70-b4ff-c66e7c53bde2,2024-01-20,0,1,1,0,0,0,0,catch x1
44,Josh Rudge,52,66,66,2023,A Grade,11784,18,2024-03-02,10388,a06ea073-7751-474e-906b-f752ac4233bf,2024-03-02,0,2,1,0,0,0,0,catch x2
44,Josh Rudge,52,66,66,2023,PPL,11869,1,2023-10-24,9966,c517c2a0-9fee-40c2-a572-2820aad7bde7,2023-10-24,0,1,1,0,0,0,0,catch x1
44,Josh Rudge,52,66,66,2024,A Grade,11661,7,2024-11-23,10608,ceb85088-0f9e-41b8-8f0d-027799692c94,2024-11-23,0,1,1,0,0,0,0,catch x1
44,Josh Rudge,52,66,66,2024,A Grade,11662,16,2025-02-15,10865,251960f7-8a7e-4156-a65f-03cf00c70b0d,2025-02-15,0,2,1,0,0,0,0,catch x2
44,Josh Rudge,52,66,66,2024,A Grade,11663,5,2024-11-09,10548,2caa3809-f3b9-4f4d-87df-078152328379,2024-11-09,0,1,1,0,0,0,0,catch x1
44,Josh Rudge,52,66,66,2024,A Grade,11664,,2025-03-22,10965,8db3a493-4710-4bf2-808a-1dcdb6169653,2025-03-22,0,1,1,0,0,0,0,catch x1
44,Josh Rudge,52,66,66,2024,A Grade,11665,15,2025-02-08,10837,af297343-2642-4316-9582-28e0f0bc8934,2025-02-08,0,1,1,0,0,0,0,catch x1
44,Josh Rudge,52,66,66,2024,A Grade,11669,12,2025-01-11,10749,8d6b42f7-d172-4f1b-b72c-870bfcf449c1,2025-01-11,0,2,1,0,0,0,1,catch x2 | run out x1
44,Josh Rudge,52,66,66,2024,A Grade,11671,1,2024-10-12,10435,4d4c4944-3313-4859-b0fe-95b06f21f47b,2024-10-12,0,2,1,0,0,0,0,catch x2
44,Josh Rudge,52,66,66,2024,A Grade,11675,18,2025-03-01,10924,0277c242-5588-4792-a111-d52ef88f0d0a,2025-03-01,0,2,1,0,0,0,0,catch x2
44,Josh Rudge,52,66,66,2024,A Grade,11678,,2025-03-08,10947,34009b1d-7943-4701-91e3-ed5ab868fc0f,2025-03-08,0,1,1,0,0,0,0,catch x1
44,Josh Rudge,52,66,66,2025,A Grade,11513,2,2025-10-11,10997,36034fa2-724e-40d8-9c40-2a45d0ecb74e,2025-10-11,0,1,1,0,0,0,0,catch x1
44,Josh Rudge,52,66,66,2025,A Grade,11515,,2026-03-21,11599,2c09d904-60cc-4468-8011-3fb95c40831d,2026-03-21,0,1,1,0,0,0,0,catch x1
44,Josh Rudge,52,66,66,2025,A Grade,11522,5,2025-11-01,11102,ead827c4-dc3e-458e-829d-7737c5951324,2025-11-01,0,2,1,0,0,0,0,catch x2
44,Josh Rudge,52,66,66,2025,A Grade,11523,6,2025-11-08,11133,2181a00e-704d-4af3-8a6d-7cf29a86f6f3,2025-11-08,0,1,1,0,0,0,0,catch x1
4,Matthew Guyton,57,64,64,2003,A Grade,11485,4,2003-11-01,563,265e3ecd-cb6b-4c2b-951e-37a8ee953579,2003-11-01,0,1,1,0,0,0,0,catch x1
4,Matthew Guyton,57,64,64,2003,A Grade,11497,18,2004-02-28,816,df45584a-fc8e-47f4-9251-ca7d78d9aa5b,2004-02-28,0,1,1,0,0,0,0,catch x1
4,Matthew Guyton,57,64,64,2003,A Grade,11499,9,2003-12-06,651,f7499f55-fd24-4e8a-9d7a-df2e24ae835e,2003-12-06,0,1,1,0,0,0,0,catch x1
4,Matthew Guyton,57,64,64,2003,A Grade,11501,1,2003-10-11,515,f2599644-982e-4632-87a7-ff7037fb342c,2003-10-11,0,1,1,0,0,0,0,catch x1
4,Matthew Guyton,57,64,64,2005,C Grade,11407,5,2005-11-12,1253,af077075-a390-4db5-8cf0-c16df36bebaa,2005-11-12,0,1,1,0,0,0,0,catch x1
4,Matthew Guyton,57,64,64,2005,C Grade,11408,10,2005-12-17,1359,27737ceb-f334-49e0-a60c-db54e0d9112d,2005-12-17,0,2,1,0,0,0,0,catch x2
4,Matthew Guyton,57,64,64,2006,A Grade,11284,,2007-03-17,1928,a5d04300-21b9-4133-8596-68cd707d7d2b,2007-03-17,0,1,1,0,0,0,0,catch x1
4,Matthew Guyton,57,64,64,2006,A Grade,11287,11,2007-01-06,1740,8ff287eb-17ef-4b18-9f05-7ec88d70db84,2007-01-06,0,1,1,0,0,0,0,catch x1
4,Matthew Guyton,57,64,64,2006,B Grade,11299,9,2006-12-16,1704,ec8869bd-3085-4441-90b1-0a130a72d545,2006-12-16,0,2,1,0,0,0,0,catch x2
4,Matthew Guyton,57,64,64,2006,B Grade,11311,3,2006-11-04,1593,7498299a-5b1a-4c50-8c5d-76b56395a5c0,2006-11-04,0,1,1,0,0,0,0,catch x1
4,Matthew Guyton,57,64,64,2006,C Grade,11318,2,2006-10-28,1578,11331abd-bc8f-40d3-ac35-1179de1f7859,2006-10-28,0,1,1,0,0,0,0,catch x1
4,Matthew Guyton,57,64,64,2006,C Grade,11324,1,2006-10-21,1557,8c379bf4-69ec-42ce-b040-2371e561771a,2006-10-21,0,1,1,0,0,0,0,catch x1
4,Matthew Guyton,57,64,64,2006,C Grade,11326,7,2006-12-02,1672,7c7e1b1e-149b-4076-a1c5-506d6fe09dd6,2006-12-02,0,1,1,0,0,0,0,catch x1
4,Matthew Guyton,57,64,64,2008,A Grade,11133,16,2009-02-14,2624,367a6e54-b89d-4ff3-9a16-6dccb1df5949,2009-02-14,0,1,1,0,0,0,0,catch x1
4,Matthew Guyton,57,64,64,2008,A Grade,11141,18,2009-03-07,2666,3b4021fe-9650-42c2-8886-05c6325c1646,2009-03-07,0,1,1,0,0,0,0,catch x1
4,Matthew Guyton,57,64,64,2008,A Grade,11145,15,2009-02-07,2604,ef6ba9e3-33ff-4b72-afde-2842dd1fdb12,2009-02-07,0,1,1,0,0,0,0,catch x1
4,Matthew Guyton,57,64,64,2008,A Grade,11148,17,2009-02-21,2646,5235d31c-1fcc-47ff-80a0-39096560f0eb,2009-02-21,0,1,1,0,0,0,0,catch x1
4,Matthew Guyton,57,64,64,2008,A Grade,11151,11,2008-12-20,2521,e1fd0d3c-146c-4fc3-8934-59b5cb33c0ef,2008-12-20,0,1,1,0,0,0,0,catch x1
4,Matthew Guyton,57,64,64,2008,A Grade,11157,10,2008-12-13,2501,a4239bdc-3dc1-43fa-941c-bc3b86785d0d,2008-12-13,0,1,1,0,0,0,0,catch x1
4,Matthew Guyton,57,64,64,2010,B Grade,10978,17,2011-02-26,3590,d3e0c9c5-76c8-4fc8-9e03-615102672d74,2011-02-26,0,1,1,0,0,0,0,catch x1
4,Matthew Guyton,57,64,64,2010,B Grade,10980,9,2010-12-04,3382,bdf90111-df37-407e-9d48-9935b0e5b7cc,2010-12-04,0,1,1,0,0,0,0,catch x1
4,Matthew Guyton,57,64,64,2010,B Grade,10986,1,2010-10-09,3174,91b30413-870d-49a8-8878-b87962fef249,2010-10-09,0,2,1,0,0,0,0,catch x2
4,Matthew Guyton,57,64,64,2011,B Grade,10882,2,2011-10-15,3682,7c80308e-d953-4013-bdac-3501647a6c53,2011-10-15,0,1,1,0,0,0,0,catch x1
4,Matthew Guyton,57,64,64,2012,D Grade,10802,8,2012-12-01,4353,8a5861ce-a940-44c8-b2f3-10b147e8de81,2012-12-01,0,1,1,0,0,0,1,catch x1 | run out x1
4,Matthew Guyton,57,64,64,2012,D Grade,10806,2,2012-10-20,4197,c76d32c6-6d5a-4aba-a17c-525fddb140eb,2012-10-20,0,1,1,0,0,0,0,catch x1
4,Matthew Guyton,57,64,64,2012,D Grade,10812,,2013-03-23,4639,9ed3d6ea-9e56-4160-a6f7-8afbe2b4d248,2013-03-23,0,2,1,0,0,0,0,catch x2
4,Matthew Guyton,57,64,64,2012,D Grade,10819,14,2013-02-02,4513,f496e4fe-6f25-419c-93c6-f16ff305e393,2013-02-02,0,1,1,0,0,0,0,catch x1
4,Matthew Guyton,57,64,64,2013,C Grade,10279,5,2013-11-09,4767,3f818b3c-0be8-4898-944d-8308609ce3f3,2013-11-09,0,1,1,0,0,0,0,catch x1
4,Matthew Guyton,57,64,64,2013,C Grade,10282,4,2013-11-02,4743,bcb41c67-6d92-48ad-a9bd-975aeb4cfdb1,2013-11-02,0,1,1,0,0,0,0,catch x1
4,Matthew Guyton,57,64,64,2014,D Grade,10408,18,2015-03-07,5633,8ddffd4b-da07-45ee-abf1-9c77dd4203b9,2015-03-07,0,1,1,0,0,0,0,catch x1
4,Matthew Guyton,57,64,64,2015,C Grade,10476,13,2016-01-16,6009,3004f0f9-5ebb-45fb-8dc6-056c62fc4062,2016-01-16,0,1,1,0,0,0,0,catch x1
4,Matthew Guyton,57,64,64,2015,C Grade,10480,8,2015-11-28,5874,ec5a9efe-9b96-4300-9a49-39ce90486272,2015-11-28,0,1,1,0,0,0,0,catch x1
4,Matthew Guyton,57,64,64,2015,C Grade,10485,3,2015-10-24,5725,00341371-ca43-4d14-9825-6bda3e657e5d,2015-10-24,0,1,1,0,0,0,0,catch x1
4,Matthew Guyton,57,64,64,2015,C Grade,10486,4,2015-10-31,5752,29ad7ea1-df1c-4753-b0df-6fcf95b22187,2015-10-31,0,1,1,0,0,0,0,catch x1
4,Matthew Guyton,57,64,64,2017,C Grade,10713,17,2018-02-24,7177,a1702641-9926-4494-a0a9-69ce776d3961,2018-02-24,0,1,1,0,0,0,1,catch x1 | run out x1
4,Matthew Guyton,57,64,64,2018,A Grade,9832,9,2018-12-01,7449,939bcabb-4ae6-409c-b2dc-87be1b2241f1,2018-12-01,0,1,1,0,0,0,0,catch x1
4,Matthew Guyton,57,64,64,2019,D Grade,9909,15,2020-02-08,8156,166f1063-65a8-4ba6-a940-c84cea100719,2020-02-08,0,1,1,0,0,0,0,catch x1
4,Matthew Guyton,57,64,64,2020,B Grade,9950,9,2021-01-09,8563,83aad566-b491-41ba-a4f0-57c5883bfdc0,2021-01-09,0,1,1,0,0,0,0,catch x1
4,Matthew Guyton,57,64,64,2021,D Grade,10058,3,2021-10-23,8892,b0874746-f6ad-47a3-ab0c-8ed9a71766d8,2021-10-23,0,1,1,0,0,0,0,catch x1
4,Matthew Guyton,57,64,64,2021,D Grade,10059,,2022-03-26,9347,5a0b305d-a7c9-4d70-9dd7-93b84a57e225,2022-03-26,0,1,1,0,0,0,0,catch x1
4,Matthew Guyton,57,64,64,2021,D Grade,10060,4,2021-10-30,8921,a749244a-24e0-4806-a4a0-a2dfc5018e55,2021-10-30,0,1,1,0,0,0,0,catch x1
4,Matthew Guyton,57,64,64,2021,D Grade,10062,1,2021-10-09,8842,5fd0118f-eb8a-4066-9b5e-df938dd643bc,2021-10-09,0,1,1,0,0,0,0,catch x1
4,Matthew Guyton,57,64,64,2023,B Grade,11799,10,2024-02-03,10275,e088c4f1-25cf-44cb-bce1-0dcc60fef593,2024-02-03,0,1,1,0,0,0,0,catch x1
4,Matthew Guyton,57,64,64,2023,B Grade,11805,5,2023-11-04,10005,27972420-f832-4262-bcd6-6a26f5dfffb3,2023-11-04,0,1,1,0,0,0,0,catch x1
4,Matthew Guyton,57,64,64,2024,E Grade,11711,2,2024-10-19,10469,fd9c7f02-736f-4fc2-b579-7832a73607cd,2024-10-19,0,1,1,0,0,0,0,catch x1
4,Matthew Guyton,57,64,64,2024,E Grade,11716,13,2025-02-22,10911,41894c7b-8c15-459b-8d40-ae15046cdfa7,2025-02-22,0,2,1,0,0,0,0,catch x2
4,Matthew Guyton,57,64,64,2024,E Grade,11756,3,2024-12-14,10716,b8ca745a-d211-4f2a-bc83-50609995282f,2024-12-14,0,1,1,0,0,0,0,catch x1
4,Matthew Guyton,57,64,64,2025,E Grade,11577,3,2025-10-18,11045,9c343157-71e1-474b-bf71-397bd79e0834,2025-10-18,0,1,1,0,0,0,0,catch x1
4,Matthew Guyton,57,64,64,2025,E Grade,11578,9,2026-01-17,11386,af054a85-2779-4506-91c7-4f9e80b30d1d,2026-01-17,0,1,1,0,0,0,0,catch x1
4,Matthew Guyton,57,64,64,2025,E Grade,11582,7,2025-11-15,11190,6e265acc-7306-420e-bc23-603a2b8099c9,2025-11-15,0,2,1,0,0,0,0,catch x2
4,Matthew Guyton,57,64,64,2025,E Grade,11584,8,2026-01-10,11356,b95cd8c3-c338-46fd-b2fd-8760a883200c,2026-01-10,0,1,1,0,0,0,0,catch x1
4,Matthew Guyton,57,64,64,2025,E Grade,11585,6,2025-11-08,11151,941a29f6-c250-42e8-ac0a-aa3fe2150afb,2025-11-08,0,1,1,0,0,0,0,catch x1
4,Matthew Guyton,57,64,64,2025,E Grade,11586,13,2026-02-21,11523,a77b67fb-7b5a-47ba-bbbe-b174bdf9e039,2026-02-21,0,1,1,0,0,0,0,catch x1
4,Matthew Guyton,57,64,64,2025,E Grade,11587,5,2025-11-01,11118,b557ff2f-5d82-40cf-bdbc-db28bd6ca6f5,2025-11-01,0,1,1,0,0,0,0,catch x1
4,Matthew Guyton,57,64,64,2025,E Grade,11588,11,2026-02-07,11453,a9a447d1-a86c-4d2a-81c6-eefee7189783,2026-02-07,0,1,1,0,0,0,0,catch x1
4,Matthew Guyton,57,64,64,2025,E Grade,11589,,2026-03-07,11583,5574322f-4a8c-4d6d-b40b-fbb26446d643,2026-03-07,0,2,1,0,0,0,0,catch x2
4,Matthew Guyton,57,64,64,2025,E Grade,11626,,2025-12-20,11328,836d0f6f-6001-43e9-bef4-6db93b9ff280,2025-12-20,0,1,1,0,0,0,0,catch x1
