scope,player_id,name,grade,native_games,hybrid_games,delta_games,native_innings,hybrid_innings,delta_innings,native_runs,hybrid_runs,delta_runs,native_wickets,hybrid_wickets,delta_wickets,native_catches,hybrid_catches,delta_catches,native_high_score,hybrid_high_score,high_score_changed,native_best_bowling,hybrid_best_bowling,best_bowling_changed,reasons,components,hidden_after_cutover_private,notes
player,47,Dan Howell,ALL,202,151,-51,171,119,-52,2277,1382,-895,256,233,-23,54,56,2,121,121,0,5/18,5/18,0,games_rule; catches_rule; baseline_peel; unexplained,games_rule: games +13 | catches_rule: catches +19 | baseline_peel: games -11 catches -17 | unexplained: games -53 innings -52 runs -895 wickets -23,0,
player,123,Mitchell Felton,ALL,187,201,14,69,69,0,300,300,0,249,249,0,37,45,8,30,30,0,5/9,5/9,0,games_rule; catches_rule; baseline_peel; unexplained,games_rule: games +14 | catches_rule: catches +34 | baseline_peel: games -12 innings -7 runs -21 wickets -13 catches -26 | unexplained: games +12 innings +7 runs +21 wickets +13,0,central files some A Grade matches as PPL
player,18,Jason Young,ALL,202,213,11,176,176,0,4127,4127,0,150,150,0,54,64,10,148,148,0,5/11,5/11,0,games_rule; catches_rule; baseline_peel; unexplained,games_rule: games +11 | catches_rule: catches +51 | baseline_peel: games -7 innings -7 runs -173 wickets -10 catches -41 | unexplained: games +7 innings +7 runs +173 wickets +10,0,
player,9,Grant Matthews,ALL,273,281,8,272,271,-1,5290,5285,-5,210,208,-2,38,43,5,103,103,0,6/55,6/55,0,games_rule; catches_rule; baseline_peel; unexplained,games_rule: games +10 | catches_rule: catches +28 | baseline_peel: games -10 innings -9 runs -222 wickets -6 catches -23 | unexplained: games +8 innings +8 runs +217 wickets +4,0,central files some A Grade matches as PPL
player,30,Scott Martin,ALL,196,208,12,143,143,0,1692,1692,0,274,274,0,42,48,6,55,55,0,6/39,6/39,0,games_rule; catches_rule; baseline_peel; grade_reclassified; unexplained,games_rule: games +12 | catches_rule: catches +39 | baseline_peel: games -2 innings -2 runs -35 catches -36 | grade_reclassified: catches +3 | unexplained: games +2 innings +2 runs +35,0,central files some A Grade matches as PPL
player,23,Jarod Little,ALL,203,211,8,155,155,0,1779,1779,0,2,2,0,161,172,11,77,77,0,1/12,1/12,0,games_rule; catches_rule; baseline_peel; unexplained,games_rule: games +8 | catches_rule: catches +160 | baseline_peel: games -5 innings -4 runs -46 catches -149 | unexplained: games +5 innings +4 runs +46,0,
player,28,Wesley Naidoo,ALL,216,220,4,173,173,0,1868,1868,0,273,273,0,45,64,19,89*,89*,0,4/9,4/9,0,extra_central_match; games_rule; catches_rule; baseline_peel; unexplained,extra_central_match: games +1 | games_rule: games +5 | catches_rule: catches +59 | baseline_peel: games -12 innings -8 runs -27 wickets -19 catches -40 | unexplained: games +10 innings +8 runs +27 wickets +19,0,
player,27,Anthony Brokate,ALL,195,207,12,97,97,0,879,879,0,317,317,0,47,47,0,75,75,0,6/24,6/24,0,games_rule; catches_rule; baseline_peel; unexplained,games_rule: games +12 | catches_rule: catches +3 | baseline_peel: games -2 wickets -4 catches -3 | unexplained: games +2 wickets +4,0,central files some A Grade matches as PPL
player,32,Ryan Burns,ALL,167,177,10,164,164,0,4092,4111,19,1,1,0,76,76,0,124*,124*,0,1/16,1/16,0,games_rule; baseline_peel; unexplained,games_rule: games +11 | baseline_peel: games -15 innings -14 runs -339 | unexplained: games +14 innings +14 runs +358,0,central files some A Grade matches as PPL
player,70,James Skeels,ALL,118,119,1,105,105,0,1595,1595,0,0,0,0,14,33,19,74,74,0,,,0,extra_central_match; games_rule; catches_rule; baseline_peel; unexplained,extra_central_match: games +1 | games_rule: games +1 | catches_rule: catches +33 | baseline_peel: catches -14 | unexplained: games -1,0,
player,12,Peter Boyce,ALL,255,265,10,190,190,0,2100,2100,0,435,435,0,70,70,0,78*,78*,0,8/19,8/19,0,games_rule; catches_rule; baseline_peel; unexplained,games_rule: games +10 | catches_rule: catches +3 | baseline_peel: games -12 innings -12 runs -82 wickets -23 catches -3 | unexplained: games +12 innings +12 runs +82 wickets +23,0,central files some A Grade matches as PPL
player,35,Ben Finlay,ALL,161,167,6,139,139,0,2288,2288,0,104,106,2,35,35,0,216,216,0,5/2,5/2,0,games_rule; baseline_peel; unexplained,games_rule: games +7 | baseline_peel: games -7 innings -6 runs -67 wickets -1 | unexplained: games +6 innings +6 runs +67 wickets +3,0,central files some A Grade matches as PPL
player,40,Angus Kent,ALL,142,148,6,135,135,0,2758,2758,0,50,50,0,35,43,8,94*,94*,0,4/15,4/15,0,games_rule; catches_rule; baseline_peel; unexplained,games_rule: games +6 | catches_rule: catches +36 | baseline_peel: games -21 innings -21 runs -237 wickets -6 catches -28 | unexplained: games +21 innings +21 runs +237 wickets +6,0,
player,17,Cameron Lucas,ALL,210,219,9,179,179,0,2730,2730,0,210,210,0,65,66,1,81,81,0,6/17,6/17,0,games_rule; catches_rule; baseline_peel; unexplained,games_rule: games +9 | catches_rule: catches +33 | baseline_peel: games -9 innings -9 runs -145 wickets -19 catches -32 | unexplained: games +9 innings +9 runs +145 wickets +19,0,central files some A Grade matches as PPL
player,11,Kyle Jeffrey,ALL,255,263,8,151,151,0,1594,1594,0,330,330,0,66,68,2,55*,55*,0,5/19,5/19,0,games_rule; catches_rule; baseline_peel; grade_reclassified; unexplained,games_rule: games +9 | catches_rule: catches +58 | baseline_peel: games -21 innings -13 runs -69 wickets -37 catches -58 | grade_reclassified: catches +2 | unexplained: games +20 innings +13 runs +69 wickets +37,0,central files some A Grade matches as PPL
player,60,Levi Muller,ALL,132,139,7,130,130,0,2640,2640,0,10,10,0,19,22,3,108*,108*,0,4/43,4/43,0,games_rule; catches_rule; baseline_peel; unexplained,games_rule: games +7 | catches_rule: catches +20 | baseline_peel: games -3 innings -3 runs -44 catches -17 | unexplained: games +3 innings +3 runs +44,0,central files some A Grade matches as PPL
player,56,Michael Chappell,ALL,131,137,6,120,120,0,2404,2404,0,99,99,0,47,51,4,96*,96*,0,5/19,5/19,0,games_rule; catches_rule; baseline_peel; grade_reclassified; unexplained,games_rule: games +6 | catches_rule: catches +36 | baseline_peel: games -14 innings -14 runs -207 wickets -19 catches -33 | grade_reclassified: catches +1 | unexplained: games +14 innings +14 runs +207 wickets +19,0,central files some A Grade matches as PPL
player,2,Dale Burns,ALL,369,376,7,338,338,0,10985,10985,0,387,387,0,129,129,0,174*,174*,0,6/19,6/19,0,games_rule; catches_rule; baseline_peel; unexplained,games_rule: games +15 | catches_rule: catches +11 | baseline_peel: games -10 innings -2 runs -77 wickets -1 catches -11 | unexplained: games +2 innings +2 runs +77 wickets +1,0,
player,38,Corbin Little,ALL,146,151,5,118,118,0,1402,1402,0,161,161,0,11,15,4,64,64,0,5/7,5/7,0,games_rule; catches_rule; baseline_peel; unexplained,games_rule: games +5 | catches_rule: catches +12 | baseline_peel: games -1 innings -1 catches -8 | unexplained: games +1 innings +1,0,
player,41,Elliot Foote,ALL,146,153,7,133,133,0,2150,2150,0,70,70,0,37,37,0,67,67,0,6/16,6/16,0,games_rule; catches_rule; baseline_peel; unexplained,games_rule: games +7 | catches_rule: catches +19 | baseline_peel: games -19 innings -19 runs -329 wickets -3 catches -19 | unexplained: games +19 innings +19 runs +329 wickets +3,0,
player,139,Brendan Chappell,ALL,59,65,6,46,47,1,501,501,0,59,59,0,12,14,2,75,75,0,3/7,3/7,0,games_rule; catches_rule; baseline_peel; unexplained,games_rule: games +3 | catches_rule: catches +3 | baseline_peel: games -9 innings -7 runs -32 wickets -7 catches -1 | unexplained: games +12 innings +8 runs +32 wickets +7,0,
player,239,Noah Frunks,ALL,31,33,2,19,20,1,189,189,0,23,23,0,4,13,9,52,52,0,5/29,5/29,0,extra_central_match; games_rule; catches_rule; baseline_peel; figures_differ; unexplained,extra_central_match: games +1 wickets +1 catches +2 | games_rule: games +2 | catches_rule: catches +11 | baseline_peel: catches -4 | figures_differ: innings +1 | unexplained: games -1 wickets -1,0,
player,248,Samuel Evans,ALL,27,30,3,27,29,2,714,740,26,15,15,0,7,7,0,85,85,0,5/22,5/22,0,games_rule; catches_rule; baseline_peel; unexplained,games_rule: games +1 | catches_rule: catches +3 | baseline_peel: games -2 innings -2 runs -49 catches -3 | unexplained: games +4 innings +4 runs +75,0,central files some A Grade matches as PPL
player,94,Craig Ford,ALL,98,101,3,83,83,0,1633,1633,0,44,44,0,13,18,5,103,103,0,5/25,5/25,0,extra_central_match; games_rule; catches_rule; baseline_peel; unexplained,extra_central_match: games +1 | games_rule: games +3 | catches_rule: catches +16 | baseline_peel: catches -11 | unexplained: games -1,0,
player,55,Damian Billing,ALL,120,125,5,114,114,0,3152,3152,0,8,8,0,21,21,0,165,165,0,2/25,2/25,0,games_rule; baseline_peel; unexplained,games_rule: games +5 | baseline_peel: games -15 innings -15 runs -311 | unexplained: games +15 innings +15 runs +311,0,
player,73,Lewis Starbuck,ALL,105,110,5,52,52,0,232,232,0,151,151,0,22,22,0,32,32,0,5/11,5/11,0,games_rule; catches_rule; baseline_peel; unexplained,games_rule: games +5 | catches_rule: catches +4 | baseline_peel: games -1 wickets -5 catches -4 | unexplained: games +1 wickets +5,0,central files some A Grade matches as PPL
player,121,Jett Demmery,ALL,70,73,3,33,33,0,154,154,0,67,67,0,13,16,3,21*,21*,0,4/13,4/13,0,extra_central_match; games_rule; catches_rule; baseline_peel; unexplained,extra_central_match: games +1 wickets +3 catches +1 | games_rule: games +3 | catches_rule: catches +15 | baseline_peel: catches -13 | unexplained: games -1 wickets -3,0,
player,16,Leigh Burns,ALL,230,234,4,222,222,0,6736,6736,0,10,10,0,99,99,0,126,126,0,2/3,2/3,0,games_rule; baseline_peel; unexplained,games_rule: games +8 | baseline_peel: games -5 innings -1 runs -6 | unexplained: games +1 innings +1 runs +6,0,
player,162,Declan Chappell,ALL,53,57,4,50,50,0,772,772,0,4,4,0,21,21,0,55,55,0,3/13,3/13,0,games_rule; catches_rule; baseline_peel; unexplained,games_rule: games +4 | catches_rule: catches +10 | baseline_peel: games -19 innings -18 runs -313 catches -10 | unexplained: games +19 innings +18 runs +313,0,
player,188,Joel Evans,ALL,41,45,4,40,40,0,1141,1141,0,9,9,0,12,12,0,109,109,0,5/37,5/37,0,games_rule; catches_rule; baseline_peel; unexplained,games_rule: games +4 | catches_rule: catches +8 | baseline_peel: games -1 innings -1 catches -8 | unexplained: games +1 innings +1,0,central files some A Grade matches as PPL
player,88,Zachary Dreckow,ALL,97,98,1,74,74,0,1097,1097,0,87,87,0,6,11,5,81*,81*,0,4/7,4/7,0,extra_central_match; games_rule; catches_rule; baseline_peel; unexplained,extra_central_match: games +2 | games_rule: games +1 | catches_rule: catches +11 | baseline_peel: catches -6 | unexplained: games -2,0,
player,247,Joe Phillips,ALL,30,30,0,14,14,0,68,68,0,47,47,0,6,13,7,20,20,0,10/22,6/7,1,extra_central_match; catches_rule; baseline_peel; unexplained,extra_central_match: games +1 wickets +2 | catches_rule: catches +13 | baseline_peel: catches -6 | unexplained: games -1 wickets -2,0,
player,322,Angus Moseley,ALL,21,21,0,19,20,1,168,168,0,6,6,0,8,15,7,24,24,0,3/15,3/15,0,extra_central_match; catches_rule; baseline_peel; figures_differ; unexplained,extra_central_match: games +1 catches +3 | catches_rule: catches +12 | baseline_peel: catches -8 | figures_differ: innings +1 | unexplained: games -1,0,
player,555,Shawn Pretorius,ALL,5,6,1,5,6,1,62,70,8,3,3,0,0,3,3,39,39,0,3/3,3/3,0,catches_rule; unexplained,catches_rule: catches +3 | unexplained: games +1 innings +1 runs +8,0,
player,84,Dustin Robinson,ALL,111,114,3,97,97,0,1519,1519,0,20,20,0,16,16,0,56,56,0,4/33,4/33,0,games_rule; catches_rule; baseline_peel; unexplained,games_rule: games +4 | catches_rule: catches +1 | baseline_peel: games -10 innings -9 runs -213 wickets -10 catches -1 | unexplained: games +9 innings +9 runs +213 wickets +10,0,
player,128,Reid Klopper,ALL,69,71,2,68,68,0,1032,1032,0,25,25,0,34,36,2,75,75,0,4/28,4/28,0,games_rule; catches_rule; baseline_peel; unexplained,games_rule: games +3 | catches_rule: catches +19 | baseline_peel: games -2 innings -1 runs -15 catches -17 | unexplained: games +1 innings +1 runs +15,0,
player,147,Peter Walsh,ALL,59,61,2,35,36,1,297,297,0,34,34,0,13,15,2,48,48,0,3/14,3/14,0,extra_central_match; games_rule; catches_rule; baseline_peel; figures_differ; unexplained,extra_central_match: games +1 catches +1 | games_rule: games +2 | catches_rule: catches +14 | baseline_peel: catches -13 | figures_differ: innings +1 | unexplained: games -1,0,
player,130,Jesse Hickman,ALL,70,72,2,50,50,0,401,401,0,88,88,0,12,13,1,38,38,0,5/56,5/56,0,games_rule; catches_rule; baseline_peel; unexplained,games_rule: games +2 | catches_rule: catches +12 | baseline_peel: games -3 innings -2 runs -14 wickets -5 catches -11 | unexplained: games +3 innings +2 runs +14 wickets +5,0,
player,233,Jeffrey Petrie,ALL,37,38,1,36,36,0,801,801,0,35,35,0,9,12,3,70,70,0,6/29,6/29,0,extra_central_match; games_rule; catches_rule; baseline_peel; unexplained,extra_central_match: games +1 innings +1 runs +35 | games_rule: games +1 | catches_rule: catches +12 | baseline_peel: catches -9 | unexplained: games -1 innings -1 runs -35,0,
player,245,Lochlan Hill,ALL,30,31,1,21,23,2,132,132,0,6,6,0,3,6,3,34,31,1,2/28,2/28,0,extra_central_match; games_rule; catches_rule; baseline_peel; figures_differ; unexplained,extra_central_match: games +1 | games_rule: games +1 | catches_rule: catches +6 | baseline_peel: catches -3 | figures_differ: innings +2 | unexplained: games -1,0,
player,278,Jason R Davey,ALL,28,29,1,23,23,0,309,309,0,0,0,0,11,14,3,41,41,0,,,0,extra_central_match; games_rule; catches_rule; baseline_peel; unexplained,extra_central_match: games +1 innings +1 runs +1 | games_rule: games +1 | catches_rule: catches +14 | baseline_peel: catches -11 | unexplained: games -1 innings -1 runs -1,0,
player,297,Dom Asson,ALL,26,26,0,13,13,0,92,92,0,16,16,0,6,11,5,20,20,0,2/10,2/10,0,extra_central_match; games_rule; catches_rule; baseline_peel; unexplained,extra_central_match: games +1 | games_rule: games +1 | catches_rule: catches +11 | baseline_peel: games -1 catches -6 | unexplained: games -1,0,
player,117,Blake Allen,ALL,79,81,2,49,49,0,366,366,0,63,63,0,15,15,0,74,74,0,5/20,5/20,0,extra_central_match; games_rule; catches_rule; baseline_peel; unexplained,extra_central_match: games +1 wickets +3 | games_rule: games +2 | catches_rule: catches +1 | baseline_peel: catches -1 | unexplained: games -1 wickets -3,0,
player,319,Will Eason,ALL,19,19,0,19,19,0,317,317,0,15,15,0,2,6,4,57*,57*,0,2/8,2/8,0,catches_rule; baseline_peel; unexplained,catches_rule: catches +6 | baseline_peel: games -1 innings -1 runs -6 catches -2 | unexplained: games +1 innings +1 runs +6,0,
player,546,Riley Arrowsmith,ALL,3,4,1,2,2,0,8,8,0,0,0,0,3,5,2,5,5,0,,,0,extra_central_match; games_rule; catches_rule; baseline_peel; unexplained,extra_central_match: games +1 | games_rule: games +1 | catches_rule: catches +5 | baseline_peel: catches -3 | unexplained: games -1,0,
player,75,Jacob Barnes,ALL,109,110,1,88,88,0,1489,1489,0,52,52,0,18,19,1,115,115,0,5/16,5/16,0,extra_central_match; games_rule; catches_rule; baseline_peel; unexplained,extra_central_match: games +1 | games_rule: games +2 | catches_rule: catches +2 | baseline_peel: games -1 catches -1 | unexplained: games -1,0,
player,267,Oscar Smith,ALL,31,31,0,28,28,0,638,638,0,26,26,0,10,12,2,71*,71*,0,5/30,5/30,0,extra_central_match; catches_rule; baseline_peel; unexplained,extra_central_match: games +1 | catches_rule: catches +12 | baseline_peel: catches -10 | unexplained: games -1,0,
player,274,Ethan White,ALL,19,20,1,16,16,0,170,170,0,5,5,0,0,0,0,61,61,0,2/23,2/23,0,games_rule; baseline_peel; unexplained,games_rule: games +1 | baseline_peel: games -1 innings -1 runs -5 | unexplained: games +1 innings +1 runs +5,0,
player,316,Lucius Hysen,ALL,22,23,1,20,20,0,353,353,0,1,1,0,7,7,0,61*,61*,0,1/6,1/6,0,extra_central_match; games_rule; catches_rule; baseline_peel; unexplained,extra_central_match: games +1 innings +1 runs +33 | games_rule: games +1 | catches_rule: catches +7 | baseline_peel: catches -7 | unexplained: games -1 innings -1 runs -33,0,
player,369,Emmett Hambley,ALL,15,16,1,13,14,1,207,207,0,4,4,0,4,4,0,65,65,0,2/19,2/19,0,extra_central_match; games_rule; figures_differ; unexplained,extra_central_match: games +1 wickets +1 | games_rule: games +1 | figures_differ: innings +1 | unexplained: games -1 wickets -1,0,
player,152,Andrew Pasco,ALL,47,47,0,24,24,0,111,111,0,51,51,0,11,12,1,45*,45*,0,4/41,4/41,0,catches_rule; baseline_peel; unexplained,catches_rule: catches +11 | baseline_peel: games -2 innings -1 wickets -4 catches -10 | unexplained: games +2 innings +1 wickets +4,0,
player,264,Luca Doyle,ALL,27,27,0,11,11,0,122,122,0,39,39,0,2,3,1,27,27,0,5/24,5/24,0,extra_central_match; catches_rule; baseline_peel; unexplained,extra_central_match: games +1 | catches_rule: catches +3 | baseline_peel: catches -2 | unexplained: games -1,0,
player,379,Sam Pendlebury,ALL,14,14,0,14,14,0,406,406,0,2,2,0,3,3,0,105*,105*,0,1/27,1/25,1,baseline_peel; unexplained,baseline_peel: games -2 innings -2 runs -25 wickets -1 | unexplained: games +2 innings +2 runs +25 wickets +1,0,
