participant_id,central_display_name,native_player_id,native_name,mapped_to_player_id,mapped_to_name,matches,first_season,last_season,grades,native_lost_games,native_lost_innings,native_lost_runs,native_lost_wickets,native_lost_catches,central_under_guid_games,central_under_guid_innings,central_under_guid_runs,central_under_guid_wickets,central_under_guid_catches,guid_total_matches,guid_total_games,guid_total_innings,guid_total_runs,guid_total_wickets,guid_total_catches
8bc46cf5-9626-49c3-82c2-74adefef8db6,H Griffiths,545,Hayze Griffiths,,,2,2025,2025,E Grade,2,0,0,0,0,2,0,0,0,1,2,2,0,0,0,1
9a48947a-29e4-47e3-b8b2-3d262cfb7bfd,K Billing,535,Kaedyn Billing,,,1,2023,2023,D Grade,1,0,0,0,0,1,0,0,0,0,2,2,0,0,0,0
f39dc157-299d-407d-b1a8-76067caa7e40,J Jones,572,Jazz Jones,,,1,2023,2023,Female A Grade,1,0,0,0,0,1,0,0,0,0,1,1,0,0,0,0
ec66d074-ad37-4e3c-82a7-8ad009b3b1c9,T Dunning,,,,,0,2013,2016,A Grade B Grade C Grade E Grade PPL,0,0,0,0,0,0,0,0,0,0,56,56,52,895,23,7
3f8be4dd-eb0e-4d79-8e2b-183889376387,(private),,,,,0,2023,2024,B Grade D Grade E Grade,0,0,0,0,0,0,0,0,0,0,23,23,18,415,0,11
00000000-0000-0000-0000-000000000001,(private),,,,,0,2019,2025,A Grade B Grade D Grade E Grade F Grade Female A Grade Female B Grade,0,0,0,0,0,0,0,0,0,0,14,14,8,84,4,0
17ffb730-3713-46e8-abb1-5a1e9b58ea78,(private),,,,,0,2023,2023,B Grade D Grade,0,0,0,0,0,0,0,0,0,0,12,12,9,110,0,3
00000000-0000-0000-0000-000000000002,(private),,,,,0,2023,2024,E Grade F Grade Female A Grade,0,0,0,0,0,0,0,0,0,0,6,6,3,63,4,1
00000000-0000-0000-0000-000000000003,(private),,,,,0,2023,2023,B Grade E Grade F Grade,0,0,0,0,0,0,0,0,0,0,4,4,3,33,2,2
00000000-0000-0000-0000-000000000004,(private),,,,,0,2023,2023,D Grade F Grade Female A Grade,0,0,0,0,0,0,0,0,0,0,3,3,2,15,1,1
261f6421-b90c-4785-96b2-53bff86988b1,Unknown,,,,,0,2004,2004,C Grade,0,0,0,0,0,0,0,0,0,0,3,3,0,0,0,0
a8d71e3a-bf55-45b8-a7ea-7d2e62b4ff97,R Pyman,,,,,0,2004,2004,C Grade,0,0,0,0,0,0,0,0,0,0,2,2,1,9,0,0
00000000-0000-0000-0000-000000000005,(private),,,,,0,2023,2023,F Grade,0,0,0,0,0,0,0,0,0,0,1,1,1,0,0,0
00000000-0000-0000-0000-000000000006,(private),,,,,0,2023,2023,F Grade,0,0,0,0,0,0,0,0,0,0,1,1,1,0,0,0
00e1ebc3-9b95-4f9b-8b36-c0adb2f1d406,M Gorman,,,,,0,2006,2006,C Grade,0,0,0,0,0,0,0,0,0,0,1,1,1,4,5,1
119c5b93-8ebb-460a-af4d-e657d911eeaa,Unknown,,,,,0,2022,2022,F Grade,0,0,0,0,0,0,0,0,0,0,1,1,0,0,0,0
3e0965e9-5b6f-44c6-a37c-c5df52f89df0,Unknown,,,,,0,2022,2022,F Grade,0,0,0,0,0,0,0,0,0,0,1,1,0,0,0,0
6ae3c861-f9b0-48e3-92d2-79ab0a905f83,Unknown,,,,,0,2022,2022,F Grade,0,0,0,0,0,0,0,0,0,0,1,1,0,0,0,0
90373151-1275-4efa-98e6-68e08e208e0c,Unknown,,,,,0,2022,2022,F Grade,0,0,0,0,0,0,0,0,0,0,1,1,0,0,0,0
f8675cc4-46e7-4b73-af7a-524d315ae12e,D Ball,,,,,0,2005,2005,C Grade,0,0,0,0,0,0,0,0,0,0,1,1,1,0,0,0
